item_id,source_id,source_name,source_class,institution_level,geography,official_status,access_model,endpoint_id,endpoint_label,content_scope,language,title,url,summary,published_at,first_seen_at,retrieved_at,categories,observation_status,seen_count
cebdc3df287679f7297e20cd,defence,Défense belge,institution,fédéral,Belgique|international,official_public,,defence_rss,Flux des actualités,actualités|communiqués,fr,Comment transformer une plage en piste d’atterrissage pour un A400M?,https://www.mil.be/fr/news/comment-transformer-une-plage-en-piste-d-atterrissage-pour-un-a400m/,"À Lakolk, au Danemark, des militaires belges ont démontré qu’un A400M pouvait opérer loin des infrastructures aéroportuaires classiques. Pendant trois jours, spécialistes du DATM, équipages du 15e Wing et para-commandos du 2e Bataillon de Commando se sont entraînés à reconnaître, préparer et exploiter une zone d’atterrissage en pleine nature: la plage.",2026-08-28T22:51:44Z,2026-08-28T13:32:06.723013Z,2026-08-28T14:03:09.351080Z,,existing,3
ca45af6a9ad0401e0f92c0f5,het_nieuwsblad,Het Nieuwsblad,news_media,national,Belgique,editorial_media,mixed_paywall,het_nieuwsblad_rss,Nieuwsfeed,actualités|presse|terrain,nl,Roots in Kazachstan en talentscout bij KRC Genk: wordt deze spits witte merel van Bocholt VV?,https://www.nieuwsblad.be/sport/sportregio/roots-in-kazachstan-en-talentscout-bij-krc-genk-wordt-deze-spits-witte-merel-van-bocholt-vv/160650362.html,"Is Oleg Cheprassov de witte merel waarnaar Bocholt VV op zoek was? De 29-jarige spits met Kazachse roots had aanvankelijk een akkoord had met Turkse Rangers, maar koos dus toch voor de vaste waarde in tweede afdeling VV. “Mijn toekomst ligt hier”, zegt Cheprassov, die intussen verloofd is en ook jeugdscout is voor KRC Genk.",2026-08-28T20:00:00Z,2026-08-28T14:03:52.325895Z,2026-08-28T14:03:17.890939Z,Sportregio,new,1
ea5c4d315cd824bf09b08c27,hln,Het Laatste Nieuws,news_media,national,Belgique,editorial_media,mixed_paywall,hln_rss,Nieuwsfeed,actualités|presse|Belgique,nl,Transfer Joel Ordonez van de baan: Club Brugge-verdediger niet snel genoeg inzetbaar volgens Crystal Palace,https://www.hln.be/club-brugge/transfer-joel-ordonez-van-de-baan-club-brugge-verdediger-niet-snel-genoeg-inzetbaar-volgens-crystal-palace~a820f527/,"De deal tussen Club Brugge en Crystal Palace over Joel Ordonez (22) gaat dan toch niet door. Na een uitgebreide medische test is de Premier League-club van oordeel dat de Equadoraan, die tijdens het WK een middenvoetsbeentje brak, niet snel genoeg inzetbaar zal zijn. Ordonez blijft tot nader order speler van de Bruggelingen.",2026-08-28T14:02:00Z,2026-08-28T14:03:52.325895Z,2026-08-28T14:03:17.439339Z,,new,1
88150cedcfb0f85433a045c8,hln,Het Laatste Nieuws,news_media,national,Belgique,editorial_media,mixed_paywall,hln_rss,Nieuwsfeed,actualités|presse|Belgique,nl,‘Grand Theft Auto VI’ doet Netflix bijna crashen en wordt grootste game ooit: wie verdient miljarden aan deze hype?,https://www.hln.be/games/grand-theft-auto-vi-doet-netflix-bijna-crashen-en-wordt-grootste-game-ooit-wie-verdient-miljarden-aan-deze-hype~a9f7aa56/,"Hollywood kan er alleen maar van dromen: een videogame die straks meer geld zal opbrengen dan de grootste bioscoopfilms. Hoewel ‘Grand Theft Auto VI’ pas op 19 november verschijnt, is de hysterie nu al ongezien. Miljoenen fans legden gisteravond Netflix bijna plat voor een exclusieve preview. Volgens analisten is dat nog maar een voorproefje van een miljardenmachine zonder voorgaande. Wie wordt rijk van de grootste hype die de gamewereld ooit heeft gekend?",2026-08-28T14:00:28Z,2026-08-28T14:03:52.325895Z,2026-08-28T14:03:17.439339Z,,new,1
cf443d8ca53ec4bf8f34df4d,hln,Het Laatste Nieuws,news_media,national,Belgique,editorial_media,mixed_paywall,hln_rss,Nieuwsfeed,actualités|presse|Belgique,nl,"VTM, Play en VRT trekken de stekker uit De Kastaars!: gezamenlijke awardshow stopt na vier edities",https://www.hln.be/showbizz/vtm-play-en-vrt-trekken-de-stekker-uit-de-kastaars-gezamenlijke-awardshow-stopt-na-vier-edities~ad0e2dbe/,"Bommetje in medialand. De Kastaars! houden op te bestaan. De uitreiking van de Vlaamse mediaprijzen, een overkoepelend initiatief van VTM, VRT en Play, valt te duur uit in een sector die steeds meer te lijden heeft onder krimpende budgetten. “De Vlaamse omroepen investeren liever rechtstreeks in makers,” zo luidt het. En dus niet in een dure awardshow.",2026-08-28T14:00:03Z,2026-08-28T14:03:52.325895Z,2026-08-28T14:03:17.439339Z,,new,1
4b82ba59a593ae6b387770e1,sudinfo,Sudinfo,news_media,région,Wallonie|Bruxelles,editorial_media,mixed_paywall,sudinfo_rss,Flux principal,actualités|presse|terrain,fr,"Un inconnu lui vole son identité, elle épouse des hommes pour les ruiner, il abat toutes les femmes de sa famille et se fait passer pour une victime…: on regarde quoi en streaming ce week-end?",https://www.sudinfo.be/id1186551/article/2026-08-28/un-inconnu-lui-vole-son-identite-elle-epouse-des-hommes-pour-les-ruiner-il-abat,"Si vous ne savez pas quoi regarder à la télévision, Ciné-Télé-Revue vous recommande sur les plateformes…",2026-08-28T14:00:00Z,2026-08-28T14:03:52.325895Z,2026-08-28T14:03:17.045284Z,Streaming,new,1
b42dadbcfd25394a5d812cca,sudinfo,Sudinfo,news_media,région,Wallonie|Bruxelles,editorial_media,mixed_paywall,sudinfo_rss,Flux principal,actualités|presse|terrain,fr,La famille royale de Belgique en deuil et personne ne le savait: le père de la princesse Claire est décédé à l’âge de 88 ans,https://www.sudinfo.be/id1186548/article/2026-08-28/la-famille-royale-de-belgique-en-deuil-et-personne-ne-le-savait-le-pere-de-la,"Nicholas Coombs est mort à l’âge de 88 ans, apprend-on trois mois après son décès. Il était le père de la princesse Claire. Le prince Aymeric lui rend hommage…",2026-08-28T13:59:45Z,2026-08-28T14:03:52.325895Z,2026-08-28T14:03:17.045284Z,Monarchie,new,1
a08df9b940c29190606b415c,gva,Gazet van Antwerpen,news_media,région,Flandre,editorial_media,mixed_paywall,gva_rss,Nieuwsfeed,actualités|presse|terrain,nl,"Bloembar Hove volgt na 35 jaar Podiumcafé De Pomp op: “Ontbijt, lunch, bloemen en leuke decoratie”",https://www.gva.be/regio/antwerpen/regio-antwerpen/hove/bloembar-hove-volgt-na-35-jaar-podiumcafe-de-pomp-op-ontbijt-lunch-bloemen-en-leuke-decoratie/160645682.html,"Na meer dan 35 jaar heeft Podiumcafé De Pomp aan de Mortselsesteenweg plaats gemaakt voor een nieuwe zaak. Voortaan komen de gasten er terecht in Bloembar Hove. “We brengen het goede concept van Vremde ook naar Hove”, zegt zaakvoerster Julie De Cock.",2026-08-28T13:58:35Z,2026-08-28T14:03:52.325895Z,2026-08-28T14:03:18.102108Z,Hove,new,1
60bc22e82081d9dad20906aa,het_nieuwsblad,Het Nieuwsblad,news_media,national,Belgique,editorial_media,mixed_paywall,het_nieuwsblad_rss,Nieuwsfeed,actualités|presse|terrain,nl,Met Ajax thuis als mooiste affiche en verste vliegreis van 1.250 km: dit zijn de tegenstanders van STVV in Europa,https://www.nieuwsblad.be/sport/sportregio/met-ajax-thuis-als-mooiste-affiche-en-verste-vliegreis-van-1.250-km-dit-zijn-de-tegenstanders-van-stvv-in-europa/160659234.html,"STVV kent zijn zes tegenstanders in de Conference League. Ajax komt naar Stayen, net als SK Brann Bergen en Iberia 1999 Tbilisi. Zelf reizen de Kanaries naar FC Midtjylland, FC Lugano en Hajduk Split. Op 15 oktober volgt het eerste duel.",2026-08-28T13:57:03Z,2026-08-28T14:03:52.325895Z,2026-08-28T14:03:17.890939Z,Sportregio,new,1
d16b50ccb2772075d109c704,hbvl,Het Belang van Limburg,news_media,région,Flandre,editorial_media,mixed_paywall,hbvl_rss,Nieuwsfeed,actualités|presse|terrain,nl,Met Ajax thuis als mooiste affiche en verste vliegreis van 1.250 km: dit zijn de tegenstanders van STVV in Europa,https://www.hbvl.be/nieuws/met-ajax-thuis-als-mooiste-affiche-en-verste-vliegreis-van-1.250-km-dit-zijn-de-tegenstanders-van-stvv-in-europa/160633800.html,"STVV kent zijn zes tegenstanders in de Conference League. Ajax komt naar Stayen, net als SK Brann Bergen en Iberia 1999 Tbilisi. Zelf reizen de Kanaries naar FC Midtjylland, FC Lugano en Hajduk Split. Op 15 oktober volgt het eerste duel.",2026-08-28T13:56:56Z,2026-08-28T14:03:52.325895Z,2026-08-28T14:03:18.507263Z,Nieuws,new,1
8d6fc9cbb1c3d532623ca51c,gva,Gazet van Antwerpen,news_media,région,Flandre,editorial_media,mixed_paywall,gva_rss,Nieuwsfeed,actualités|presse|terrain,nl,"Celine Dion met privéjet aangekomen in Parijs voor concertreeks, massa fans wacht haar op aan peperduur hotel",https://www.gva.be/media-en-cultuur/bv-en-co/celine-dion-met-privejet-aangekomen-in-parijs-voor-concertreeks-massa-fans-wacht-haar-op-aan-peperduur-hotel/160659053.html,"Celine Dion is gearriveerd in Parijs, waar ze de komende tijd 16 keer zal optreden. De Canadese zangeres maakt haar verblijf in de Franse hoofdstad zo aangenaam mogelijk. Ze reisde met een privéjet en verblijft in één van de duurste hotels van Parijs.",2026-08-28T13:55:13Z,2026-08-28T14:03:52.325895Z,2026-08-28T14:03:18.102108Z,,new,1
2b26463eb622b570d54522e2,hbvl,Het Belang van Limburg,news_media,région,Flandre,editorial_media,mixed_paywall,hbvl_rss,Nieuwsfeed,actualités|presse|terrain,nl,"Celine Dion met privéjet aangekomen in Parijs voor concertreeks, massa fans wacht haar op aan peperduur hotel",https://www.hbvl.be/media-en-cultuur/bv-en-co/celine-dion-met-privejet-aangekomen-in-parijs-voor-concertreeks-massa-fans-wacht-haar-op-aan-peperduur-hotel/160659058.html,"Celine Dion is gearriveerd in Parijs, waar ze de komende tijd 16 keer zal optreden. De Canadese zangeres maakt haar verblijf in de Franse hoofdstad zo aangenaam mogelijk. Ze reisde met een privéjet en verblijft in één van de duurste hotels van Parijs.",2026-08-28T13:55:13Z,2026-08-28T14:03:52.325895Z,2026-08-28T14:03:18.507263Z,,new,1
48b6ddf5a74d93dbd269ca16,gva,Gazet van Antwerpen,news_media,région,Flandre,editorial_media,mixed_paywall,gva_rss,Nieuwsfeed,actualités|presse|terrain,nl,Na jarenlang weigeren doken Alix en Glenn toch ‘Met vier in bed’: “Je moet soms je grenzen durven te verleggen”,https://www.gva.be/binnenland/na-jarenlang-weigeren-doken-alix-en-glenn-toch-met-vier-in-bed-je-moet-soms-je-grenzen-durven-te-verleggen/160659158.html,Jarenlang hielden Alix Aelterman en Glenn De Wilde de boot af wanneer VTM hen vroeg om deel te nemen aan het populaire programma ‘Met vier in bed’. Maar dit jaar zeiden ze dan toch ‘ja’ en ontvingen ze de tv-camera’s in hun B&B Chambres d’Amis in hartje Gent.,2026-08-28T13:55:00Z,2026-08-28T14:03:52.325895Z,2026-08-28T14:03:18.102108Z,Binnenland,new,1
39b548ea493ab49b3f83fc95,gva,Gazet van Antwerpen,news_media,région,Flandre,editorial_media,mixed_paywall,gva_rss,Nieuwsfeed,actualités|presse|terrain,nl,"Michel-Ange Balikwisha op weg naar AA Gent, Arthur Theate dicht bij terugkeer naar Bologna",https://www.gva.be/sport/voetbal/michel-ange-balikwisha-op-weg-naar-aa-gent-arthur-theate-dicht-bij-terugkeer-naar-bologna/154753914.html,"De Jupiler Pro League is gestart, maar de transfermolen blijft op volle toeren draaien. Mis niets van al het transfernieuws via onze liveticker.",2026-08-28T13:55:00Z,2026-08-28T14:03:52.325895Z,2026-08-28T14:03:18.102108Z,Voetbal,new,1
7db0ea13312332e843a4b571,hbvl,Het Belang van Limburg,news_media,région,Flandre,editorial_media,mixed_paywall,hbvl_rss,Nieuwsfeed,actualités|presse|terrain,nl,"Michel-Ange Balikwisha op weg naar AA Gent, Arthur Theate dicht bij terugkeer naar Bologna",https://www.hbvl.be/sport/voetbal/michel-ange-balikwisha-op-weg-naar-aa-gent-arthur-theate-dicht-bij-terugkeer-naar-bologna/154753912.html,"De Jupiler Pro League is gestart, maar de transfermolen blijft op volle toeren draaien. Mis niets van al het transfernieuws via onze liveticker.",2026-08-28T13:55:00Z,2026-08-28T14:03:52.325895Z,2026-08-28T14:03:18.507263Z,Voetbal,new,1
299f5ce4786cf1defefc655f,het_nieuwsblad,Het Nieuwsblad,news_media,national,Belgique,editorial_media,mixed_paywall,het_nieuwsblad_rss,Nieuwsfeed,actualités|presse|terrain,nl,Na jarenlang weigeren doken Alix en Glenn toch ‘Met vier in bed’: “Je moet soms je grenzen durven te verleggen”,https://www.nieuwsblad.be/binnenland/na-jarenlang-weigeren-doken-alix-en-glenn-toch-met-vier-in-bed-je-moet-soms-je-grenzen-durven-te-verleggen/160643253.html,Jarenlang hielden Alix Aelterman en Glenn De Wilde de boot af wanneer VTM hen vroeg om deel te nemen aan het populaire programma ‘Met vier in bed’. Maar dit jaar zeiden ze dan toch ‘ja’ en ontvingen ze de tv-camera’s in hun B&B Chambres d’Amis in hartje Gent.,2026-08-28T13:55:00Z,2026-08-28T14:03:52.325895Z,2026-08-28T14:03:17.890939Z,Binnenland,new,1
c5685ce9fbb7dc71df3cebc8,het_nieuwsblad,Het Nieuwsblad,news_media,national,Belgique,editorial_media,mixed_paywall,het_nieuwsblad_rss,Nieuwsfeed,actualités|presse|terrain,nl,"Michel-Ange Balikwisha op weg naar AA Gent, Arthur Theate dicht bij terugkeer naar Bologna",https://www.nieuwsblad.be/sport/voetbal/michel-ange-balikwisha-op-weg-naar-aa-gent-arthur-theate-dicht-bij-terugkeer-naar-bologna/154753038.html,"De Jupiler Pro League is gestart, maar de transfermolen blijft op volle toeren draaien. Mis niets van al het transfernieuws via onze liveticker.",2026-08-28T13:55:00Z,2026-08-28T14:03:52.325895Z,2026-08-28T14:03:17.890939Z,Voetbal,new,1
98042289f1037b7adc1eacaa,mr_party,Mouvement Réformateur,political_party,national,Belgique,political_actor,,mr_party_rss,Flux des actualités,actualités|communiqués|réformes,fr,Contrat 2035: faire de l’Enseignement pour Adultes un moteur de l’emploi,https://www.mr.be/contrat-2035-faire-de-lenseignement-pour-adultes-un-moteur-de-lemploi/,"La Fédération Wallonie-Bruxelles entend jouer son rôle dans le cadre de l’augmentation du taux d’emploi portée aux différents niveaux de pouvoir. C’est pourquoi, sur proposition de la ministre de l’Éducation...",2026-08-28T13:52:33Z,2026-08-28T14:03:52.325895Z,2026-08-28T14:03:13.847263Z,Communiqués,new,1
fde828b32e251ede6e30e152,het_nieuwsblad,Het Nieuwsblad,news_media,national,Belgique,editorial_media,mixed_paywall,het_nieuwsblad_rss,Nieuwsfeed,actualités|presse|terrain,nl,"Celine Dion met privéjet aangekomen in Parijs voor concertreeks, massa fans wacht haar op aan peperduur hotel",https://www.nieuwsblad.be/media-en-cultuur/bv-en-co/celine-dion-met-privejet-aangekomen-in-parijs-voor-concertreeks-massa-fans-wacht-haar-op-aan-peperduur-hotel/160652687.html,"Celine Dion is gearriveerd in Parijs, waar ze de komende tijd 16 keer zal optreden. De Canadese zangeres maakt haar verblijf in de Franse hoofdstad zo aangenaam mogelijk. Ze reisde met een privéjet en verblijft in één van de duurste hotels van Parijs.",2026-08-28T13:50:00Z,2026-08-28T14:03:52.325895Z,2026-08-28T14:03:17.890939Z,,new,1
b92a0f8bc1cfd92e7fd10bac,hbvl,Het Belang van Limburg,news_media,région,Flandre,editorial_media,mixed_paywall,hbvl_rss,Nieuwsfeed,actualités|presse|terrain,nl,OPROEP. Terug naar school: is 1 september voor jou extra bijzonder?,https://www.hbvl.be/nieuws/oproep.-terug-naar-school-is-1-september-voor-jou-extra-bijzonder/159932903.html,"Voor veel leerlingen en leerkrachten betekent 1 september de start van een nieuw schooljaar. Nieuwe klasgenoten, nieuwe lessen en misschien ook een gezonde portie zenuwen op die allereerste schooldag. Maar voor sommige mensen wordt die terugkeer naar school extra bijzonder.",2026-08-28T13:49:10Z,2026-08-28T14:03:52.325895Z,2026-08-28T14:03:18.507263Z,Nieuws,new,1
0a31cd864402fc238fd6a226,de_morgen,De Morgen,news_media,national,Belgique,editorial_media,mixed_paywall,de_morgen_rss,In het nieuws,actualités|presse|Belgique,nl,Live - Dodentol overstromingen Nepal loopt op tot 552 • Waterpeil van stuwmeer door ingestorte gletsjer daalt met zo’n 10 meter,https://www.demorgen.be/nieuws/live-dodentol-overstromingen-nepal-loopt-op-tot-552-waterpeil-van-stuwmeer-door-ingestorte-gletsjer-daalt-met-zo-n-10-meter~be20b0c7/,,2026-08-28T13:48:00Z,2026-08-28T14:03:52.325895Z,2026-08-28T14:03:17.489081Z,,new,1
2d01a4ea0521fd4614c4ec22,gva,Gazet van Antwerpen,news_media,région,Flandre,editorial_media,mixed_paywall,gva_rss,Nieuwsfeed,actualités|presse|terrain,nl,De duurste transfer moet nog komen: waarom Anderlecht van Santi Garcia één van de prijzigste RSCA’ers ooit wil maken,https://www.gva.be/sport/voetbal/de-duurste-transfer-moet-nog-komen-waarom-anderlecht-van-santi-garcia-een-van-de-prijzigste-rscaers-ooit-wil-maken/160658284.html,"Anderlecht staat tegen Union voor een eerste test, maar het huiswerk van Antoine Sibierski is nog niet af. De sportief directeur mikt nog op een nieuwe middenvelder. Het toptarget heet Santi Garcia (24) van het Portugese Gil Vicente, de vraagprijs bedraagt 11 miljoen euro. Zo ver wil paars-wit niet gaan, maar als de middenvelder komt, zal hij één van de duurste RSCA’ers ooit zijn.",2026-08-28T13:47:58Z,2026-08-28T14:03:52.325895Z,2026-08-28T14:03:18.102108Z,Voetbal,new,1
bb7b5adffe2d3d77cd98c32e,hbvl,Het Belang van Limburg,news_media,région,Flandre,editorial_media,mixed_paywall,hbvl_rss,Nieuwsfeed,actualités|presse|terrain,nl,De duurste transfer moet nog komen: waarom Anderlecht van Santi Garcia één van de prijzigste RSCA’ers ooit wil maken,https://www.hbvl.be/sport/voetbal/de-duurste-transfer-moet-nog-komen-waarom-anderlecht-van-santi-garcia-een-van-de-prijzigste-rscaers-ooit-wil-maken/160658283.html,"Anderlecht staat tegen Union voor een eerste test, maar het huiswerk van Antoine Sibierski is nog niet af. De sportief directeur mikt nog op een nieuwe middenvelder. Het toptarget heet Santi Garcia (24) van het Portugese Gil Vicente, de vraagprijs bedraagt 11 miljoen euro. Zo ver wil paars-wit niet gaan, maar als de middenvelder komt, zal hij één van de duurste RSCA’ers ooit zijn.",2026-08-28T13:47:58Z,2026-08-28T14:03:52.325895Z,2026-08-28T14:03:18.507263Z,Voetbal,new,1
59166a92cc8a825f908ea710,de_tijd,De Tijd,news_media,national,Belgique,editorial_media,mixed_paywall,de_tijd_rss,Algemeen nieuws,actualités|presse|économie,nl,Glacioloog over Nepal: ‘Kans op zulke rampen is groter in veranderend klimaat’,https://www.tijd.be/r/t/1/id/10683890,"Een instortende gletsjer en rotswand hebben vermoedelijk de ramp in Nepal veroorzaakt. Een warmer klimaat vergroot de kans op zulke gletsjer- en aardverschuivingen, zegt glacioloog Stef Lhermitte (KU Leuven). Ook in Europa.",2026-08-28T13:47:52Z,2026-08-28T14:03:52.325895Z,2026-08-28T14:03:18.412767Z,Politiek & Economie,new,1
b82fc22a0b41c3c3ea61a422,hbvl,Het Belang van Limburg,news_media,région,Flandre,editorial_media,mixed_paywall,hbvl_rss,Nieuwsfeed,actualités|presse|terrain,nl,“Nu kan ook mijn grootmoeder me hier weer zien spelen”: kind van het huis Mats Rits officieel voorgesteld bij ‘zijn’ Beerschot,https://www.hbvl.be/sport/voetbal/nu-kan-ook-mijn-grootmoeder-me-hier-weer-zien-spelen-kind-van-het-huis-mats-rits-officieel-voorgesteld-bij-zijn-beerschot/160658201.html,"Mats Rits (33), die vrijdagmiddag op het Kiel officieel werd voorgesteld, straalde zichtbaar na zijn terugkeer. Vijftien jaar nadat hij Beerschot verliet, is de ervaren middenvelder weer thuis. Rits wil meteen zijn steentje bijdragen aan de jacht op promotie. “Ook mijn familie was enorm enthousiast.”",2026-08-28T13:47:23Z,2026-08-28T14:03:52.325895Z,2026-08-28T14:03:18.507263Z,Voetbal,new,1
4dd5c07760f5bc72c1146cfc,het_nieuwsblad,Het Nieuwsblad,news_media,national,Belgique,editorial_media,mixed_paywall,het_nieuwsblad_rss,Nieuwsfeed,actualités|presse|terrain,nl,De duurste transfer moet nog komen: waarom Anderlecht van Santi Garcia één van de prijzigste RSCA’ers ooit wil maken,https://www.nieuwsblad.be/sport/voetbal/de-duurste-transfer-moet-nog-komen-waarom-anderlecht-van-santi-garcia-een-van-de-prijzigste-rscaers-ooit-wil-maken/160629409.html,"Anderlecht staat tegen Union voor een eerste test, maar het huiswerk van Antoine Sibierski is nog niet af. De sportief directeur mikt nog op een nieuwe middenvelder. Het toptarget heet Santi Garcia (24) van het Portugese Gil Vicente, de vraagprijs bedraagt 11 miljoen euro. Zo ver wil paars-wit niet gaan, maar als de middenvelder komt, zal hij één van de duurste RSCA’ers ooit zijn.",2026-08-28T13:47:00Z,2026-08-28T14:03:52.325895Z,2026-08-28T14:03:17.890939Z,Voetbal,new,1
a1b8ec9acee713419cffc265,hln,Het Laatste Nieuws,news_media,national,Belgique,editorial_media,mixed_paywall,hln_rss,Nieuwsfeed,actualités|presse|Belgique,nl,"Vorig jaar nog gelinkt aan kroonprinses Elisabeth, nu verloofd: prins Georg van Liechtenstein stapt in huwelijksbootje",https://www.hln.be/royalty/vorig-jaar-nog-gelinkt-aan-kroonprinses-elisabeth-nu-verloofd-prins-georg-van-liechtenstein-stapt-in-huwelijksbootje~ad0d9690/,"Het gerucht over een mogelijke geheime romance tussen de Liechtensteinse prins Georg (27) en onze kroonprinses Elisabeth (24) blijkt definitief niet waar te zijn. Het derde kind van erfprins Alois (58) en zijn echtgenote, erfprinses Sophie (58), stapt in het huwelijk met zijn partner Maria-Nives von der Leyen (25), meldt het Liechtensteinse dagblad ‘Vaterland’.",2026-08-28T13:45:21Z,2026-08-28T14:03:52.325895Z,2026-08-28T14:03:17.439339Z,,new,1
2e7134f9ec3d89efc7b727aa,bx1,BX1,news_media,région,Bruxelles,editorial_media,open,bx1_rss,Flux BX1,actualités|presse|terrain,fr,200 enfants s’initient à l’athlétisme au Stade Roi Baudouin,https://bx1.be/categories/reportages/200-enfants-sinitient-a-lathletisme-au-stade-roi-baudouin/,"À une semaine du Mémorial Van Damme, 200 enfants ont pu s’initier à l’athlétisme dans le mythique Stade Roi Baudouin. Ce vendredi se tenait la 5e édition des “ENGIE Kids Athletics“, une demi-journée d’initiation à l’athlétisme destinée à des publics qui n’ont pas toujours un accès facile au sport. Organisé en collaboration avec plusieurs associations … lire plus",2026-08-28T13:45:05Z,2026-08-28T14:03:52.325895Z,2026-08-28T14:03:19.625714Z,Athlétisme | Enfants | Reportages | Sport,new,1
c046e270ba390e66ebdc6c2d,gva,Gazet van Antwerpen,news_media,région,Flandre,editorial_media,mixed_paywall,gva_rss,Nieuwsfeed,actualités|presse|terrain,nl,"Mike De Decker begraaft de strijdbijl en wil World Cup of Darts spelen naast Kim Huybrechts: “Beste vrienden gaan we nooit meer worden, maar...”",https://www.gva.be/sport/darts/mike-de-decker-begraaft-de-strijdbijl-en-wil-world-cup-of-darts-spelen-naast-kim-huybrechts-beste-vrienden-gaan-we-nooit-meer-worden-maar.../160658187.html,"Tenzij er zich een wonder volstrekt, zullen Mike De Decker en Kim Huybrechts ons land volgend jaar vertegenwoordigen op de World Cup of Darts. Jawel, als duo. De kemphanen van weleer hebben de strijdbijl begraven.",2026-08-28T13:45:00Z,2026-08-28T14:03:52.325895Z,2026-08-28T14:03:18.102108Z,Darts,new,1
926f87502759c6b79200a3c0,hbvl,Het Belang van Limburg,news_media,région,Flandre,editorial_media,mixed_paywall,hbvl_rss,Nieuwsfeed,actualités|presse|terrain,nl,"Mike De Decker begraaft de strijdbijl en wil World Cup of Darts spelen naast Kim Huybrechts: “Beste vrienden gaan we nooit meer worden, maar...”",https://www.hbvl.be/sport/darts/mike-de-decker-begraaft-de-strijdbijl-en-wil-world-cup-of-darts-spelen-naast-kim-huybrechts-beste-vrienden-gaan-we-nooit-meer-worden-maar.../160658185.html,"Tenzij er zich een wonder volstrekt, zullen Mike De Decker en Kim Huybrechts ons land volgend jaar vertegenwoordigen op de World Cup of Darts. Jawel, als duo. De kemphanen van weleer hebben de strijdbijl begraven.",2026-08-28T13:45:00Z,2026-08-28T14:03:52.325895Z,2026-08-28T14:03:18.507263Z,Darts,new,1
c9a412cd8c5f1169a789fc4a,het_nieuwsblad,Het Nieuwsblad,news_media,national,Belgique,editorial_media,mixed_paywall,het_nieuwsblad_rss,Nieuwsfeed,actualités|presse|terrain,nl,"Mike De Decker begraaft de strijdbijl en wil World Cup of Darts spelen naast Kim Huybrechts: “Beste vrienden gaan we nooit meer worden, maar...”",https://www.nieuwsblad.be/sport/darts/mike-de-decker-begraaft-de-strijdbijl-en-wil-world-cup-of-darts-spelen-naast-kim-huybrechts-beste-vrienden-gaan-we-nooit-meer-worden-maar.../160655595.html,"Tenzij er zich een wonder volstrekt, zullen Mike De Decker en Kim Huybrechts ons land volgend jaar vertegenwoordigen op de World Cup of Darts. Jawel, als duo. De kemphanen van weleer hebben de strijdbijl begraven.",2026-08-28T13:45:00Z,2026-08-28T14:03:52.325895Z,2026-08-28T14:03:17.890939Z,Darts,new,1
968213fe9b2de615e3457ed3,vrt_nws,VRT NWS,news_media,communauté,Flandre|Bruxelles,editorial_media,open,vrt_nws_rss,Flux VRT NWS,actualités|presse|Belgique,nl,"Stadsbestuur lanceert Leuven Cares Label voor (dans)cafés: ""Iedereen moet veilig en plezierig kunnen uitgaan""",https://vrtnws.be/p.WkXaM7BeW,"De stad Leuven lanceert een nieuw kwaliteitslabel voor cafés, het Leuven Cares Label. Dat label krijgen (dans)cafés die actief inzetten op een inclusief, veilig en zorgzaam uitgaansleven. Daarnaast ondersteunt de stad deelnemende horecazaken met begeleiding en financiële steun.",2026-08-28T13:44:52Z,2026-08-28T14:03:52.325895Z,2026-08-28T14:03:19.149230Z,,new,1
052a63a10b809c44f19b0970,vrt_nws,VRT NWS,news_media,communauté,Flandre|Bruxelles,editorial_media,open,vrt_nws_rss,Flux VRT NWS,actualités|presse|Belgique,nl,"Laatste leerlingen nemen hun intrek op internaat in Sint-Bavohumaniora in Gent: ""Niet babbelen na bedtijd zal moeilijk zijn""",https://vrtnws.be/p.0YJxPAWWZ,"Gepakt en gezakt komen vandaag de laatste leerlingen toe op het internaat op het Sint-Bavohumaniora in Gent. Een paar dagen voor de start van het schooljaar krijgen 270 internen de kans om hun kamer in te richten en ook al eventuele vrienden te ontmoeten. ""Een spannend moment voor velen"", vertelt opvoeder Leen Clottens.",2026-08-28T13:43:26Z,2026-08-28T14:03:52.325895Z,2026-08-28T14:03:19.149230Z,,new,1
80ca7eea7becac9d4f890eaf,hln,Het Laatste Nieuws,news_media,national,Belgique,editorial_media,mixed_paywall,hln_rss,Nieuwsfeed,actualités|presse|Belgique,nl,"LIVE. Kopgroep met Wout van Aert houdt halfweg goed stand, achtervolgers komen niet dichter",https://www.hln.be/wielrennen/live-kopgroep-met-wout-van-aert-houdt-halfweg-goed-stand-achtervolgers-komen-niet-dichter~a06b3916/,Ook etappe zeven van de Vuelta staat garant voor heel wat klimwerk. De aankomst bergop naar Aramón Valdelinares is in principe een kolfje naar de hand van Tadej Pogacar. Of laat die voor een keer de vluchters aan het feest?,2026-08-28T13:43:00Z,2026-08-28T14:03:52.325895Z,2026-08-28T14:03:17.439339Z,,new,1
fbfe1a653829a3b6efdd15f3,het_nieuwsblad,Het Nieuwsblad,news_media,national,Belgique,editorial_media,mixed_paywall,het_nieuwsblad_rss,Nieuwsfeed,actualités|presse|terrain,nl,"DERDE PROVINCIALE. Speler verhuist naar Japan, spits wordt T2 en acht ploegmaats in de lappenmand",https://www.nieuwsblad.be/sport/sportregio/derde-provinciale.-speler-verhuist-naar-japan-spits-wordt-t2-en-acht-ploegmaats-in-de-lappenmand/160657582.html,"Enkele opmerkelijke transfers, een speler die naar Japan verhuist, een spits die T2 wordt, acht afwezigen bij dezelfde ploeg en enkele spelers die in extremis de schoenen aan de haak hangen. Lees hier alle ploegnieuws uit derde provinciale voor dit weekend.",2026-08-28T13:42:20Z,2026-08-28T14:03:52.325895Z,2026-08-28T14:03:17.890939Z,Sportregio,new,1
cb6c97905aec0c8c2f9b1926,hbvl,Het Belang van Limburg,news_media,région,Flandre,editorial_media,mixed_paywall,hbvl_rss,Nieuwsfeed,actualités|presse|terrain,nl,"DERDE PROVINCIALE. Speler verhuist naar Japan, spits wordt T2 en acht ploegmaats in de lappenmand",https://www.hbvl.be/sport/voetbal/derde-provinciale.-speler-verhuist-naar-japan-spits-wordt-t2-en-acht-ploegmaats-in-de-lappenmand/160533854.html,"Enkele opmerkelijke transfers, een speler die naar Japan verhuist, een spits die T2 wordt, acht afwezigen bij dezelfde ploeg en enkele spelers die in extremis de schoenen aan de haak hangen. Lees hier alle ploegnieuws uit derde provinciale voor dit weekend.",2026-08-28T13:42:17Z,2026-08-28T14:03:52.325895Z,2026-08-28T14:03:18.507263Z,Voetbal,new,1
fb92e740cac71f7d1fecacac,brf_news,BRF Nachrichten,news_media,communauté,Communauté germanophone,editorial_media,open,brf_news_rss,Flux BRF Nachrichten,actualités|presse|terrain,de,Urlauber aus den USA gaben diesen Sommer in Belgien am meisten Geld aus,https://brf.be/national/2104156/,Urlauber aus den Vereinigten Staaten haben in diesem Sommer in Belgien mehr Geld ausgegeben als Touristen aus anderen Ländern. Das geht aus Daten des Zahlungsdienstleisters Worldline hervor. Rund ein Viertel der Ausgaben von ausländischen Urlaubern zwischen Ende Juni und Ende August wurden demzufolge von US-Amerikanern getätigt. Das ist im Vergleich zum Vorjahreszeitraum ein Anstieg von […],2026-08-28T13:41:00Z,2026-08-28T14:03:52.325895Z,2026-08-28T14:03:19.510272Z,Frankreich | Großbritannien | Luxemburg | National | Niederlande | Top News | USA,new,1
ad493dd5c763f0da43cae055,sudinfo,Sudinfo,news_media,région,Wallonie|Bruxelles,editorial_media,mixed_paywall,sudinfo_rss,Flux principal,actualités|presse|terrain,fr,"« Je suis prête! »: Céline Dion de retour à Paris, l’artiste a salué ses fans venus l’accueillir (vidéos)",https://www.sudinfo.be/id1186539/article/2026-08-28/je-suis-prete-celine-dion-de-retour-paris-lartiste-salue-ses-fans-venus,"La star a été accueillie par des centaines de fans à Paris, à trois petites semaines de son retour sur scène.",2026-08-28T13:40:59Z,2026-08-28T14:03:52.325895Z,2026-08-28T14:03:17.045284Z,People,new,1
196594546bd4bd6446e4b774,gva,Gazet van Antwerpen,news_media,région,Flandre,editorial_media,mixed_paywall,gva_rss,Nieuwsfeed,actualités|presse|terrain,nl,Zo belangrijk is samen eten voor je gezondheid,https://www.gva.be/opmerkelijk/zo-belangrijk-is-samen-eten-voor-je-gezondheid/160657418.html,"Het klinkt bijna te mooi om waar te zijn, maar volgens een Brits onderzoek kan een simpele verandering in je eetgewoonten wonderen doen voor lichaam en geest.",2026-08-28T13:40:34Z,2026-08-28T14:03:52.325895Z,2026-08-28T14:03:18.102108Z,Opmerkelijk,new,1
12df76b021ba5addd0433d68,hbvl,Het Belang van Limburg,news_media,région,Flandre,editorial_media,mixed_paywall,hbvl_rss,Nieuwsfeed,actualités|presse|terrain,nl,Zo belangrijk is samen eten voor je gezondheid,https://www.hbvl.be/opmerkelijk/zo-belangrijk-is-samen-eten-voor-je-gezondheid/160657419.html,"Het klinkt bijna te mooi om waar te zijn, maar volgens een Brits onderzoek kan een simpele verandering in je eetgewoonten wonderen doen voor lichaam en geest.",2026-08-28T13:40:34Z,2026-08-28T14:03:52.325895Z,2026-08-28T14:03:18.507263Z,Opmerkelijk,new,1
639595ae5cf839a6dda1e892,het_nieuwsblad,Het Nieuwsblad,news_media,national,Belgique,editorial_media,mixed_paywall,het_nieuwsblad_rss,Nieuwsfeed,actualités|presse|terrain,nl,Zo belangrijk is samen eten voor je gezondheid,https://www.nieuwsblad.be/gezondheid/zo-belangrijk-is-samen-eten-voor-je-gezondheid/160633604.html,"Het klinkt bijna te mooi om waar te zijn, maar volgens een Brits onderzoek kan een simpele verandering in je eetgewoonten wonderen doen voor lichaam en geest.",2026-08-28T13:40:34Z,2026-08-28T14:03:52.325895Z,2026-08-28T14:03:17.890939Z,Gezondheid,new,1
dc50480929fe91d163779706,gva,Gazet van Antwerpen,news_media,région,Flandre,editorial_media,mixed_paywall,gva_rss,Nieuwsfeed,actualités|presse|terrain,nl,Sporthof brengt mix van vergeten volkssporten en speelse outdoor games: ”Voor wie er goed in is én voor wie er niets van kan”,https://www.gva.be/regio/vlaams-brabant/halle-vilvoorde/zemst/sporthof-brengt-mix-van-vergeten-volkssporten-en-speelse-outdoor-games-voor-wie-er-goed-in-is-en-voor-wie-er-niets-van-kan/160657487.html,Op 1 september opent de Sporthof in domein Sport Vlaanderen voor het publiek. Het Sportimonium wil er mensen aanzetten om vergeten volkssporten en nieuwe outdoor games uit te proberen. De essentie is niet de prestatie maar het samen beleven.,2026-08-28T13:40:30Z,2026-08-28T14:03:52.325895Z,2026-08-28T14:03:18.102108Z,Zemst,new,1
8c6de957228e3f27108f1464,het_nieuwsblad,Het Nieuwsblad,news_media,national,Belgique,editorial_media,mixed_paywall,het_nieuwsblad_rss,Nieuwsfeed,actualités|presse|terrain,nl,Sporthof brengt mix van vergeten volksporten en nieuwe speelse outdoor games ”Voor mensen die er goed in zijn en voor mensen die er niets van kunnen”,https://www.nieuwsblad.be/regio/vlaams-brabant/halle-vilvoorde/zemst/sporthof-brengt-mix-van-vergeten-volksporten-en-nieuwe-speelse-outdoor-games-voor-mensen-die-er-goed-in-zijn-en-voor-mensen-die-er-niets-van-kunnen/160628707.html,Op 1 september opent de Sporthof in domein Sport Vlaanderen voor het publiek. Het Sportimonium wil er mensen aanzetten om vergeten volkssporten en nieuwe outdoor games uit te proberen. De essentie is niet de prestatie maar het samen beleven.,2026-08-28T13:40:30Z,2026-08-28T14:03:52.325895Z,2026-08-28T14:03:17.890939Z,Zemst,new,1
ede005fed193bdf53893a723,hbvl,Het Belang van Limburg,news_media,région,Flandre,editorial_media,mixed_paywall,hbvl_rss,Nieuwsfeed,actualités|presse|terrain,nl,"Toerisme presteert sterk in Limburg: 1,72 miljoen overnachtingen deze zomer",https://www.hbvl.be/regio/limburg/toerisme-presteert-sterk-in-limburg-172-miljoen-overnachtingen-deze-zomer/160629470.html,"We hebben ons door een trits hittegolven moeten zweten, maar het toerisme in Limburg bleef deze zomer sterk presteren. Volgens Visit Limburg zijn in de zomermaanden 1,72 miljoen toeristische overnachtingen geboekt in onze provincie, toerden er bijna één miljoen fietsers rond en zakten meer buitenlandse gasten af.",2026-08-28T13:40:29Z,2026-08-28T14:03:52.325895Z,2026-08-28T14:03:18.507263Z,Limburg,new,1
c7622d8cef521a441fee8fd7,gva,Gazet van Antwerpen,news_media,région,Flandre,editorial_media,mixed_paywall,gva_rss,Nieuwsfeed,actualités|presse|terrain,nl,“Met al die zwarte 'doemp' is het hier veel leuker”: Meerhout klaar voor feestweekend,https://www.gva.be/regio/antwerpen/kempen/meerhout/met-al-die-zwarte-doemp-is-het-hier-veel-leuker-meerhout-klaar-voor-feestweekend/160656283.html,Het Genebroeksveld verandert op vrijdag 28 en zaterdag 29 augustus opnieuw in het epicentrum van ronkende motoren en livemuziek. Vzw Trekkertrek pakt uit met de derde editie van festival Zittert On The Rocks en het vertrouwde Trekkertrek-spektakel. Ondanks wisselvallige voorspellingen is de organisatie er klaar voor.,2026-08-28T13:38:06Z,2026-08-28T14:03:52.325895Z,2026-08-28T14:03:18.102108Z,Meerhout,new,1
8982a227b15ee180f69fe25d,het_nieuwsblad,Het Nieuwsblad,news_media,national,Belgique,editorial_media,mixed_paywall,het_nieuwsblad_rss,Nieuwsfeed,actualités|presse|terrain,nl,“Met al die zwarte 'doemp' is het hier veel leuker”: Meerhout klaar voor feestweekend,https://www.nieuwsblad.be/regio/antwerpen/kempen/meerhout/met-al-die-zwarte-doemp-is-het-hier-veel-leuker-meerhout-klaar-voor-feestweekend/160657176.html,Het Genebroeksveld verandert op vrijdag 28 en zaterdag 29 augustus opnieuw in het epicentrum van ronkende motoren en livemuziek. Vzw Trekkertrek pakt uit met de derde editie van festival Zittert On The Rocks en het vertrouwde Trekkertrek-spektakel. Ondanks wisselvallige voorspellingen is de organisatie er klaar voor.,2026-08-28T13:38:06Z,2026-08-28T14:03:52.325895Z,2026-08-28T14:03:17.890939Z,Meerhout,new,1
87c4135d8170ba7397a9b829,gva,Gazet van Antwerpen,news_media,région,Flandre,editorial_media,mixed_paywall,gva_rss,Nieuwsfeed,actualités|presse|terrain,nl,Vicevoorzitter van machtige centrale militaire commissie in China afgezet na corruptie-onderzoek,https://www.gva.be/buitenland/vicevoorzitter-van-machtige-centrale-militaire-commissie-in-china-afgezet-na-corruptie-onderzoek/160657062.html,De Chinese overheid heeft generaal Zhang Youxia uit de machtige centrale militaire commissie (CMC) gezet. Dat berichten de Chinese staatsmedia. Hij was vicevoorzitter van die commissie. Zijn ontslag volgt enkele maanden na de aankondiging dat een onderzoek naar hem wordt gevoerd voor vermoedelijke corruptie.,2026-08-28T13:37:02Z,2026-08-28T14:03:52.325895Z,2026-08-28T14:03:18.102108Z,Buitenland,new,1
9523155d0147916a70ab2702,het_nieuwsblad,Het Nieuwsblad,news_media,national,Belgique,editorial_media,mixed_paywall,het_nieuwsblad_rss,Nieuwsfeed,actualités|presse|terrain,nl,Vicevoorzitter van machtige centrale militaire commissie in China afgezet na corruptie-onderzoek,https://www.nieuwsblad.be/nieuws/vicevoorzitter-van-machtige-centrale-militaire-commissie-in-china-afgezet-na-corruptie-onderzoek/160655894.html,De Chinese overheid heeft generaal Zhang Youxia uit de machtige centrale militaire commissie (CMC) gezet. Dat berichten de Chinese staatsmedia. Hij was vicevoorzitter van die commissie. Zijn ontslag volgt enkele maanden na de aankondiging dat een onderzoek naar hem wordt gevoerd voor vermoedelijke corruptie.,2026-08-28T13:37:00Z,2026-08-28T14:03:52.325895Z,2026-08-28T14:03:17.890939Z,Nieuws,new,1
078aaf403d9ed4c540450db2,het_nieuwsblad,Het Nieuwsblad,news_media,national,Belgique,editorial_media,mixed_paywall,het_nieuwsblad_rss,Nieuwsfeed,actualités|presse|terrain,nl,Motorrit voor Huizen van Vlaamse Solidariteit,https://www.nieuwsblad.be/regio/oost-vlaanderen/denderregio/zele/motorrit-voor-huizen-van-vlaamse-solidariteit/160625142.html,"Op zondag 30 augustus kunnen motorrijders deelnemen aan de eerste Vlaamse Motorrit, een bepijlde motorrit van ongeveer 130 kilometer doorheen de Schelde- en Denderstreek en door de Vlaamse Ardennen. De opbrengst gaat naar de Huizen van Vlaamse Solidariteit.",2026-08-28T13:37:00Z,2026-08-28T14:03:52.325895Z,2026-08-28T14:03:17.890939Z,Zele,new,1
6f0d078075a5274d370f126f,bx1,BX1,news_media,région,Bruxelles,editorial_media,open,bx1_rss,Flux BX1,actualités|presse|terrain,fr,Les touristes américains ont le plus dépensé à Bruxelles cet été,https://bx1.be/categories/news/les-touristes-americains-ont-le-plus-depense-a-bruxelles-cet-ete/,"Les touristes américains ont largement dominé les dépenses des visiteurs étrangers à Bruxelles cet été. Une commune fait toutefois exception. Les touristes américains ont particulièrement profité de leur séjour à Bruxelles cet été. Ils sont à l’origine de 43% des dépenses réalisées par les visiteurs étrangers dans la Région bruxelloise, selon une analyse du prestataire de … lire plus",2026-08-28T13:35:33Z,2026-08-28T14:03:52.325895Z,2026-08-28T14:03:19.625714Z,News | Tourisme | Économie,new,1
9bee5615b52527640c920bd6,dhnet,DH Les Sports+,news_media,national,Belgique,editorial_media,mixed_paywall,dhnet_rss,Flux actualités,actualités|presse|Belgique,fr,Le plus jeune Roi du monde est mort à 34 ans,https://www.dhnet.be/actu/monde/2026/08/28/le-plus-jeune-roi-du-monde-est-mort-a-34-ans-NKOVM3XQMBGCXHHJNVS7LX7UDY/,"Après le décès du roi Oyo Rudiki IV, le royaume de Toro, dans l’ouest de l’Ouganda est en deuil....",2026-08-28T13:35:22Z,2026-08-28T14:03:52.325895Z,2026-08-28T14:03:17.464466Z,Monde,new,1
8eef3cb594054ab40ee91c93,het_nieuwsblad,Het Nieuwsblad,news_media,national,Belgique,editorial_media,mixed_paywall,het_nieuwsblad_rss,Nieuwsfeed,actualités|presse|terrain,nl,Inbrekers vluchten zonder buit in Tongeren,https://www.nieuwsblad.be/regio/limburg/tongeren-borgloon/inbrekers-vluchten-zonder-buit-in-tongeren/160656911.html,Themabeeld © MARC HERREMANS,2026-08-28T13:35:22Z,2026-08-28T14:03:52.325895Z,2026-08-28T14:03:17.890939Z,Tongeren-Borgloon,new,1
771924c26a4c50910a6dfb1b,hbvl,Het Belang van Limburg,news_media,région,Flandre,editorial_media,mixed_paywall,hbvl_rss,Nieuwsfeed,actualités|presse|terrain,nl,Inbrekers vluchten zonder buit in Tongeren,https://www.hbvl.be/regio/limburg/tongeren-borgloon/inbrekers-vluchten-zonder-buit-in-tongeren/160656833.html,Themabeeld © MARC HERREMANS,2026-08-28T13:35:21Z,2026-08-28T14:03:52.325895Z,2026-08-28T14:03:18.507263Z,Tongeren-Borgloon,new,1
0bc0b88fe23bbe8f0f7a8805,gva,Gazet van Antwerpen,news_media,région,Flandre,editorial_media,mixed_paywall,gva_rss,Nieuwsfeed,actualités|presse|terrain,nl,“Kaap van 100 miljard euro in zicht” bij privébanken Ackermans & van Haaren,https://www.gva.be/binnenland/kaap-van-100-miljard-euro-in-zicht-bij-privebanken-ackermans-van-haaren/160656851.html,"Het gecombineerd toevertrouwd vermogen bij Delen Private Bank en Bank Van Breda - beide grotendeels in handen van de beursgenoteerde Antwerpse investeringsmaatschappij Ackermans & van Haaren - is met 9 procent gestegen tot 95 miljard euro. “De kaap van 100 miljard euro komt zo in zicht”, aldus co-CEO's John-Eric Bertrand en Piet Dejonghe.",2026-08-28T13:34:47Z,2026-08-28T14:03:52.325895Z,2026-08-28T14:03:18.102108Z,Binnenland,new,1
a65eefe6bf8724bdb43ffb27,het_nieuwsblad,Het Nieuwsblad,news_media,national,Belgique,editorial_media,mixed_paywall,het_nieuwsblad_rss,Nieuwsfeed,actualités|presse|terrain,nl,“Kaap van 100 miljard euro in zicht” bij privébanken Ackermans & van Haaren,https://www.nieuwsblad.be/nieuws/kaap-van-100-miljard-euro-in-zicht-bij-privebanken-ackermans-van-haaren/160656514.html,"Het gecombineerd toevertrouwd vermogen bij Delen Private Bank en Bank Van Breda - beide grotendeels in handen van de beursgenoteerde Antwerpse investeringsmaatschappij Ackermans & van Haaren - is met 9 procent gestegen tot 95 miljard euro. “De kaap van 100 miljard euro komt zo in zicht”, aldus co-CEO's John-Eric Bertrand en Piet Dejonghe.",2026-08-28T13:34:46Z,2026-08-28T14:03:52.325895Z,2026-08-28T14:03:17.890939Z,Nieuws,new,1
b03ebfa40260e9156d3ff367,sudinfo,Sudinfo,news_media,région,Wallonie|Bruxelles,editorial_media,mixed_paywall,sudinfo_rss,Flux principal,actualités|presse|terrain,fr,Spectaculaire accident sur l’autoroute E40: une voiture fonce dans le shop de la station Shell de l’aire de Barchon! (photos et vidéo),https://www.sudinfo.be/id1186534/article/2026-08-28/spectaculaire-accident-sur-lautoroute-e40-une-voiture-fonce-dans-le-shop-de-la,"Une voiture a violemment percuté le shop de la station-service de l’aire de Tignée, à Soumagne, ce jeudi midi. Aucun blessé, mais d’importants dégâts et des craintes pour la stabilité du bâtiment.",2026-08-28T13:34:19Z,2026-08-28T14:03:52.325895Z,2026-08-28T14:03:17.045284Z,Liège Faits divers,new,1
aac93b298452612f655d4a2a,mr_party,Mouvement Réformateur,political_party,national,Belgique,political_actor,,mr_party_rss,Flux des actualités,actualités|communiqués|réformes,fr,Diana Nikolic sur RTL: « La scolarité de nos enfants n’est pas une monnaie d’échange »,https://www.mr.be/diana-nikolic-sur-rtl-la-scolarite-de-nos-enfants-nest-pas-une-monnaie-dechange/,"Invitée ce lundi dans 15 minutes pour comprendre sur RTL info, Diana Nikolic, cheffe de groupe MR au Parlement de la Fédération Wallonie-Bruxelles, a rappelé une évidence trop souvent oubliée dans le...",2026-08-28T13:34:17Z,2026-08-28T13:41:21.664357Z,2026-08-28T14:03:13.847263Z,Communiqués,existing,2
f604121d6cb4bf6c90c211a9,vrt_nws,VRT NWS,news_media,communauté,Flandre|Bruxelles,editorial_media,open,vrt_nws_rss,Flux VRT NWS,actualités|presse|Belgique,nl,"Stenen Molen in Zwevegem draait weer, na meer dan 30 jaar",https://vrtnws.be/p.nwYnnwdNR,"In Zwevegem draaiden de wieken van de Stenen Molen vandaag opnieuw, voor het eerst in meer dan 30 jaar. Of dat was toch de bedoeling, want net voor het officiële moment viel de wind weg en bleven de wieken roerloos. De nieuwe wieken kwamen er omdat de oude na een storm te zwaar beschadigd waren om nog te herstellen.",2026-08-28T13:34:04Z,2026-08-28T14:03:52.325895Z,2026-08-28T14:03:19.149230Z,,new,1
3f670f88a72d371fa5648253,brf_news,BRF Nachrichten,news_media,communauté,Communauté germanophone,editorial_media,open,brf_news_rss,Flux BRF Nachrichten,actualités|presse|terrain,de,Ab September Helmpflicht für Elektroroller mit Höchstgeschwindigkeit von über 20 km/h,https://brf.be/national/2104154/,"Ab dem 1. September müssen Personen, die auf einem Elektroroller unterwegs sind, der schneller als 20 Kilometer pro Stunde fahren kann, einen Helm tragen. Dabei haben sie die Wahl zwischen einen Motorradhelm und einem Fahrradhelm. Das hat der Föderale Öffentliche Dienst Mobilität bekannt gegeben. Roller, deren Höchstgeschwindigkeit unter diesem Wert liegt, sind von der Helmpflicht […]",2026-08-28T13:34:00Z,2026-08-28T14:03:52.325895Z,2026-08-28T14:03:19.510272Z,National | Top News,new,1
502428e1f72eb38bb23bd3cb,het_nieuwsblad,Het Nieuwsblad,news_media,national,Belgique,editorial_media,mixed_paywall,het_nieuwsblad_rss,Nieuwsfeed,actualités|presse|terrain,nl,“Mijn boodschap was luid en duidelijk”: Bryan Heynen klopte op tafel na 4-4-gelijkspel op Antwerp,https://www.nieuwsblad.be/sport/sportregio/mijn-boodschap-was-luid-en-duidelijk-bryan-heynen-klopte-op-tafel-na-4-4-gelijkspel-op-antwerp/160616374.html,"KRC Genk moet reageren nadat ze een 1-4-voorsprong in acht minuten tijd uit handen gaven op Antwerp. Bryan Heynen kreeg als kapitein de nodige kritiek te verwerken. “Als ik mijn verantwoordelijkheid neem binnen de groep, dan maakt het niet zoveel uit wat de buitenwereld zegt.”",2026-08-28T13:34:00Z,2026-08-28T14:03:52.325895Z,2026-08-28T14:03:17.890939Z,Sportregio,new,1
6f8d9ad64af5031c0cbb98ba,rtbf_info,RTBF Info,news_media,communauté,Wallonie|Bruxelles,editorial_media,open,rtbf_info_rss,Flux RTBF Info,actualités|presse|Belgique,fr,Rénovation du Palais de Justice de Bruxelles: 4 faits historiques sur le monument emblématique de la capitale,https://www.rtbf.be/article/renovation-du-palais-de-justice-de-bruxelles-4-faits-historiques-sur-le-monument-emblematique-de-la-capitale-11776725,"Le Palais de Justice a été construit à un endroit bien particulier de Bruxelles: le Galgenberg ou ""mont des potences""....",2026-08-28T13:32:18Z,2026-08-28T14:03:52.325895Z,2026-08-28T14:03:19.358990Z,LA PREMIERE,new,1
08712aa0cad811409a653e8e,dhnet,DH Les Sports+,news_media,national,Belgique,editorial_media,mixed_paywall,dhnet_rss,Flux actualités,actualités|presse|Belgique,fr,Les Hautes Fagnes sont-elles totalement fermées suite à l'incendie?,https://www.dhnet.be/actu/belgique/2026/08/28/les-hautes-fagnes-sont-elles-totalement-fermees-suite-a-lincendie-B4U4P5Q5URDKHJULM2JETLYXBE/,Les ministres du Tourisme ont tenu à rassurer les visiteurs à propos de potentielles visites dans les Hautes Fagnes....,2026-08-28T13:31:47Z,2026-08-28T14:03:52.325895Z,2026-08-28T14:03:17.464466Z,Belgique,new,1
78c6c97a87182f079037db8a,het_nieuwsblad,Het Nieuwsblad,news_media,national,Belgique,editorial_media,mixed_paywall,het_nieuwsblad_rss,Nieuwsfeed,actualités|presse|terrain,nl,"Minderjarige voorgeleid voor brandstichting aan bijgebouw, oorzaak zware hoevebrand blijft onduidelijk",https://www.nieuwsblad.be/regio/west-vlaanderen/midwest/staden/minderjarige-voorgeleid-voor-brandstichting-aan-bijgebouw-oorzaak-zware-hoevebrand-blijft-onduidelijk/160656564.html,"De drie minderjarigen die opgepakt werden na een reeks verdachte branden in Staden, worden voorlopig slechts met één brand in verband gebracht. Eén van de minderjarigen wordt voorgeleid voor de jeugdrechter, de anderen mochten beschikken.",2026-08-28T13:31:00Z,2026-08-28T14:03:52.325895Z,2026-08-28T14:03:17.890939Z,Staden,new,1
f29aed469b3dde47cff142dc,vrt_nws,VRT NWS,news_media,communauté,Flandre|Bruxelles,editorial_media,open,vrt_nws_rss,Flux VRT NWS,actualités|presse|Belgique,nl,Hoeveel boete voor bumperkleven? Correcties en aanvullingen augustus,https://vrtnws.be/p.11voVJR6W,"Het nieuwsombudsteam verzamelt hier correcties en relevante aanvullingen bij de berichtgeving van VRT NWS. Ze worden vaak gemeld door aandachtige lezers, kijkers of luisteraars. De focus ligt vooral op opmerkingen in verband met radio- en tv-programma's. Correcties en aanvullingen bij online artikels of posts op sociale media worden in het artikel of de post zelf verwerkt, maar kunnen hier ook een vermelding krijgen.",2026-08-28T13:31:00Z,2026-08-28T14:03:52.325895Z,2026-08-28T14:03:19.149230Z,,new,1
0e15da694e9140c9fc0470c4,hln,Het Laatste Nieuws,news_media,national,Belgique,editorial_media,mixed_paywall,hln_rss,Nieuwsfeed,actualités|presse|Belgique,nl,"“Ik dacht dat ik op werktrip was, tot Niels op één knie ging”: Kim Van Oncen vertelt over haar romantische aanzoek op Ibiza",https://www.hln.be/bv/ik-dacht-dat-ik-op-werktrip-was-tot-niels-op-een-knie-ging-kim-van-oncen-vertelt-over-haar-romantische-aanzoek-op-ibiza~a695a06e/,"Reizen zit Kim Van Oncen in het bloed. En of het nu gaat om avontuur in Qatar of een huwelijksaanzoek op Ibiza: voor Kim draait vakantie toch vooral om qualitytime met haar gezin en bewust tijd maken voor elkaar. “Vakantie geeft ons de kans om opnieuw écht verbinding te maken, en alles weer even in balans te brengen”, zegt de actrice en presentatrice in het weekblad ‘Story’.",2026-08-28T13:30:54Z,2026-08-28T14:03:52.325895Z,2026-08-28T14:03:17.439339Z,,new,1
88b1f447fb23fa7f1bd9862e,hln,Het Laatste Nieuws,news_media,national,Belgique,editorial_media,mixed_paywall,hln_rss,Nieuwsfeed,actualités|presse|Belgique,nl,“Twee telefoons van opwinding en meteen focus op Gent”: Ivan Leko overschouwt “verraderlijke” Champions League-loting,https://www.hln.be/jupiler-pro-league/twee-telefoons-van-opwinding-en-meteen-focus-op-gent-ivan-leko-overschouwt-verraderlijke-champions-league-loting~afbfa708/,"Een geweldige voetbalzondag wordt afgetrapt met AA Gent-Club Brugge (13u30). Behoudt blauw-zwart het maximum van de punten, of zijn het de Buffalo’s die aan het langste eind trekken?",2026-08-28T13:30:52Z,2026-08-28T14:03:52.325895Z,2026-08-28T14:03:17.439339Z,,new,1
6640ac9a8ca371d94f5bcf3f,brf_news,BRF Nachrichten,news_media,communauté,Communauté germanophone,editorial_media,open,brf_news_rss,Flux BRF Nachrichten,actualités|presse|terrain,de,Königspaar reist zum Treffen der deutschsprachigen Länder,https://brf.be/national/2104155/,"König Philippe und Königin Mathilde nehmen am 1. und 2. September am informellen Treffen der Staatsoberhäupter der deutschsprachigen Länder teil. Gastgeber des Treffens ist in diesem Jahr Österreich. Nach der Zusammenkunft in Innsbruck reist das Königspaar zum Stubaier Gletscher, um sich dort über die Auswirkungen des Klimawandels zu informieren. An dem Treffen in Innsbruck nehmen […]",2026-08-28T13:30:00Z,2026-08-28T14:03:52.325895Z,2026-08-28T14:03:19.510272Z,Belgisches Königshaus | Deutschland | Liechtenstein | Luxemburg | National | Schweiz | Österreich,new,1
ad822cb45949592b11c11266,gva,Gazet van Antwerpen,news_media,région,Flandre,editorial_media,mixed_paywall,gva_rss,Nieuwsfeed,actualités|presse|terrain,nl,“Nu kan ook mijn grootmoeder me hier weer zien spelen”: kind van het huis Mats Rits officieel voorgesteld bij ‘zijn’ Beerschot,https://www.gva.be/sport/voetbal/nu-kan-ook-mijn-grootmoeder-me-hier-weer-zien-spelen-kind-van-het-huis-mats-rits-officieel-voorgesteld-bij-zijn-beerschot/160658202.html,"Mats Rits (33), die vrijdagmiddag op het Kiel officieel werd voorgesteld, straalde zichtbaar na zijn terugkeer. Vijftien jaar nadat hij Beerschot verliet, is de ervaren middenvelder weer thuis. Rits wil meteen zijn steentje bijdragen aan de jacht op promotie. “Ook mijn familie was enorm enthousiast.”",2026-08-28T13:30:00Z,2026-08-28T14:03:52.325895Z,2026-08-28T14:03:18.102108Z,Voetbal,new,1
776e66d61cabfabd5dc838fa,gva,Gazet van Antwerpen,news_media,région,Flandre,editorial_media,mixed_paywall,gva_rss,Nieuwsfeed,actualités|presse|terrain,nl,Ivan Leko “droomde van Mourinho” bij Champions League-loting en focust zich op AA Gent: “Ik zie progressie in mijn groep”,https://www.gva.be/sport/voetbal/ivan-leko-droomde-van-mourinho-bij-champions-league-loting-en-focust-zich-op-aa-gent-ik-zie-progressie-in-mijn-groep/160655733.html,"Hij kreeg een leuke Champions League-loting, maar Ivan Leko laat zich allerminst meeslepen. “Eerst een grote test tegen AA Gent”, sprak de coach van Club Brugge. Om daarna toch even in zijn ziel te laten kijken: “Ik droomde van Mourinho, de reden waarom ik coach ben.”",2026-08-28T13:30:00Z,2026-08-28T14:03:52.325895Z,2026-08-28T14:03:18.102108Z,Voetbal,new,1
64546058353543bc55a9e24b,hbvl,Het Belang van Limburg,news_media,région,Flandre,editorial_media,mixed_paywall,hbvl_rss,Nieuwsfeed,actualités|presse|terrain,nl,Ivan Leko “droomde van Mourinho” bij Champions League-loting en focust zich op AA Gent: “Ik zie progressie in mijn groep”,https://www.hbvl.be/sport/voetbal/ivan-leko-droomde-van-mourinho-bij-champions-league-loting-en-focust-zich-op-aa-gent-ik-zie-progressie-in-mijn-groep/160655732.html,"Hij kreeg een leuke Champions League-loting, maar Ivan Leko laat zich allerminst meeslepen. “Eerst een grote test tegen AA Gent”, sprak de coach van Club Brugge. Om daarna toch even in zijn ziel te laten kijken: “Ik droomde van Mourinho, de reden waarom ik coach ben.”",2026-08-28T13:30:00Z,2026-08-28T14:03:52.325895Z,2026-08-28T14:03:18.507263Z,Voetbal,new,1
ec37d07633d33a5324ea2b32,het_nieuwsblad,Het Nieuwsblad,news_media,national,Belgique,editorial_media,mixed_paywall,het_nieuwsblad_rss,Nieuwsfeed,actualités|presse|terrain,nl,"Stenen Molen draait weer na restauratie, maar hij zal niet meer malen: “Financieel is dat niet haalbaar”",https://www.nieuwsblad.be/regio/west-vlaanderen/zuid-west-vlaanderen/zwevegem/stenen-molen-draait-weer-na-restauratie-maar-hij-zal-niet-meer-malen-financieel-is-dat-niet-haalbaar/160647871.html,"De Klockemolen, beter bekend als de Stenen Molen, heeft nieuwe wieken gekregen. Daarmee is de vierde fase van de restauratie afgerond en is de molen opnieuw draaivaardig. Malen zal hij niet meer: dat zou te duur en te ingrijpend zijn. Op Open Monumentendag, zondag 13 september, hopen de molenaars hem voor het eerst te laten draaien – als de wind meezit.",2026-08-28T13:30:00Z,2026-08-28T14:03:52.325895Z,2026-08-28T14:03:17.890939Z,Zwevegem,new,1
ea050e93fd19f3f2e5e06cbf,het_nieuwsblad,Het Nieuwsblad,news_media,national,Belgique,editorial_media,mixed_paywall,het_nieuwsblad_rss,Nieuwsfeed,actualités|presse|terrain,nl,"Minder cafés, maar wel dubbel zo veel koffiebars sinds coronacrisis: “Klassieke wekelijkse cafébezoek staat onder druk”",https://www.nieuwsblad.be/regio/oost-vlaanderen/regio-gent/gent/minder-cafes-maar-wel-dubbel-zo-veel-koffiebars-sinds-coronacrisis-klassieke-wekelijkse-cafebezoek-staat-onder-druk/160643569.html,"Sinds 2019 zijn in Gent 64 cafés verdwenen. Vooral de coronacrisis hakte erin. Koffiebars daarentegen blijven er bijkomen, vooral in het centrum van de stad. Het aantal koffiezaken is in zes jaar tijd meer dan verdubbeld.",2026-08-28T13:30:00Z,2026-08-28T14:03:52.325895Z,2026-08-28T14:03:17.890939Z,Gent,new,1
287e0f159ec3f39c1b1f9a87,het_nieuwsblad,Het Nieuwsblad,news_media,national,Belgique,editorial_media,mixed_paywall,het_nieuwsblad_rss,Nieuwsfeed,actualités|presse|terrain,nl,“Nu kan ook mijn grootmoeder me hier weer zien spelen”: kind van het huis Mats Rits officieel voorgesteld bij ‘zijn’ Beerschot,https://www.nieuwsblad.be/sport/voetbal/nu-kan-ook-mijn-grootmoeder-me-hier-weer-zien-spelen-kind-van-het-huis-mats-rits-officieel-voorgesteld-bij-zijn-beerschot/160630662.html,"Mats Rits (33), die vrijdagmiddag op het Kiel officieel werd voorgesteld, straalde zichtbaar na zijn terugkeer. Vijftien jaar nadat hij Beerschot verliet, is de ervaren middenvelder weer thuis. Rits wil meteen zijn steentje bijdragen aan de jacht op promotie. “Ook mijn familie was enorm enthousiast.”",2026-08-28T13:30:00Z,2026-08-28T14:03:52.325895Z,2026-08-28T14:03:17.890939Z,Voetbal,new,1
c6332592447e0ac2ad21fdd5,het_nieuwsblad,Het Nieuwsblad,news_media,national,Belgique,editorial_media,mixed_paywall,het_nieuwsblad_rss,Nieuwsfeed,actualités|presse|terrain,nl,Verdachte (21) krijgt enkelband na messteek en val van balkon: “Hij moest eerst verhuizen uit caravan”,https://www.nieuwsblad.be/regio/west-vlaanderen/regio-brugge/knokke-heist/verdachte-21-krijgt-enkelband-na-messteek-en-val-van-balkon-hij-moest-eerst-verhuizen-uit-caravan/160625765.html,"In het onderzoek naar een moordpoging in Knokke-Heist heeft de Brugse raadkamer een 21-jarige verdachte onder elektronisch toezicht geplaatst. Dat had eigenlijk al een maand eerder moeten gebeuren, maar door een praktisch probleem kan de jongeman nu pas de cel verlaten met een enkelband.",2026-08-28T13:30:00Z,2026-08-28T14:03:52.325895Z,2026-08-28T14:03:17.890939Z,Knokke-Heist,new,1
63006bb7041b426197f47763,het_nieuwsblad,Het Nieuwsblad,news_media,national,Belgique,editorial_media,mixed_paywall,het_nieuwsblad_rss,Nieuwsfeed,actualités|presse|terrain,nl,Ivan Leko “droomde van Mourinho” bij Champions League-loting en focust zich op AA Gent: “Ik zie progressie in mijn groep”,https://www.nieuwsblad.be/sport/voetbal/ivan-leko-droomde-van-mourinho-bij-champions-league-loting-en-focust-zich-op-aa-gent-ik-zie-progressie-in-mijn-groep/160599421.html,"Hij kreeg een leuke Champions League-loting, maar Ivan Leko laat zich allerminst meeslepen. “Eerst een grote test tegen AA Gent”, sprak de coach van Club Brugge. Om daarna toch even in zijn ziel te laten kijken: “Ik droomde van Mourinho, de reden waarom ik coach ben.”",2026-08-28T13:30:00Z,2026-08-28T14:03:52.325895Z,2026-08-28T14:03:17.890939Z,Voetbal,new,1
6e69a4429febd23f204e866a,le_soir,Le Soir,news_media,national,Belgique,editorial_media,mixed_paywall,le_soir_rss,Flux principal,actualités|presse|Belgique,fr,"Oiseaux migrateurs, moustiques: le virus du Nil occidental gagne l’Europe",https://www.lesoir.be/767684/article/2026-08-28/oiseaux-migrateurs-moustiques-le-virus-du-nil-occidental-gagne-leurope,"En Belgique, seules des contaminations animales ont été enregistrées. Chez l’homme, la maladie est le plus souvent asymptomatique ou de type grippal, mais elle peut être plus sévère chez les plus de 80 ans.",2026-08-28T13:28:47Z,2026-08-28T14:03:52.325895Z,2026-08-28T14:03:16.152498Z,Santé,new,1
cb08e0abae6499358879fca2,dhnet,DH Les Sports+,news_media,national,Belgique,editorial_media,mixed_paywall,dhnet_rss,Flux actualités,actualités|presse|Belgique,fr,"”Il y a une prise de risque”: Céline Dion vient d’atterrir à Paris, voici son hôtel et les mesures de sa neurologue pour ne pas annuler sa tournée",https://www.dhnet.be/medias/musique/2026/08/28/il-y-a-une-prise-de-risque-celine-dion-vient-datterrir-a-paris-voici-son-hotel-et-les-mesures-de-sa-neurologue-pour-ne-pas-annuler-sa-tournee-LFL5HZFH6VGHBKQREOVF3TOV4E/,Le Parisien révèle que la star canadienne logera au Royal Monceau en vue de la préparation de ses concerts dont le premier aura lieu le 12 septembre prochain. Une tournée intense qui se finira le 17 octobre....,2026-08-28T13:27:11Z,2026-08-28T14:03:52.325895Z,2026-08-28T14:03:17.464466Z,Musique,new,1
d03caf1549203968f1020278,vrt_nws,VRT NWS,news_media,communauté,Flandre|Bruxelles,editorial_media,open,vrt_nws_rss,Flux VRT NWS,actualités|presse|Belgique,nl,Paul uit Brugge trekt naar Nepal voor noodhulp na dodelijke modderstroom,https://vrtnws.be/p.NvXmmDw7O,"Paul Vandemoortel uit Brugge vertrekt morgen voor 3,5 maand naar Nepal om er noodhulp te bieden. Eerder deze week veroorzaakte een gletsjerbreuk daar een gigantische modderstroom die complete dorpen vernietigde. Er vielen honderden doden en meer dan 1.300 mensen zijn nog vermist. Vandemoortel is voorzitter van de vzw Himalayan Projects, die de bevolking in Nepal al langer steunt.",2026-08-28T13:24:51Z,2026-08-28T14:03:52.325895Z,2026-08-28T14:03:19.149230Z,,new,1
666b410084adfda1ece1cd7f,vrt_nws,VRT NWS,news_media,communauté,Flandre|Bruxelles,editorial_media,open,vrt_nws_rss,Flux VRT NWS,actualités|presse|Belgique,nl,Hostieschaal en kelk: waardevolle kerkstukken verdwenen uit Sint-Niklaaskerk in Liedekerke,https://vrtnws.be/p.kQGNNMbda,"Uit de Sint-Niklaaskerk in Liedekerke zijn enkele waardevolle liturgische voorwerpen verdwenen. Het gaat om een zilveren kelk, een hostieschaal, ampullen (kruikjes) voor water en wijn en een bijbehorende schaal. Voor pastoor Sven Bosmans hebben de voorwerpen een grote emotionele waarde. ""Ik kreeg ze bij mijn priesterwijding 25 jaar geleden.""",2026-08-28T13:24:11Z,2026-08-28T14:03:52.325895Z,2026-08-28T14:03:19.149230Z,,new,1
4ab21f9620c525e5e28078d2,gva,Gazet van Antwerpen,news_media,région,Flandre,editorial_media,mixed_paywall,gva_rss,Nieuwsfeed,actualités|presse|terrain,nl,Stadsregio vervangt Digibanken door Digipunten: “We blijven mensen helpen in een wereld die steeds digitaler wordt”,https://www.gva.be/regio/antwerpen/kempen/turnhout/stadsregio-vervangt-digibanken-door-digipunten-we-blijven-mensen-helpen-in-een-wereld-die-steeds-digitaler-wordt/160653847.html,"Vlaanderen stopt de ondersteuning van Digibanken, maar de zes gemeenten van de stadsregio Kordia zetten de werking, die de naam Digipunt kreeg, voort. Deze Digipunten bieden laagdrempelige steun voor wie worstelt met de computer of de smartphone.",2026-08-28T13:23:13Z,2026-08-28T14:03:52.325895Z,2026-08-28T14:03:18.102108Z,Turnhout,new,1
86a670bedef8adc265e53ce2,het_nieuwsblad,Het Nieuwsblad,news_media,national,Belgique,editorial_media,mixed_paywall,het_nieuwsblad_rss,Nieuwsfeed,actualités|presse|terrain,nl,Stadsregio vervangt Digibanken door Digipunten: “We blijven mensen helpen in een wereld die steeds digitaler wordt”,https://www.nieuwsblad.be/regio/antwerpen/kempen/turnhout/stadsregio-vervangt-digibanken-door-digipunten-we-blijven-mensen-helpen-in-een-wereld-die-steeds-digitaler-wordt/160655701.html,"Vlaanderen stopt de ondersteuning van Digibanken, maar de zes gemeenten van de stadsregio Kordia zetten de werking, die de naam Digipunt kreeg, voort. Deze Digipunten bieden laagdrempelige steun voor wie worstelt met de computer of de smartphone.",2026-08-28T13:23:13Z,2026-08-28T14:03:52.325895Z,2026-08-28T14:03:17.890939Z,Turnhout,new,1
04d97885eb75c3400b41a236,vrt_nws,VRT NWS,news_media,communauté,Flandre|Bruxelles,editorial_media,open,vrt_nws_rss,Flux VRT NWS,actualités|presse|Belgique,nl,Internaat Noord in Roeselare verhuist tijdelijk naar gesloten rusthuis,https://vrtnws.be/p.GvXeeV3xy,Het internaat Noord in Roeselare is tijdelijk verhuisd naar het oude rusthuis Ter Berken. De voorbije 2 maanden werd er hard gewerkt om het rusthuis te verbouwen. Er is plaats voor 50 leerlingen. Het internaat blijft al zeker tot eind dit jaar op site Ter Berken.,2026-08-28T13:23:05Z,2026-08-28T14:03:52.325895Z,2026-08-28T14:03:19.149230Z,,new,1
bcc621512d23da8288806707,rtbf_info,RTBF Info,news_media,communauté,Wallonie|Bruxelles,editorial_media,open,rtbf_info_rss,Flux RTBF Info,actualités|presse|Belgique,fr,Comprendre un Max: l'incendie des Fagnes expliqué simplement,https://www.rtbf.be/article/comprendre-un-max-l-incendie-des-fagnes-explique-simplement-11776678,"Les Hautes Fagnes, c'est un territoire immense à cheval sur la Belgique et l'Allemagne, situé à environ 600 mètres...",2026-08-28T13:20:44Z,2026-08-28T14:03:52.325895Z,2026-08-28T14:03:19.358990Z,NIOUZZ-,new,1
bac32398cf8652f5332a0c1d,cwape,Commission wallonne pour l'Énergie,regulator,région,Wallonie,official_public,,cwape_rss,Flux des documents récents,décisions|avis|publications,fr,Octroi d'une aide aux entreprises en compensation des coûts des émissions indirectes entre 2021 et 2030: avis sur un projet d’AGW modificatif,https://www.cwape.be/documents-recents/octroi-dune-aide-aux-entreprises-en-compensation-des-couts-des-emissions-0,"Octroi d'une aide aux entreprises en compensation des coûts des émissions indirectes entre 2021 et 2030: avis sur un projet d’AGW modificatif acso 28-08-2026 Octroi d'une aide aux entreprises en compensation des coûts des émissions indirectes entre 2021 et 2030: avis sur un projet d’AGW modificatif 28-08-2026 À la demande du Cabinet du vice-Président de la Wallonie, Ministre de l'Économie, du Commerce extérieur, de la Recherche et de l'Innovation, du Numérique, de l'Agriculture, de l'Aménagement du territoire, de l'IFAPME et des Centres de compétence, la CWaPE a remis son avis succinct sur…",2026-08-28T13:19:01Z,2026-08-28T13:32:06.723013Z,2026-08-28T14:03:11.808183Z,,existing,3
59d2715491211b087cdacdbd,de_standaard,De Standaard,news_media,national,Belgique,editorial_media,mixed_paywall,de_standaard_rss,Binnenland,actualités|presse|Belgique,nl,"Nepagenten ontvoeren veertiger en gijzelen hem dagenlang, politie pakt drie verdachten op",https://www.standaard.be/binnenland/nepagenten-ontvoeren-veertiger-en-gijzelen-hem-dagenlang-politie-pakt-drie-verdachten-op/160654363.html,Een 40-jarige man is eerder deze maand in Lippelo ontvoerd door nepagenten. Hij werd klemgereden en in een wagen gesleurd. Er zijn aanwijzingen dat de daders met de ontvoering de broer van het slachtoffer wilden intimideren. Drie verdachten werden opgepakt en zitten in de cel.,2026-08-28T13:18:41Z,2026-08-28T14:03:52.325895Z,2026-08-28T14:03:17.986125Z,Binnenland,new,1
7fc1753eff15e052eb626581,vrt_nws,VRT NWS,news_media,communauté,Flandre|Bruxelles,editorial_media,open,vrt_nws_rss,Flux VRT NWS,actualités|presse|Belgique,nl,"Blauwalgen verhinderen zwemmen in Gents open water definitief, proefproject van 90.000 euro mislukt",https://vrtnws.be/p.E1XMMxXJB,"Er zal deze zomer niet in open water gezwommen worden in 3 zones die Gent daarvoor had ingericht. Het proefproject dat van 13 tot 31 augustus zou lopen, draait zo uit op een ontgoocheling. Gent investeerde 90.000 euro. ""De blauwalgen blijven woekeren, we hebben een bijna constante hittegolf gehad"", zucht schepen Joris Vandenbroucke (Voor Gent).",2026-08-28T13:18:17Z,2026-08-28T14:03:52.325895Z,2026-08-28T14:03:19.149230Z,,new,1
0a8eac60c8537b835a90b69f,de_morgen,De Morgen,news_media,national,Belgique,editorial_media,mixed_paywall,de_morgen_rss,In het nieuws,actualités|presse|Belgique,nl,"Nepagenten ontvoeren 40-jarige man in Puurs: slachtoffer dagenlang gegijzeld, drie verdachten opgepakt",https://www.demorgen.be/nieuws/nepagenten-ontvoeren-40-jarige-man-in-puurs-slachtoffer-dagenlang-gegijzeld-drie-verdachten-opgepakt~be4d6f91/,,2026-08-28T13:18:00Z,2026-08-28T14:03:52.325895Z,2026-08-28T14:03:17.489081Z,,new,1
fd2538c30067ebd00bdfae8f,hln,Het Laatste Nieuws,news_media,national,Belgique,editorial_media,mixed_paywall,hln_rss,Nieuwsfeed,actualités|presse|Belgique,nl,"“Ze hebben een transitie gemaakt”: David Hubert, die nog enkele jonkies van Anderlecht kent, ziet frisse wind bij tegenstander van zondag",https://www.hln.be/jupiler-pro-league/ze-hebben-een-transitie-gemaakt-david-hubert-die-nog-enkele-jonkies-van-anderlecht-kent-ziet-frisse-wind-bij-tegenstander-van-zondag~ae85b7cd/,"Nog een interessant duel op zondag, want Union en Anderlecht vechten de Brusselse derby uit.",2026-08-28T13:18:00Z,2026-08-28T14:03:52.325895Z,2026-08-28T14:03:17.439339Z,,new,1
c143cb0b1cd796beec817368,vrt_nws,VRT NWS,news_media,communauté,Flandre|Bruxelles,editorial_media,open,vrt_nws_rss,Flux VRT NWS,actualités|presse|Belgique,nl,"""Jongste koning ter wereld"" Oyo Rudiki IV (34) is overleden",https://vrtnws.be/p.PqXkkd1BV,"Het koninkrijk Toro in het westen van Oeganda is in diepe rouw. Koning Oyo Rudiki IV (34), die als kleuter ""de jongste koning ter wereld"" werd, is overleden. Dat heeft de premier van het traditionele koninkrijk bekendgemaakt.",2026-08-28T13:17:29Z,2026-08-28T14:03:52.325895Z,2026-08-28T14:03:19.149230Z,,new,1
192bf934b6ec152ac362510f,brf_news,BRF Nachrichten,news_media,communauté,Communauté germanophone,editorial_media,open,brf_news_rss,Flux BRF Nachrichten,actualités|presse|terrain,de,Rallye Paraguay: Solberg in Führung - Neuville und Katsuta ausgeschieden,https://brf.be/sport/2104146/,"Was für ein Start in den zwölften Saisonlauf! Nach wenigen Kilometern ist Takamoto Katsuta draußen, Thierry Neuville folgt ihm auf die Ausfall-Liste. Sébastien Ogier rutscht nach zwei Plattfüßen in der Wertung nach hinten. An der Spitze liegen Oliver Solberg, Adrien Fourmaux und Hayden Paddon.",2026-08-28T13:16:18Z,2026-08-28T14:03:52.325895Z,2026-08-28T14:03:19.510272Z,Motorsport | Paraguay | Rallye | Sport | Thierry Neuville | Top News,new,1
f0c5f5c090b6ff5bbde93576,bx1,BX1,news_media,région,Bruxelles,editorial_media,open,bx1_rss,Flux BX1,actualités|presse|terrain,fr,"À l’ULB, un chercheur développe des matériaux capables de s’auto-réparer",https://bx1.be/categories/news/a-lulb-un-chercheur-developpe-des-materiaux-capables-de-sauto-reparer/,"À Bruxelles, un chercheur de l’ULB développe une technologie qui pourrait simplifier l’entretien des bâtiments et des infrastructures. ■ Reportage de Romuald la Morté et Romuald Thomas Et si les fissures dans le béton pouvaient disparaître d’elles-mêmes? À l’Université libre de Bruxelles (ULB), Didier Snoeck, professeur et chercheur à l’École polytechnique de Bruxelles, travaille … lire plus",2026-08-28T13:16:04Z,2026-08-28T14:03:52.325895Z,2026-08-28T14:03:19.625714Z,News | Reportages | Sciences | chercheur ULB,new,1
a380bbf0cd5e60dcce2204d3,hbvl,Het Belang van Limburg,news_media,région,Flandre,editorial_media,mixed_paywall,hbvl_rss,Nieuwsfeed,actualités|presse|terrain,nl,Uitslaande brand in flat in centrum van Genk,https://www.hbvl.be/regio/limburg/genk/uitslaande-brand-in-flat-in-centrum-van-genk/160654945.html,In de Molenstraat in Genk heeft een uitslaande brand vrijdagnamiddag een flat vernield. Het vuur brak rond 15 uur uit. De brandweer van Genk is bezig met de bluswerken. Later meer.,2026-08-28T13:15:00Z,2026-08-28T14:03:52.325895Z,2026-08-28T14:03:18.507263Z,Genk,new,1
5e6b761cf546e9b61122af44,het_nieuwsblad,Het Nieuwsblad,news_media,national,Belgique,editorial_media,mixed_paywall,het_nieuwsblad_rss,Nieuwsfeed,actualités|presse|terrain,nl,Uitslaande brand in flat in centrum van Genk,https://www.nieuwsblad.be/regio/limburg/genk/uitslaande-brand-in-flat-in-centrum-van-genk/160656045.html,In de Molenstraat in Genk heeft een uitslaande brand vrijdagnamiddag een flat vernield. Het vuur brak rond 15 uur uit. De brandweer van Genk is bezig met de bluswerken. Later meer.,2026-08-28T13:15:00Z,2026-08-28T14:03:52.325895Z,2026-08-28T14:03:17.890939Z,Genk,new,1
5389e291ba742d8e6dccbbdc,het_nieuwsblad,Het Nieuwsblad,news_media,national,Belgique,editorial_media,mixed_paywall,het_nieuwsblad_rss,Nieuwsfeed,actualités|presse|terrain,nl,"Italiaan (22) die verdacht wordt van steekpartij in hostel, mag cel onder voorwaarden verlaten",https://www.nieuwsblad.be/regio/west-vlaanderen/regio-brugge/brugge/italiaan-22-die-verdacht-wordt-van-steekpartij-in-hostel-mag-cel-onder-voorwaarden-verlaten/160642632.html,"Een 22-jarige Italiaan die verdacht wordt van poging tot doodslag in een Brugs hostel, mag de gevangenis onder voorwaarden verlaten. Dat heeft de raadkamer in Brugge vrijdag beslist.",2026-08-28T13:15:00Z,2026-08-28T14:03:52.325895Z,2026-08-28T14:03:17.890939Z,Brugge,new,1
06f098240ce4f54952e9a169,sudinfo,Sudinfo,news_media,région,Wallonie|Bruxelles,editorial_media,mixed_paywall,sudinfo_rss,Flux principal,actualités|presse|terrain,fr,Vous perdez vos cheveux depuis la fin des vacances? Voici pourquoi,https://www.sudinfo.be/id1186527/article/2026-08-28/vous-perdez-vos-cheveux-depuis-la-fin-des-vacances-voici-pourquoi,"Vous en retrouvez davantage sur votre brosse, dans la douche ou sur votre oreiller depuis quelques semaines? Rassurez-vous, vous n’êtes pas le seul. À l’approche de l’automne, certaines personnes constatent une chute de cheveux plus importante. Explications.",2026-08-28T13:15:00Z,2026-08-28T14:03:52.325895Z,2026-08-28T14:03:17.045284Z,Mode et Beauté,new,1
ccce63ab8b9892d334582959,de_tijd,De Tijd,news_media,national,Belgique,editorial_media,mixed_paywall,de_tijd_rss,Algemeen nieuws,actualités|presse|économie,nl,Chinese autogigant BYD boekt eerst winstgroei in meer dan een jaar,https://www.tijd.be/r/t/1/id/10683897,Voor het eerst in vijf kwartalen kan de Chinese autogigant BYD uitpakken met winstgroei. Vooral de toenemende export ligt aan de basis.,2026-08-28T13:14:14Z,2026-08-28T14:03:52.325895Z,2026-08-28T14:03:18.412767Z,Ondernemen,new,1
d991efcd8c5eb8eb0ff22c56,gva,Gazet van Antwerpen,news_media,région,Flandre,editorial_media,mixed_paywall,gva_rss,Nieuwsfeed,actualités|presse|terrain,nl,Voedselvergiftiging treft introductieweek in Poppel: zeker 175 Nederlandse studenten en medewerkers ziek,https://www.gva.be/regio/antwerpen/kempen/ravels/voedselvergiftiging-treft-introductieweek-in-poppel-zeker-175-nederlandse-studenten-en-medewerkers-ziek/160654900.html,"Op camping Tulderheyde in Poppel (Ravels) zijn donderdagavond en -nacht zeker 175 studenten en medewerkers van een universiteit uit Breda ziek geworden. Ze liepen wellicht een voedselvergiftiging op. De universiteit besliste om in totaal 800 personen die deelnamen aan een introductieweek in Poppel, weer naar huis te brengen.",2026-08-28T13:14:00Z,2026-08-28T14:03:52.325895Z,2026-08-28T14:03:18.102108Z,Ravels,new,1
ffd1e57e3391f129889c8c01,het_nieuwsblad,Het Nieuwsblad,news_media,national,Belgique,editorial_media,mixed_paywall,het_nieuwsblad_rss,Nieuwsfeed,actualités|presse|terrain,nl,Voedselvergiftiging treft introductieweek in Poppel: zeker 175 Nederlandse studenten en medewerkers ziek,https://www.nieuwsblad.be/regio/antwerpen/kempen/ravels/voedselvergiftiging-treft-introductieweek-in-poppel-zeker-175-nederlandse-studenten-en-medewerkers-ziek/160655500.html,"Op camping Tulderheyde in Poppel (Ravels) zijn donderdagavond en -nacht zeker 175 studenten en medewerkers van een universiteit uit Breda ziek geworden. Ze liepen wellicht een voedselvergiftiging op. De universiteit besliste om in totaal 800 personen die deelnamen aan een introductieweek in Poppel, weer naar huis te brengen.",2026-08-28T13:14:00Z,2026-08-28T14:03:52.325895Z,2026-08-28T14:03:17.890939Z,Ravels,new,1
1c83e43d4ac6620b4e3e0b34,het_nieuwsblad,Het Nieuwsblad,news_media,national,Belgique,editorial_media,mixed_paywall,het_nieuwsblad_rss,Nieuwsfeed,actualités|presse|terrain,nl,"TWEEDE PROVINCIALE. Twee ploegmaats missen hele seizoen, speler maand geschorst en meteen topper",https://www.nieuwsblad.be/sport/sportregio/tweede-provinciale.-twee-ploegmaats-missen-hele-seizoen-speler-maand-geschorst-en-meteen-topper/160654773.html,"Twee ploegmaats die al een kruis moeten maken over het seizoen, een speler die aan de nieuwe competitie begint met een schorsing van vier speeldagen, een aanwinst die nog niet fit is en meteen enkele leuke confrontaties op speeldag één. Lees hier alle ploegnieuws uit tweede provinciale voor dit weekend.",2026-08-28T13:13:55Z,2026-08-28T14:03:52.325895Z,2026-08-28T14:03:17.890939Z,Sportregio,new,1
a2ed0ad236b58b06831c46d9,hbvl,Het Belang van Limburg,news_media,région,Flandre,editorial_media,mixed_paywall,hbvl_rss,Nieuwsfeed,actualités|presse|terrain,nl,"TWEEDE PROVINCIALE. Twee ploegmaats missen hele seizoen, speler maand geschorst en meteen topper",https://www.hbvl.be/sport/voetbal/tweede-provinciale.-twee-ploegmaats-missen-hele-seizoen-speler-maand-geschorst-en-meteen-topper/160533773.html,"Twee ploegmaats die al een kruis moeten maken over het seizoen, een speler die aan de nieuwe competitie begint met een schorsing van vier speeldagen, een aanwinst die nog niet fit is en meteen enkele leuke confrontaties op speeldag één. Lees hier alle ploegnieuws uit tweede provinciale voor dit weekend.",2026-08-28T13:13:52Z,2026-08-28T14:03:52.325895Z,2026-08-28T14:03:18.507263Z,Voetbal,new,1
63b28ecae39b8ab893d9a475,le_soir,Le Soir,news_media,national,Belgique,editorial_media,mixed_paywall,le_soir_rss,Flux principal,actualités|presse|Belgique,fr,"Les ministres du Tourisme rassurent, « les Fagnes ne sont pas fermées »",https://www.lesoir.be/767679/article/2026-08-28/les-ministres-du-tourisme-rassurent-les-fagnes-ne-sont-pas-fermees,"Ce vendredi, les ministres wallon et germanophone du tourisme annoncent que « les Fagnes ne sont pas fermées ».",2026-08-28T13:13:30Z,2026-08-28T14:03:52.325895Z,2026-08-28T14:03:16.152498Z,Wallonie,new,1
5120f1f21eab0eb31e9ff2cd,hln,Het Laatste Nieuws,news_media,national,Belgique,editorial_media,mixed_paywall,hln_rss,Nieuwsfeed,actualités|presse|Belgique,nl,“Doorstoten naar knock-outfase is realistische ambitie”: Anderlecht-voorzitter Michael Verschueren tevreden met Europa League-loting,https://www.hln.be/anderlecht/doorstoten-naar-knock-outfase-is-realistische-ambitie-anderlecht-voorzitter-michael-verschueren-tevreden-met-europa-league-loting~a210e18a/,"Anderlecht werd in het Grimaldi Forum van Monaco in de League Phase van de Europa League gekoppeld aan Lyon, Marseille, Salzburg, GNK Dinamo Zagreb, Sunderland, Jagiellonia, Hoffenheim en OFI Kreta. Een loting waar Michael Verschueren zich zeker in kan vinden. “Doorstoten naar de knock-outfase is een realistische ambitie”, zegt de voorzitter van paars-wit in een eerste reactie vanuit Monaco.",2026-08-28T13:13:03Z,2026-08-28T14:03:52.325895Z,2026-08-28T14:03:17.439339Z,,new,1
885de1d80029a8db7f9df8fc,hln,Het Laatste Nieuws,news_media,national,Belgique,editorial_media,mixed_paywall,hln_rss,Nieuwsfeed,actualités|presse|Belgique,nl,Japanse centrale bank gaf recordbedrag uit om koers yen te stutten,https://www.hln.be/buitenland/japanse-centrale-bank-gaf-recordbedrag-uit-om-koers-yen-te-stutten~a35d201e/,"De Japanse centrale bank heeft in de voorbije maand 15,4 biljoen yen – zo’n 80 miljard euro – uitgegeven om de koers van de yen te ondersteunen. Het ging om de grootste interventie op maandbasis ooit. Dat meldt het Japanse ministerie van Financiën vrijdag.",2026-08-28T13:13:00Z,2026-08-28T14:03:52.325895Z,2026-08-28T14:03:17.439339Z,,new,1
3e371f2a29d2c779a92b8ab8,het_nieuwsblad,Het Nieuwsblad,news_media,national,Belgique,editorial_media,mixed_paywall,het_nieuwsblad_rss,Nieuwsfeed,actualités|presse|terrain,nl,Schot’s Vishandel is best verkopende marktkraam in provincie Antwerpen: “Kibbeling smaakt altijd”,https://www.nieuwsblad.be/regio/antwerpen/regio-antwerpen/essen/schots-vishandel-is-best-verkopende-marktkraam-in-provincie-antwerpen-kibbeling-smaakt-altijd/160654559.html,"Dries Pannenkoeken uit het West-Vlaamse Ledegem is met bijna 1 miljoen euro brutowinst het best verkopende marktkraam in Vlaanderen. In onze provincie valt die eer te beurt aan Schot’s Vishandel uit Essen. En dus schoven wij vrijdag aan bij hun kraam op het Essense Heuvelplein. “Een goede kibbeling verveelt nooit”, lacht Clement Burger, al dertig jaar visverkoper bij de familie Schot.",2026-08-28T13:11:48Z,2026-08-28T14:03:52.325895Z,2026-08-28T14:03:17.890939Z,Essen,new,1
d89f7e0e7876f787a105f446,hbvl,Het Belang van Limburg,news_media,région,Flandre,editorial_media,mixed_paywall,hbvl_rss,Nieuwsfeed,actualités|presse|terrain,nl,Na sabbatjaar in Parijs wil Seppe (27) scoren voor Bree-Beek: “Blij om weer met spelletje bezig te zijn”,https://www.hbvl.be/sport/voetbal/na-sabbatjaar-in-parijs-wil-seppe-27-scoren-voor-bree-beek-blij-om-weer-met-spelletje-bezig-te-zijn/160530835.html,"Niet alleen voor zijn nieuwe club Bree-Beek, ook voor Seppe Maesen (27) betekent de derby tegen Zepperen-Brustem een terugkeer naar het nationale voetbal. De rijzige spits nam vorig seizoen een sabbatjaar, toen hij met zijn Italiaanse vriendin in Parijs woonde. “Het voelt goed weer met het spelletje bezig te zijn.”",2026-08-28T13:11:38Z,2026-08-28T14:03:52.325895Z,2026-08-28T14:03:18.507263Z,Voetbal,new,1
26ed86016f775e3ad3846faf,gva,Gazet van Antwerpen,news_media,région,Flandre,editorial_media,mixed_paywall,gva_rss,Nieuwsfeed,actualités|presse|terrain,nl,"Drugs, ondermaatse brandveiligheid en slechte hygiëne: politie verzegelt café Las Vegas in Borgerhout",https://www.gva.be/regio/antwerpen/regio-antwerpen/antwerpen/drugs-ondermaatse-brandveiligheid-en-slechte-hygiene-politie-verzegelt-cafe-las-vegas-in-borgerhout/160639369.html,"De Antwerpse politie heeft donderdag café Las Vegas op de Gitschotellei in Borgerhout verzegeld na een uitgebreide controle. “Van brandveiligheid was nauwelijks sprake en de hygiëne liet te wensen over”, zegt de politie, die ook drugs vond in de zaak.",2026-08-28T13:09:15Z,2026-08-28T14:03:52.325895Z,2026-08-28T14:03:18.102108Z,Antwerpen,new,1
3a74c729d1a34c0794715841,het_nieuwsblad,Het Nieuwsblad,news_media,national,Belgique,editorial_media,mixed_paywall,het_nieuwsblad_rss,Nieuwsfeed,actualités|presse|terrain,nl,"Drugs, ondermaatse brandveiligheid en slechte hygiëne: politie verzegelt café Las Vegas in Borgerhout",https://www.nieuwsblad.be/regio/antwerpen/regio-antwerpen/antwerpen/drugs-ondermaatse-brandveiligheid-en-slechte-hygiene-politie-verzegelt-cafe-las-vegas-in-borgerhout/160654310.html,"De Antwerpse politie heeft donderdag café Las Vegas op de Gitschotellei in Borgerhout verzegeld na een uitgebreide controle. “Van brandveiligheid was nauwelijks sprake en de hygiëne liet te wensen over”, zegt de politie, die ook drugs vond in de zaak.",2026-08-28T13:09:15Z,2026-08-28T14:03:52.325895Z,2026-08-28T14:03:17.890939Z,Antwerpen,new,1
380511092b18e755523eef22,hln,Het Laatste Nieuws,news_media,national,Belgique,editorial_media,mixed_paywall,hln_rss,Nieuwsfeed,actualités|presse|Belgique,nl,"Anderlecht heeft reünie met Nathan De Cat, Union tegen Besiktas van Leandro Trossard - ook AA Gent en STVV kennen Europese tegenstanders",https://www.hln.be/voetbal/anderlecht-heeft-reunie-met-nathan-de-cat-union-tegen-besiktas-van-leandro-trossard-ook-aa-gent-en-stvv-kennen-europese-tegenstanders~a5be33db/,"Anderlecht en Union kennen hun tegenstanders in de Europa League. Lyon treffen ze beide. Voorts neemt paars-wit het op tegen onder meer Marseille, Sunderland en Hoffenheim. Nathan De Cat keert dus terug naar het Lotto Park. Union speelt nog tegen onder andere Celtic en Celta de Vigo. AA Gent en STVV - dat Ajax over de vloer krijgt - kennen ook hun opponenten in de Conference League.",2026-08-28T13:08:00Z,2026-08-28T14:03:52.325895Z,2026-08-28T14:03:17.439339Z,,new,1
b07028f011be3c0e16a0a1dc,het_nieuwsblad,Het Nieuwsblad,news_media,national,Belgique,editorial_media,mixed_paywall,het_nieuwsblad_rss,Nieuwsfeed,actualités|presse|terrain,nl,"EERSTE PROVINCIALE. Ex-prof naar Park, Kortessem strikt avonturier en meteen topper in Zonhoven",https://www.nieuwsblad.be/sport/sportregio/eerste-provinciale.-ex-prof-naar-park-kortessem-strikt-avonturier-en-meteen-topper-in-zonhoven/160654053.html,"Twee opmerkelijke ‘last minute’-transfers, een aansluitingskaart uit Spanje die voor vertraging zorgt en meteen een topper (Zonhoven-Koersel) op speeldag één. Lees hier alle ploegnieuws uit eerste provinciale voor dit weekend.",2026-08-28T13:07:07Z,2026-08-28T14:03:52.325895Z,2026-08-28T14:03:17.890939Z,Sportregio,new,1
796b3a6907ec93b58915696d,hbvl,Het Belang van Limburg,news_media,région,Flandre,editorial_media,mixed_paywall,hbvl_rss,Nieuwsfeed,actualités|presse|terrain,nl,"EERSTE PROVINCIALE. Ex-prof naar Park, Kortessem strikt avonturier en meteen topper in Zonhoven",https://www.hbvl.be/sport/voetbal/eerste-provinciale.-ex-prof-naar-park-kortessem-strikt-avonturier-en-meteen-topper-in-zonhoven/160533742.html,"Twee opmerkelijke ‘last minute’-transfers, een aansluitingskaart uit Spanje die voor vertraging zorgt en meteen een topper (Zonhoven-Koersel) op speeldag één. Lees hier alle ploegnieuws uit eerste provinciale voor dit weekend.",2026-08-28T13:07:04Z,2026-08-28T14:03:52.325895Z,2026-08-28T14:03:18.507263Z,Voetbal,new,1
455bb1c735a5d582c04405c6,gva,Gazet van Antwerpen,news_media,région,Flandre,editorial_media,mixed_paywall,gva_rss,Nieuwsfeed,actualités|presse|terrain,nl,NMBS stuurt hulp nadat 150 passagiers vier uur lang vastzitten in defecte trein net over Franse grens: “Ook wij vinden dat het te lang heeft geduurd”,https://www.gva.be/binnenland/nmbs-stuurt-hulp-nadat-150-passagiers-vier-uur-lang-vastzitten-in-defecte-trein-net-over-franse-grens-ook-wij-vinden-dat-het-te-lang-heeft-geduurd/160651940.html,Net over de grens met Frankrijk heeft een Belgische trein met een 150-tal reizigers aan boord ruim vier uur stilgestaan vanwege een technisch probleem met de locomotief. Uiteindelijk werd een trein van NMBS gestuurd om de defecte trein weg te halen.,2026-08-28T13:05:00Z,2026-08-28T14:03:52.325895Z,2026-08-28T14:03:18.102108Z,Binnenland,new,1
8fd3ccf8ed8244fc7e55624c,gva,Gazet van Antwerpen,news_media,région,Flandre,editorial_media,mixed_paywall,gva_rss,Nieuwsfeed,actualités|presse|terrain,nl,"Roken verboden in droge natuurgebieden, maar deze jobstudenten ruimden toch wekenlang peuken op: ""Wandelaars kunnen hun verslaving niet laten”",https://www.gva.be/regio/antwerpen/regio-antwerpen/kalmthout/roken-verboden-in-droge-natuurgebieden-maar-deze-jobstudenten-ruimden-toch-wekenlang-peuken-op-wandelaars-kunnen-hun-verslaving-niet-laten/160602333.html,"Jitse Maes (23) uit Kalmthout en Astrid De Meulemeester (23) uit Sint-Katelijne-Waver hebben in augustus, telkens van donderdag tot en met zondag, sigarettenpeuken opgeruimd in de Kalmthoutse Heide. Dat was hun vakantiejob bij het Agentschap Natuur en Bos. “Als je peuken vindt in het midden van een pad, weet je dat mensen daar niet kunnen weerstaan aan de sigaret.”",2026-08-28T13:05:00Z,2026-08-28T14:03:52.325895Z,2026-08-28T14:03:18.102108Z,Kalmthout,new,1
cb927a590abc735fb0800ddb,hbvl,Het Belang van Limburg,news_media,région,Flandre,editorial_media,mixed_paywall,hbvl_rss,Nieuwsfeed,actualités|presse|terrain,nl,NMBS stuurt hulp nadat 150 passagiers vier uur lang vastzitten in defecte trein net over Franse grens: “Ook wij vinden dat het te lang heeft geduurd”,https://www.hbvl.be/binnenland/nmbs-stuurt-hulp-nadat-150-passagiers-vier-uur-lang-vastzitten-in-defecte-trein-net-over-franse-grens-ook-wij-vinden-dat-het-te-lang-heeft-geduurd/160652629.html,Net over de grens met Frankrijk heeft een Belgische trein met een 150-tal reizigers aan boord ruim vier uur stilgestaan vanwege een technisch probleem met de locomotief. Uiteindelijk werd een trein van NMBS gestuurd om de defecte trein weg te halen.,2026-08-28T13:05:00Z,2026-08-28T14:03:52.325895Z,2026-08-28T14:03:18.507263Z,Binnenland,new,1
185e7d98a3b1a2b9063dc828,het_nieuwsblad,Het Nieuwsblad,news_media,national,Belgique,editorial_media,mixed_paywall,het_nieuwsblad_rss,Nieuwsfeed,actualités|presse|terrain,nl,NMBS stuurt hulp nadat 150 passagiers vier uur lang vastzitten in defecte trein net over Franse grens: “Ook wij vinden dat het te lang heeft geduurd”,https://www.nieuwsblad.be/binnenland/nmbs-stuurt-hulp-nadat-150-passagiers-vier-uur-lang-vastzitten-in-defecte-trein-net-over-franse-grens-ook-wij-vinden-dat-het-te-lang-heeft-geduurd/160650163.html,Net over de grens met Frankrijk heeft een Belgische trein met een 150-tal reizigers aan boord ruim vier uur stilgestaan vanwege een technisch probleem met de locomotief. Uiteindelijk werd een trein van NMBS gestuurd om de defecte trein weg te halen.,2026-08-28T13:05:00Z,2026-08-28T14:03:52.325895Z,2026-08-28T14:03:17.890939Z,Binnenland,new,1
b2071a98c5aaca25821734f6,het_nieuwsblad,Het Nieuwsblad,news_media,national,Belgique,editorial_media,mixed_paywall,het_nieuwsblad_rss,Nieuwsfeed,actualités|presse|terrain,nl,"Roken verboden in droge natuurgebieden, maar deze jobstudenten ruimden toch wekenlang peuken op: ""Wandelaars kunnen hun verslaving niet laten”",https://www.nieuwsblad.be/regio/antwerpen/regio-antwerpen/kalmthout/roken-verboden-in-droge-natuurgebieden-maar-deze-jobstudenten-ruimden-toch-wekenlang-peuken-op-wandelaars-kunnen-hun-verslaving-niet-laten/160603744.html,"Jitse Maes (23) uit Kalmthout en Astrid De Meulemeester (23) uit Sint-Katelijne-Waver hebben in augustus, telkens van donderdag tot en met zondag, sigarettenpeuken opgeruimd in de Kalmthoutse Heide. Dat was hun vakantiejob bij het Agentschap Natuur en Bos. “Als je peuken vindt in het midden van een pad, weet je dat mensen daar niet kunnen weerstaan aan de sigaret.”",2026-08-28T13:05:00Z,2026-08-28T14:03:52.325895Z,2026-08-28T14:03:17.890939Z,Kalmthout,new,1
c2f32be9fae25ae6244da27a,het_nieuwsblad,Het Nieuwsblad,news_media,national,Belgique,editorial_media,mixed_paywall,het_nieuwsblad_rss,Nieuwsfeed,actualités|presse|terrain,nl,"NATIONAAL VOETBAL. Hartoperatie voor Belisia-speler, versterking voor Bocholt en twee derby’s",https://www.nieuwsblad.be/sport/sportregio/nationaal-voetbal.-hartoperatie-voor-belisia-speler-versterking-voor-bocholt-en-twee-derbys/160653729.html,"Met Bocholt-Tongeren en Bree-Beek-Zepperen-Brustem staan er zaterdag meteen twee Limburgse derby’s op het menu op de openingsspeeldag van het Limburgse amateurvoetbal. Verder opmerkelijk: een Belisia-speler die een hartoperatie ondergaat, een transfer voor Bocholt en een pechvogel bij STVV Youth. Lees hier alle ploegnieuws van de Limburgse wedstrijden van dit weekend in de nationale voetbalreeksen.",2026-08-28T13:03:45Z,2026-08-28T14:03:52.325895Z,2026-08-28T14:03:17.890939Z,Sportregio,new,1
7e6b81d491ed319faede316d,hbvl,Het Belang van Limburg,news_media,région,Flandre,editorial_media,mixed_paywall,hbvl_rss,Nieuwsfeed,actualités|presse|terrain,nl,"NATIONAAL VOETBAL. Hartoperatie voor Belisia-speler, versterking voor Bocholt en twee derby’s",https://www.hbvl.be/sport/voetbal/nationaal-voetbal.-hartoperatie-voor-belisia-speler-versterking-voor-bocholt-en-twee-derbys/160533561.html,"Met Bocholt-Tongeren en Bree-Beek-Zepperen-Brustem staan er zaterdag meteen twee Limburgse derby’s op het menu op de openingsspeeldag van het Limburgse amateurvoetbal. Verder opmerkelijk: een Belisia-speler die een hartoperatie ondergaat, een transfer voor Bocholt en een pechvogel bij STVV Youth. Lees hier alle ploegnieuws van de Limburgse wedstrijden van dit weekend in de nationale voetbalreeksen.",2026-08-28T13:03:42Z,2026-08-28T14:03:52.325895Z,2026-08-28T14:03:18.507263Z,Voetbal,new,1
a71d11ecd7f9472968a53efd,sudinfo,Sudinfo,news_media,région,Wallonie|Bruxelles,editorial_media,mixed_paywall,sudinfo_rss,Flux principal,actualités|presse|terrain,fr,Du cadmium retrouvé dans presque toutes les pâtes vendues en supermarchés: faut-il s’inquiéter?,https://www.sudinfo.be/id1186524/article/2026-08-28/du-cadmium-retrouve-dans-presque-toutes-les-pates-vendues-en-supermarches-faut,"Une enquête de 60 Millions de consommateurs révèle la présence de cadmium dans 34 des 36 références de pâtes testées et vendues en grandes surfaces chez nos voisins français, mais aussi chez nous. Certaines affichent des taux nettement plus élevés que d’autres.",2026-08-28T13:02:38Z,2026-08-28T14:03:52.325895Z,2026-08-28T14:03:17.045284Z,Conso,new,1
1ee966f66f3b3d8e45ab615a,mr_party,Mouvement Réformateur,political_party,national,Belgique,political_actor,,mr_party_rss,Flux des actualités,actualités|communiqués|réformes,fr,Révolution dans l’administration: Jacqueline Galant ouvre les portes aux meilleurs talents de la société civile,https://www.mr.be/revolution-dans-ladministration-jacqueline-galant-ouvre-les-portes-aux-meilleurs-talents-de-la-societe-civile/,"C’est un changement majeur pour la Wallonie et la Fédération Wallonie-Bruxelles. Avec l’adoption définitive de la réforme portée par Jacqueline Galant, la haute fonction publique s’ouvre désormais pleinement aux talents...",2026-08-28T13:01:24Z,2026-08-28T13:32:06.723013Z,2026-08-28T14:03:13.847263Z,A la Une | Bonne gouvernance | Institutions,existing,3
d2fde741af50701bc275e180,vrt_nws,VRT NWS,news_media,communauté,Flandre|Bruxelles,editorial_media,open,vrt_nws_rss,Flux VRT NWS,actualités|presse|Belgique,nl,Gemaskerde nepagenten ontvoeren man (40) in Puurs-Sint-Amands en gijzelen hem dagenlang: 3 verdachten opgepakt,https://vrtnws.be/p.QAXOQmAvj,"Een man van 40 uit Puurs-Sint-Amands is door 3 nepagenten ontvoerd en dagenlang gegijzeld, vermoedelijk in Charleroi. Dat meldt het parket van Antwerpen. Na een onderzoek kon hij 4 dagen later in veiligheid gebracht worden. 3 verdachten, 2 Albanese mannen en 1 Belg, werden opgepakt in Sint-Gillis (Brussel). Ze zijn intussen aangehouden.",2026-08-28T13:01:21Z,2026-08-28T14:03:52.325895Z,2026-08-28T14:03:19.149230Z,,new,1
19d5650f8d5fdd8dacc3674e,dhnet,DH Les Sports+,news_media,national,Belgique,editorial_media,mixed_paywall,dhnet_rss,Flux actualités,actualités|presse|Belgique,fr,Le réseau Lucky démantelé par la police dans le Borinage: “Ils vendaient déjà de la cocaïne alors qu’ils étaient mineurs”,https://www.dhnet.be/regions/mons/borinage/2026/08/28/le-reseau-lucky-demantele-par-la-police-dans-le-borinage-ils-vendaient-deja-de-la-cocaine-alors-quils-etaient-mineurs-CW4NSPCYCJDTVOLJU2AXTAY374/,"Une dizaine de prévenus comparaissent devant le tribunal correctionnel. Le parquet réclame de lourdes peines, mais aussi… 2,5 millions d’euros correspondant aux bénéfices présumés du trafic....",2026-08-28T13:01:00Z,2026-08-28T14:03:52.325895Z,2026-08-28T14:03:17.464466Z,Borinage,new,1
912f30f4a67007a1672e3325,sudinfo,Sudinfo,news_media,région,Wallonie|Bruxelles,editorial_media,mixed_paywall,sudinfo_rss,Flux principal,actualités|presse|terrain,fr,« Les Hautes Fagnes ne sont pas fermées »: la ministre Valérie Lescrenier veut rassurer les touristes,https://www.sudinfo.be/id1186522/article/2026-08-28/les-hautes-fagnes-ne-sont-pas-fermees-la-ministre-valerie-lescrenier-veut,"Afin d’informer les touristes après l’incendie, VISITWallonia propose une carte interactive et de nouveaux parcours pour permettre la découverte des Hautes Fagnes en toute sécurité.",2026-08-28T13:00:50Z,2026-08-28T14:03:52.325895Z,2026-08-28T14:03:17.045284Z,Verviers Actu,new,1
34b7928196096db2636b303e,sudinfo,Sudinfo,news_media,région,Wallonie|Bruxelles,editorial_media,mixed_paywall,sudinfo_rss,Flux principal,actualités|presse|terrain,fr,"« Menez votre vie comme vous l’entendez, faites les choses avec le cœur »: Lana Cotta, gagnante de « Drag Race France » saison 4, se confie après sa victoire",https://www.sudinfo.be/id1186521/article/2026-08-28/menez-votre-vie-comme-vous-lentendez-faites-les-choses-avec-le-coeur-lana-cotta,Lana Cotta est la nouvelle reine du drag français. Elle a remporté la bataille finale face à Daisy Superbitch. Lana revient sur son aventure auprès de Ciné-Télé-Revue.,2026-08-28T13:00:34Z,2026-08-28T14:03:52.325895Z,2026-08-28T14:03:17.045284Z,Télé,new,1
903f91a8738221f748e46b9b,brf_news,BRF Nachrichten,news_media,communauté,Communauté germanophone,editorial_media,open,brf_news_rss,Flux BRF Nachrichten,actualités|presse|terrain,de,Megan Kohnen gewinnt ZDF-Küchenschlacht,https://brf.be/regional/2104135/,"Megan Kohnen aus Allmuthen hat das Finale der ZDF Sendung ""Die Küchenschlacht"" gewonnen. Im Finale mussten sie und ihre Mitstreiterin das gleiche Gericht kochen, das vorher von Starkoch Johann Lafer ausgewählt wurde: Kalbsmedaillons mit Harissa-Sud, Pistazien-Spinat und Kürbis-Dattel-Creme. Am Ende entschied sich Juror Maurizio Oster für Megans Gericht. Damit hat sie sich das Ticket für […]",2026-08-28T13:00:14Z,2026-08-28T14:03:52.325895Z,2026-08-28T14:03:19.510272Z,Allmuthen | Büllingen | Regional | Top News,new,1
6f72fe189d93ab4d18dc4f4f,brf_news,BRF Nachrichten,news_media,communauté,Communauté germanophone,editorial_media,open,brf_news_rss,Flux BRF Nachrichten,actualités|presse|terrain,de,Europa League: Union Saint-Gilloise und RSC Anderlecht treffen auf namhafte Gegner,https://brf.be/sport/2104136/,"Union Saint-Gilloise trifft in der Europa League unter anderem auf Gegner aus Frankreich, Spanien und Schottland. Das ergab die Auslosung im Hauptsitz des europäischen Fußballverbandes im schweizerischen Nyon. Die Brüsseler bekommen es demnach mit Olympique Lyon, Real Sociedad, Celtic Glasgow und Celta Vigo zu tun. Die weiteren Gegner der Union sind Lech Posen (Polen), Hapoel […]",2026-08-28T13:00:00Z,2026-08-28T14:03:52.325895Z,2026-08-28T14:03:19.510272Z,Sport | UEFA,new,1
4bf48ffd9837634d1cd0f541,het_nieuwsblad,Het Nieuwsblad,news_media,national,Belgique,editorial_media,mixed_paywall,het_nieuwsblad_rss,Nieuwsfeed,actualités|presse|terrain,nl,Met reeks nieuwe streekproducten als kers op de taart: Brouwerij De Graal houdt opendeurdag om 25e verjaardag te vieren,https://www.nieuwsblad.be/regio/oost-vlaanderen/vlaamse-ardennen/brakel/met-reeks-nieuwe-streekproducten-als-kers-op-de-taart-brouwerij-de-graal-houdt-opendeurdag-om-25e-verjaardag-te-vieren/160634850.html,"Wat in december 2001 begon als een hobby in de Warande, is vandaag een volwaardig familiebedrijf met export naar Japan, Nederland en Frankrijk. Brouwerij De Graal, uitgebaat door Wim Saeyens en zijn vrouw Geertrui Loman, bestaat 25 jaar en viert dat op zondag 30 augustus met een opendeurdag.",2026-08-28T13:00:00Z,2026-08-28T14:03:52.325895Z,2026-08-28T14:03:17.890939Z,Brakel,new,1
b6f973f94452d5b199981a20,het_nieuwsblad,Het Nieuwsblad,news_media,national,Belgique,editorial_media,mixed_paywall,het_nieuwsblad_rss,Nieuwsfeed,actualités|presse|terrain,nl,Janis (13) fluit jeugdwedstrijden van Club Brugge,https://www.nieuwsblad.be/regio/west-vlaanderen/midwest/roeselare/janis-13-fluit-jeugdwedstrijden-van-club-brugge/160630495.html,De 13-jarige Rumbekenaar Janis Mocean timmert aan zijn weg als voetbalscheidsrechter. Momenteel mag hij al jeugdwedstrijden van topploeg Club Brugge in goede banen leiden. “Ik heb de smaak echt te pakken.”,2026-08-28T13:00:00Z,2026-08-28T14:03:52.325895Z,2026-08-28T14:03:17.890939Z,Roeselare,new,1
eda55bd18c4787faf57116c2,het_nieuwsblad,Het Nieuwsblad,news_media,national,Belgique,editorial_media,mixed_paywall,het_nieuwsblad_rss,Nieuwsfeed,actualités|presse|terrain,nl,Feestcomité viert jubileumjaar met een druk weekend: “Onze verbindende tradities mogen niet verloren gaan”,https://www.nieuwsblad.be/regio/oost-vlaanderen/regio-gent/aalter/feestcomite-viert-jubileumjaar-met-een-druk-weekend-onze-verbindende-tradities-mogen-niet-verloren-gaan/160625804.html,"Dat het nog steeds bruist in het kleine, pittoreske Poeke, is voor een groot deel te danken aan het Feestcomité van het dorp. “Voor onze jubileumviering schakelen we nog een versnelling hoger”, belooft secretaris Geert De Clercq.",2026-08-28T13:00:00Z,2026-08-28T14:03:52.325895Z,2026-08-28T14:03:17.890939Z,Aalter,new,1
a9f24332397f9e1472caeac6,het_nieuwsblad,Het Nieuwsblad,news_media,national,Belgique,editorial_media,mixed_paywall,het_nieuwsblad_rss,Nieuwsfeed,actualités|presse|terrain,nl,Nieuw erfgoedbord aan zorgsite herinnert aan klooster van weleer: “Moment waarop verleden en heden elkaar ontmoeten”,https://www.nieuwsblad.be/regio/oost-vlaanderen/denderregio/haaltert/nieuw-erfgoedbord-aan-zorgsite-herinnert-aan-klooster-van-weleer-moment-waarop-verleden-en-heden-elkaar-ontmoeten/160625235.html,"Aan woonzorgcentrum Sint-Jozef in Haaltert is vrijdag een nieuw erfgoedbord onthuld. De Heemkundige Kring Haaltert wil hiermee de lokale geschiedenis van de huidige zorgsite in het straatbeeld verankeren. “De wortels van dit woonzorgcentrum reiken terug naar het einde van de 19de eeuw”, zegt voorzitter Mark Beelaert.",2026-08-28T13:00:00Z,2026-08-28T14:03:52.325895Z,2026-08-28T14:03:17.890939Z,Haaltert,new,1
c47e8a7705d6a076c1d1bf93,hln,Het Laatste Nieuws,news_media,national,Belgique,editorial_media,mixed_paywall,hln_rss,Nieuwsfeed,actualités|presse|Belgique,nl,Van 33 naar 13.000 euro: zo kan je ook met kleiner bedrag nog in Lotus beleggen,https://www.hln.be/mijn-geld/van-33-naar-13-000-euro-zo-kan-je-ook-met-kleiner-bedrag-nog-in-lotus-beleggen~af06ab60/,"Het Belgische steraandeel Lotus Bakeries doorbrak deze week de grens van 13.000 euro. Het is daarmee een van de tien duurste aandelen ter wereld, al klopt dat volgens HLN-geldexpert Pascal Paepen niet helemaal. Hij gaat op zoek naar verklaringen voor het succes van de koekjesbakker en vertelt hoe je ook als kleine belegger nog mee kan profiteren van dit succes. “Als dit gebeurt, zal je nóg meer belangstelling zien voor het aandeel.”",2026-08-28T13:00:00Z,2026-08-28T14:03:52.325895Z,2026-08-28T14:03:17.439339Z,,new,1
eeb09686ac96ea2247e47a69,rtbf_info,RTBF Info,news_media,communauté,Wallonie|Bruxelles,editorial_media,open,rtbf_info_rss,Flux RTBF Info,actualités|presse|Belgique,fr,Les touristes états-uniens les plus dépensiers en Belgique cet été,https://www.rtbf.be/article/les-touristes-etats-uniens-les-plus-depensiers-en-belgique-cet-ete-11776719,"La France, les Pays-Bas, le Royaume-Uni et le Luxembourg viennent compléter le classement des cinq pays qui ont le plus...",2026-08-28T12:58:37Z,2026-08-28T14:03:52.325895Z,2026-08-28T14:03:19.358990Z,,new,1
ffe063e978654fa300ab0226,gva,Gazet van Antwerpen,news_media,région,Flandre,editorial_media,mixed_paywall,gva_rss,Nieuwsfeed,actualités|presse|terrain,nl,Dubbele primeur: nieuwe Miss USA is voor het eerst moeder én getrouwd,https://www.gva.be/media-en-cultuur/bv-en-co/dubbele-primeur-nieuwe-miss-usa-is-voor-het-eerst-moeder-en-getrouwd/160653164.html,"Een dubbele primeur op de 75ste editie van de Miss USA-verkiezing. Met de 31-jarige Justus Kelley werd niet alleen voor het eerst in de geschiedenis een moeder verkozen tot ‘s lands mooiste, maar ook een getrouwde vrouw.",2026-08-28T12:57:32Z,2026-08-28T14:03:52.325895Z,2026-08-28T14:03:18.102108Z,,new,1
3e44978e75784c208d51304d,hbvl,Het Belang van Limburg,news_media,région,Flandre,editorial_media,mixed_paywall,hbvl_rss,Nieuwsfeed,actualités|presse|terrain,nl,Dubbele primeur: nieuwe Miss USA is voor het eerst moeder én getrouwd,https://www.hbvl.be/media-en-cultuur/bv-en-co/dubbele-primeur-nieuwe-miss-usa-is-voor-het-eerst-moeder-en-getrouwd/160653165.html,"Een dubbele primeur op de 75ste editie van de Miss USA-verkiezing. Met de 31-jarige Justus Kelley werd niet alleen voor het eerst in de geschiedenis een moeder verkozen tot ‘s lands mooiste, maar ook een getrouwde vrouw.",2026-08-28T12:57:32Z,2026-08-28T14:03:52.325895Z,2026-08-28T14:03:18.507263Z,,new,1
546fe4790365e5a8760f15b9,het_nieuwsblad,Het Nieuwsblad,news_media,national,Belgique,editorial_media,mixed_paywall,het_nieuwsblad_rss,Nieuwsfeed,actualités|presse|terrain,nl,Dubbele primeur: nieuwe Miss USA is voor het eerst moeder én getrouwd,https://www.nieuwsblad.be/media-en-cultuur/bv-en-co/dubbele-primeur-nieuwe-miss-usa-is-voor-het-eerst-moeder-en-getrouwd/160640894.html,"Een dubbele primeur op de 75ste editie van de Miss USA-verkiezing. Met de 31-jarige Justus Kelley werd niet alleen voor het eerst in de geschiedenis een moeder verkozen tot ‘s lands mooiste, maar ook een getrouwde vrouw.",2026-08-28T12:57:31Z,2026-08-28T14:03:52.325895Z,2026-08-28T14:03:17.890939Z,,new,1
39305f96df26291cd9c0334a,hln,Het Laatste Nieuws,news_media,national,Belgique,editorial_media,mixed_paywall,hln_rss,Nieuwsfeed,actualités|presse|Belgique,nl,Ruim 1.500 vermisten in Nepal: dit zijn de cijfers per land - Beelden tonen hoe overlevenden door dikke modder kruipen,https://www.hln.be/buitenland/ruim-1-500-vermisten-in-nepal-dit-zijn-de-cijfers-per-land-beelden-tonen-hoe-overlevenden-door-dikke-modder-kruipen~a1063a6c/,"Bij de zware overstromingen aan de grens tussen Nepal en Tibet zijn minstens 547 mensen om het leven gekomen. Zeker 1.400 anderen zijn vermist, onder wie drie Belgische vrouwen. Volg in deze liveblog alle updates.",2026-08-28T12:56:00Z,2026-08-28T14:03:52.325895Z,2026-08-28T14:03:17.439339Z,,new,1
c00ca544cca40f767853574b,mr_party,Mouvement Réformateur,political_party,national,Belgique,political_actor,,mr_party_rss,Flux des actualités,actualités|communiqués|réformes,fr,La Commissaire Hadja Lahbib dans les Hautes Fagnes: l’Europe aux côtés de la Belgique,https://www.mr.be/la-commissaire-hadja-lahbib-dans-les-hautes-fagnes-leurope-aux-cotes-de-la-belgique/,"Des paysages dévastés, des hectares de nature partis en fumée et des pompiers mobilisés sans relâche: les incendies qui ont frappé les Hautes Fagnes le 14 août ont profondément...",2026-08-28T12:55:38Z,2026-08-28T13:32:06.723013Z,2026-08-28T14:03:13.847263Z,A la Une | Dans les medias | Environnement & Climat,existing,3
982ba5e9b50bef575b48b2b9,de_tijd,De Tijd,news_media,national,Belgique,editorial_media,mixed_paywall,de_tijd_rss,Algemeen nieuws,actualités|presse|économie,nl,Ex-Red Lion Felix Denayer: 'Soms is doorgaan makkelijker dan jezelf opnieuw uitvinden',https://www.tijd.be/r/t/1/id/10683148,Als kapitein stuwde hij de Belgische hockeymannen naar goud in Tokio. Na een passage als chief of staff bij het Gentse techbedrijf Teamleader zoekt Felix Denayer nu uit hoe hij zijn 'unieke bagage' het best kan laten renderen. Ontbijt met De Tijd.,2026-08-28T12:54:21Z,2026-08-28T14:03:52.325895Z,2026-08-28T14:03:18.412767Z,Dossiers,new,1
d9fcca07a0b57d6d3d8efd26,gva,Gazet van Antwerpen,news_media,région,Flandre,editorial_media,mixed_paywall,gva_rss,Nieuwsfeed,actualités|presse|terrain,nl,"VOLLEYBABBELS. Caruur Gent B op zoek naar automatismen, stevige test voor Forza Evo Oudenaarde en nieuwe wind bij Real Wetteren",https://www.gva.be/sport/sportregio/volleybabbels.-caruur-gent-b-op-zoek-naar-automatismen-stevige-test-voor-forza-evo-oudenaarde-en-nieuwe-wind-bij-real-wetteren/160652822.html,"Amper enkele weken nadat de meeste volleybalploegen de trainingen hervatten, staat er al een eerste wedstrijd met inzet op het programma. Komend weekend wordt de eerste ronde van de Beker van België afgewerkt en daarin komen meteen verschillende Oost-Vlaamse teams in actie. Bij de mannen trekken Vamos Stekene-Sint-Gillis-Waas en Forza Evo Oudenaarde op zoek naar een plaats in de volgende ronde, terwijl bij de vrouwen Real VT Wetteren aan de bak moet. Caruur Gent B liep vorige week al voorop en overleefde met succes de voorronde tegen Dilsen-Stokkem.",2026-08-28T12:53:34Z,2026-08-28T14:03:52.325895Z,2026-08-28T14:03:18.102108Z,Sportregio,new,1
d44db9e2ebafa3498f31da06,mr_party,Mouvement Réformateur,political_party,national,Belgique,political_actor,,mr_party_rss,Flux des actualités,actualités|communiqués|réformes,fr,Notre élu de la semaine: Cédric Lerusse,https://www.mr.be/notre-elu-de-la-semaine-cedric-lerusse/,"Cette semaine, le Mouvement Réformateur fait escale à Rendeux, commune ardennaise étendue le long de l’Ourthe, où les villages de Marcourt, Beffe, Hodister, Chéoux et Rendeux composent un territoire rural...",2026-08-28T12:53:05Z,2026-08-28T13:32:06.723013Z,2026-08-28T14:03:13.847263Z,Près de chez vous,existing,3
944d4f2bbf1b0c8afcb7775b,het_nieuwsblad,Het Nieuwsblad,news_media,national,Belgique,editorial_media,mixed_paywall,het_nieuwsblad_rss,Nieuwsfeed,actualités|presse|terrain,nl,"VOLLEYBABBELS. Caruur Gent B op zoek naar automatismen, stevige test voor Forza Evo Oudenaarde en nieuwe wind bij Real Wetteren",https://www.nieuwsblad.be/sport/sportregio/volleybabbels.-caruur-gent-b-op-zoek-naar-automatismen-stevige-test-voor-forza-evo-oudenaarde-en-nieuwe-wind-bij-real-wetteren/160427831.html,"Amper enkele weken nadat de meeste volleybalploegen de trainingen hervatten, staat er al een eerste wedstrijd met inzet op het programma. Komend weekend wordt de eerste ronde van de Beker van België afgewerkt en daarin komen meteen verschillende Oost-Vlaamse teams in actie. Bij de mannen trekken Vamos Stekene-Sint-Gillis-Waas en Forza Evo Oudenaarde op zoek naar een plaats in de volgende ronde, terwijl bij de vrouwen Real VT Wetteren aan de bak moet. Caruur Gent B liep vorige week al voorop en overleefde met succes de voorronde tegen Dilsen-Stokkem.",2026-08-28T12:53:00Z,2026-08-28T14:03:52.325895Z,2026-08-28T14:03:17.890939Z,Sportregio,new,1
603c23ef02da0a7fe426e2f3,hln,Het Laatste Nieuws,news_media,national,Belgique,editorial_media,mixed_paywall,hln_rss,Nieuwsfeed,actualités|presse|Belgique,nl,"Grote brand nabij Wembleystadion in Londen: 125 brandweerlieden ingezet, geen gewonden",https://www.hln.be/buitenland/grote-brand-nabij-wembleystadion-in-londen-125-brandweerlieden-ingezet-geen-gewonden~a442a2eb/,"Bij een afvalcentrale in het noordoosten van Londen woedt vrijdag een brand. Twintig brandweerwagens en 125 brandweerlieden zijn ingezet om het vuur op een paar honderd meter van het Wembleystadion te bestrijden, meldt de brandweer.",2026-08-28T12:51:00Z,2026-08-28T14:03:52.325895Z,2026-08-28T14:03:17.439339Z,,new,1
71b548c9fefcc19973b2a98c,gva,Gazet van Antwerpen,news_media,région,Flandre,editorial_media,mixed_paywall,gva_rss,Nieuwsfeed,actualités|presse|terrain,nl,Lokale Nederlandse politicus in opspraak na vakantiefoto uit Transnistrië: “Hier moet reactie op komen”,https://www.gva.be/buitenland/lokale-nederlandse-politicus-in-opspraak-na-vakantiefoto-uit-transnistrie-hier-moet-reactie-op-komen/160652512.html,"Wethouder Tom de Nooijer (26) van de Gelderse gemeente Oldebroek in Nederland heeft zijn excuses aangeboden voor een vakantiefoto die circuleert. Daarop poseert hij in Transnistrië met een kalasjnikov en bij een pro-Russische vlag. “Potsierlijk en bijzonder onhandig voor een politicus”, zo klinkt het.",2026-08-28T12:50:21Z,2026-08-28T14:03:52.325895Z,2026-08-28T14:03:18.102108Z,Buitenland,new,1
0389bdc8906239b1b5031a0f,het_nieuwsblad,Het Nieuwsblad,news_media,national,Belgique,editorial_media,mixed_paywall,het_nieuwsblad_rss,Nieuwsfeed,actualités|presse|terrain,nl,Lokale Nederlandse politicus in opspraak na vakantiefoto uit Transnistrië: “Hier moet reactie op komen”,https://www.nieuwsblad.be/buitenland/lokale-nederlandse-politicus-in-opspraak-na-vakantiefoto-uit-transnistrie-hier-moet-reactie-op-komen/160629769.html,"Wethouder Tom de Nooijer (26) van de Gelderse gemeente Oldebroek in Nederland heeft zijn excuses aangeboden voor een vakantiefoto die circuleert. Daarop poseert hij in Transnistrië met een kalasjnikov en bij een pro-Russische vlag. “Potsierlijk en bijzonder onhandig voor een politicus”, zo klinkt het.",2026-08-28T12:50:21Z,2026-08-28T14:03:52.325895Z,2026-08-28T14:03:17.890939Z,Buitenland,new,1
5f96bcd3bbff53005c6ed9f8,het_nieuwsblad,Het Nieuwsblad,news_media,national,Belgique,editorial_media,mixed_paywall,het_nieuwsblad_rss,Nieuwsfeed,actualités|presse|terrain,nl,Na sabbatjaar in Parijs wil Seppe (27) scoren voor Bree-Beek: “Blij om weer met spelletje bezig te zijn”,https://www.nieuwsblad.be/sport/sportregio/na-sabbatjaar-in-parijs-wil-seppe-27-scoren-voor-bree-beek-blij-om-weer-met-spelletje-bezig-te-zijn/160652397.html,"Niet alleen voor zijn nieuwe club Bree-Beek, ook voor Seppe Maesen (27) betekent de derby tegen Zepperen-Brustem een terugkeer naar het nationale voetbal. De rijzige spits nam vorig seizoen een sabbatjaar, toen hij met zijn Italiaanse vriendin in Parijs woonde. “Het voelt goed weer met het spelletje bezig te zijn.”",2026-08-28T12:49:13Z,2026-08-28T14:03:52.325895Z,2026-08-28T14:03:17.890939Z,Sportregio,new,1
9efa836f8256a491a188d76d,gva,Gazet van Antwerpen,news_media,région,Flandre,editorial_media,mixed_paywall,gva_rss,Nieuwsfeed,actualités|presse|terrain,nl,Vijf bestuurders blazen positief bij alcoholcontrole,https://www.gva.be/regio/antwerpen/kempen/arendonk/vijf-bestuurders-blazen-positief-bij-alcoholcontrole/160652327.html,"De politie van de zone Kempen Noord-Oost hield een alcoholcontrole op verschillende plaatsen in Arendonk, Ravels en Retie. Daarbij onderwierpen ze 608 bestuurders aan de nodige testen.",2026-08-28T12:48:00Z,2026-08-28T14:03:52.325895Z,2026-08-28T14:03:18.102108Z,Arendonk,new,1
76f52edfb90022098c9688b1,gva,Gazet van Antwerpen,news_media,région,Flandre,editorial_media,mixed_paywall,gva_rss,Nieuwsfeed,actualités|presse|terrain,nl,Pop-upcafé en expo over 105 jaar VSKM tijdens Maanrock zetten band tussen VUB en Mechelen in de kijker,https://www.gva.be/regio/antwerpen/rivierenland/mechelen/pop-upcafe-en-expo-over-105-jaar-vskm-tijdens-maanrock-zetten-band-tussen-vub-en-mechelen-in-de-kijker/160651896.html,"De Vrije Universiteit Brussel (VUB) zet ook dit jaar haar band met Mechelen in de kijker tijdens Maanrock. Tijdens het festivalweekend kunnen bezoekers in VC De Schakel terecht voor een VUB-pop-upcafé en een tentoonstelling over de rijke geschiedenis van de Vrijzinnige Studentenkring Mechelen (VSKM), die 105 jaar bestaat.",2026-08-28T12:48:00Z,2026-08-28T14:03:52.325895Z,2026-08-28T14:03:18.102108Z,Mechelen,new,1
cbf71967c45c9883a86630c9,het_nieuwsblad,Het Nieuwsblad,news_media,national,Belgique,editorial_media,mixed_paywall,het_nieuwsblad_rss,Nieuwsfeed,actualités|presse|terrain,nl,Vijf bestuurders blazen positief bij alcoholcontrole,https://www.nieuwsblad.be/regio/antwerpen/kempen/arendonk/vijf-bestuurders-blazen-positief-bij-alcoholcontrole/160652616.html,"De politie van de zone Kempen Noord-Oost hield een alcoholcontrole op verschillende plaatsen in Arendonk, Ravels en Retie. Daarbij onderwierpen ze 608 bestuurders aan de nodige testen.",2026-08-28T12:48:00Z,2026-08-28T14:03:52.325895Z,2026-08-28T14:03:17.890939Z,Arendonk,new,1
7d045bacff0febb707642b7c,het_nieuwsblad,Het Nieuwsblad,news_media,national,Belgique,editorial_media,mixed_paywall,het_nieuwsblad_rss,Nieuwsfeed,actualités|presse|terrain,nl,Pop-upcafé en expo over 105 jaar VSKM tijdens Maanrock zetten band tussen VUB en Mechelen in de kijker,https://www.nieuwsblad.be/regio/antwerpen/rivierenland/mechelen/pop-upcafe-en-expo-over-105-jaar-vskm-tijdens-maanrock-zetten-band-tussen-vub-en-mechelen-in-de-kijker/160652434.html,"De Vrije Universiteit Brussel (VUB) zet ook dit jaar haar band met Mechelen in de kijker tijdens Maanrock. Tijdens het festivalweekend kunnen bezoekers in VC De Schakel terecht voor een VUB-pop-upcafé en een tentoonstelling over de rijke geschiedenis van de Vrijzinnige Studentenkring Mechelen (VSKM), die 105 jaar bestaat.",2026-08-28T12:48:00Z,2026-08-28T14:03:52.325895Z,2026-08-28T14:03:17.890939Z,Mechelen,new,1
c2d2860b8cbf00a3e076a51d,vrt_nws,VRT NWS,news_media,communauté,Flandre|Bruxelles,editorial_media,open,vrt_nws_rss,Flux VRT NWS,actualités|presse|Belgique,nl,"""Je hoeft niet elk weekend op citytrip"": psychiater Dirk De Wachter pleit voor wachten als levenshouding",https://vrtnws.be/p.mR0NEooE8,"""Ga niet mee in elke verleiding. Je hoeft niet elk weekend op citytrip. Blijf eens een paar dagen thuis. Drink een koffietje, maak een wandeling of mijmer wat."" Die tip geeft psychiater Dirk De Wachter in 'Wachten, een levenshouding', een nieuw boek waarin hij pleit voor wachten zonder verwachting. ""Het is de aanzet voor verbinding.""",2026-08-28T12:47:22Z,2026-08-28T14:03:52.325895Z,2026-08-28T14:03:19.149230Z,,new,1
1108f19f3606e41d2efc177f,de_tijd,De Tijd,news_media,national,Belgique,editorial_media,mixed_paywall,de_tijd_rss,Algemeen nieuws,actualités|presse|économie,nl,"Nieuwste telescoop van NASA speurt naar onzichtbaar heelal, en filtert 99,9999999 procent van sterrenlicht weg",https://www.tijd.be/r/t/1/id/10683828,"Zondag tilt een SpaceX Falcon Heavy-raket de Nancy Grace Roman-telescoop de ruimte in. De gesofisticeerde NASA-telescoop, met een prijskaartje van 4,3 miljard dollar, moet een van de grootste raadsels van de kosmos oplossen.",2026-08-28T12:46:29Z,2026-08-28T14:03:52.325895Z,2026-08-28T14:03:18.412767Z,Politiek & Economie,new,1
42702e3815a323db448a7950,bx1,BX1,news_media,région,Bruxelles,editorial_media,open,bx1_rss,Flux BX1,actualités|presse|terrain,fr,Avis de disparition: Itsvan Caldarar a disparu depuis le 15 août,https://bx1.be/categories/news/avis-de-disparition-itsvan-caldarar-a-disparu-depuis-le-15-aout/,"La police recherche Itsvan Caldarar, un homme de 40 ans porté disparu depuis le samedi 15 août 2026. Le samedi 15 août 2026 à 12h30, Itsvan Caldarar, un homme âgé de 40 ans, a été vu pour la dernière fois Place Charles Rogier à Bruxelles. Depuis, il ne s’est plus manifesté. Itsvan est une personne … lire plus",2026-08-28T12:45:09Z,2026-08-28T14:03:52.325895Z,2026-08-28T14:03:19.625714Z,News | avis de disparition,new,1
12bba2b623aa8e86cd3c1976,de_morgen,De Morgen,news_media,national,Belgique,editorial_media,mixed_paywall,de_morgen_rss,In het nieuws,actualités|presse|Belgique,nl,"Chaos dreigt in de buitenschoolse opvang: ‘Mijn man en ik werken volgende week, en we weten nog altijd niet of er elke dag opvang zal zijn’",https://www.demorgen.be/nieuws/chaos-dreigt-in-de-buitenschoolse-opvang-mijn-man-en-ik-werken-volgende-week-en-we-weten-nog-altijd-niet-of-er-elke-dag-opvang-zal-zijn~b24c83fa/,,2026-08-28T12:45:00Z,2026-08-28T14:03:52.325895Z,2026-08-28T14:03:17.489081Z,,new,1
9f5474427638bc0f52164413,het_nieuwsblad,Het Nieuwsblad,news_media,national,Belgique,editorial_media,mixed_paywall,het_nieuwsblad_rss,Nieuwsfeed,actualités|presse|terrain,nl,"Bijna 6.000 Gentse jongeren registreerden zich al voor gratis busabonnement, minder dan de helft van de doelgroep",https://www.nieuwsblad.be/regio/oost-vlaanderen/regio-gent/gent/bijna-6.000-gentse-jongeren-registreerden-zich-al-voor-gratis-busabonnement-minder-dan-de-helft-van-de-doelgroep/160648281.html,"Alle Gentse jongeren kunnen een abonnement aanvragen om vanaf 1 september gratis met tram en bus te rijden. De regeling is uitgebreid van 14 tot 18 jaar, maar meer dan de helft is nog niet op het aanbod ingegaan.",2026-08-28T12:45:00Z,2026-08-28T14:03:52.325895Z,2026-08-28T14:03:17.890939Z,Gent,new,1
08c60dbadf6f14dbaf272ab5,mr_party,Mouvement Réformateur,political_party,national,Belgique,political_actor,,mr_party_rss,Flux des actualités,actualités|communiqués|réformes,fr,Prêt Coup de Pouce: un mécanisme renforcé et pérennisé au service des entrepreneurs wallons,https://www.mr.be/pret-coup-de-pouce-un-mecanisme-renforce-et-perennise-au-service-des-entrepreneurs-wallons/,"Le Gouvernement wallon a adopté, ce jour, l’arrêté d’exécution permettant de pérenniser le Prêt Coup de Pouce. Dix ans après son lancement, le dispositif a démontré sa capacité à mobiliser...",2026-08-28T12:44:25Z,2026-08-28T13:32:06.723013Z,2026-08-28T14:03:13.847263Z,Communiqués,existing,3
1196cd7b600553052820573e,de_morgen,De Morgen,news_media,national,Belgique,editorial_media,mixed_paywall,de_morgen_rss,In het nieuws,actualités|presse|Belgique,nl,Fed-voorzitter Warsh spreekt eindelijk weer over hoge inflatie en rente: ‘Dat wordt spitsroeden lopen’,https://www.demorgen.be/nieuws/fed-voorzitter-warsh-spreekt-eindelijk-weer-over-hoge-inflatie-en-rente-dat-wordt-spitsroeden-lopen~baea6b0b/,,2026-08-28T12:44:10Z,2026-08-28T14:03:52.325895Z,2026-08-28T14:03:17.489081Z,,new,1
ee4973452b3bbabe559f8f1b,het_nieuwsblad,Het Nieuwsblad,news_media,national,Belgique,editorial_media,mixed_paywall,het_nieuwsblad_rss,Nieuwsfeed,actualités|presse|terrain,nl,Jo Vally hoofdact op Kampenhouts seniorenfeest,https://www.nieuwsblad.be/regio/vlaams-brabant/halle-vilvoorde/kampenhout/jo-vally-hoofdact-op-kampenhouts-seniorenfeest/160652094.html,De gemeente Kampenhout organiseert op donderdag 24 september haar jaarlijkse seniorenfeest in de sporthal. Dit jaar is Jo Vally de hoofdact.,2026-08-28T12:44:00Z,2026-08-28T14:03:52.325895Z,2026-08-28T14:03:17.890939Z,Kampenhout,new,1
85151aab2908b99baf01b00f,het_nieuwsblad,Het Nieuwsblad,news_media,national,Belgique,editorial_media,mixed_paywall,het_nieuwsblad_rss,Nieuwsfeed,actualités|presse|terrain,nl,Rook en roet zichtbaar in appartement: brandweer breekt muur uit om opflakkering brand te vermijden,https://www.nieuwsblad.be/regio/vlaams-brabant/oost-brabant/leuven/rook-en-roet-zichtbaar-in-appartement-brandweer-breekt-muur-uit-om-opflakkering-brand-te-vermijden/160652068.html,Vrijdag even na de middag werden de hulpdiensten opgeroepen voor een brandmelding in een appartementsgebouw aan de Vaartkom.,2026-08-28T12:44:00Z,2026-08-28T14:03:52.325895Z,2026-08-28T14:03:17.890939Z,Leuven,new,1
7c3001fd422de6dd4c88e47d,hbvl,Het Belang van Limburg,news_media,région,Flandre,editorial_media,mixed_paywall,hbvl_rss,Nieuwsfeed,actualités|presse|terrain,nl,LIVE. Verlossend nieuws voor Ruben Van Gucht: groen licht om te racen nadat kuipstoel van Mazda is aangepast,https://www.hbvl.be/sport/racesporten/live.-verlossend-nieuws-voor-ruben-van-gucht-groen-licht-om-te-racen-nadat-kuipstoel-van-mazda-is-aangepast/160563545.html,"De 24 Uur van Zolder zijn elk jaar hét hoogtepunt van het Limburgse circuit. Onze journalist Marc Cornelissen en fotograaf Patrick Smets volgen het op de voet, van de parade naar het Heldenplein op woensdag tot de finish op zondagmiddag, 16 uur.",2026-08-28T12:43:50Z,2026-08-28T14:03:52.325895Z,2026-08-28T14:03:18.507263Z,Racesporten,new,1
fadac92ffa91b10df935f836,mr_party,Mouvement Réformateur,political_party,national,Belgique,political_actor,,mr_party_rss,Flux des actualités,actualités|communiqués|réformes,fr,Climat: La Wallonie accélère sa préparation face aux risques climatiques et prépare la restauration des Hautes Fagnes,https://www.mr.be/climat-la-wallonie-accelere-sa-preparation-face-aux-risques-climatiques-et-prepare-la-restauration-des-hautes-fagnes/,"À la suite d’un été marqué par les fortes chaleurs, la sécheresse et l’incendie des Hautes Fagnes, le Gouvernement wallon renforce sa préparation face aux risques climatiques. Il prépare la...",2026-08-28T12:42:17Z,2026-08-28T13:32:06.723013Z,2026-08-28T14:03:13.847263Z,Communiqués,existing,3
969b0c66764f6c41227ba555,rtbf_info,RTBF Info,news_media,communauté,Wallonie|Bruxelles,editorial_media,open,rtbf_info_rss,Flux RTBF Info,actualités|presse|Belgique,fr,Incendie dans les Fagnes: pourquoi ne fauche-t-on pas avant l’été?,https://www.rtbf.be/article/incendie-dans-les-fagnes-pourquoi-ne-fauche-t-on-pas-avant-l-ete-11776699,C’est l’hypothèse privilégiée du parquet de Liège: c’est un engin agricole en charge du fauchage qui pourrait...,2026-08-28T12:41:57Z,2026-08-28T14:03:52.325895Z,2026-08-28T14:03:19.358990Z,,new,1
bb6cd5d07616df02f769906d,het_nieuwsblad,Het Nieuwsblad,news_media,national,Belgique,editorial_media,mixed_paywall,het_nieuwsblad_rss,Nieuwsfeed,actualités|presse|terrain,nl,Raymond (92) en Jeanne (94) zijn 70 jaar getrouwd,https://www.nieuwsblad.be/regio/oost-vlaanderen/denderregio/dendermonde/raymond-92-en-jeanne-94-zijn-70-jaar-getrouwd/160625208.html,Raymond Eeckhaudt en Jeanne Thevissen vieren hun platina huwelijksjubileum. Ze zijn dus zeventig jaar getrouwd.,2026-08-28T12:39:00Z,2026-08-28T14:03:52.325895Z,2026-08-28T14:03:17.890939Z,Dendermonde,new,1
499e15af4ef442b5135d7f28,gva,Gazet van Antwerpen,news_media,région,Flandre,editorial_media,mixed_paywall,gva_rss,Nieuwsfeed,actualités|presse|terrain,nl,Belgische kust beleefde recordzomer: “Bijna elke dag een topdag”,https://www.gva.be/economie/belgische-kust-beleefde-recordzomer-bijna-elke-dag-een-topdag/160651552.html,"De Belgische kust kan terugkijken op een schitterende zomer. Zowel het aantal overnachtingen als het aantal toeristen dat voor een dagje afzakte naar ’t zeitje was het hoogste in jaren. “Er was dan wel geen échte piekdag, bijna elke dag was wel een topdag.”",2026-08-28T12:38:26Z,2026-08-28T14:03:52.325895Z,2026-08-28T14:03:18.102108Z,Economie,new,1
00fab52e41645380620038fa,het_nieuwsblad,Het Nieuwsblad,news_media,national,Belgique,editorial_media,mixed_paywall,het_nieuwsblad_rss,Nieuwsfeed,actualités|presse|terrain,nl,Belgische kust beleefde recordzomer: “Bijna elke dag een topdag”,https://www.nieuwsblad.be/economie/belgische-kust-beleefde-recordzomer-bijna-elke-dag-een-topdag/160643564.html,"De Belgische kust kan terugkijken op een schitterende zomer. Zowel het aantal overnachtingen als het aantal toeristen dat voor een dagje afzakte naar ’t zeitje was het hoogste in jaren. “Er was dan wel geen échte piekdag, bijna elke dag was wel een topdag.”",2026-08-28T12:38:26Z,2026-08-28T14:03:52.325895Z,2026-08-28T14:03:17.890939Z,Economie,new,1
d21a818cb9214e75aaaeb12a,le_soir,Le Soir,news_media,national,Belgique,editorial_media,mixed_paywall,le_soir_rss,Flux principal,actualités|presse|Belgique,fr,Le port du casque devient obligatoire pour les trottinettes électriques roulant à plus de 20 km/h,https://www.lesoir.be/767670/article/2026-08-28/le-port-du-casque-devient-obligatoire-pour-les-trottinettes-electriques-roulant,"Dès le 1er septembre, le port du casque sera obligatoire pour les utilisateurs de trottinettes électriques qui roulent à plus de 20 km/h.",2026-08-28T12:37:01Z,2026-08-28T14:03:52.325895Z,2026-08-28T14:03:16.152498Z,Belgique,new,1
f9f6e447e2a649ba0f82183f,hbvl,Het Belang van Limburg,news_media,région,Flandre,editorial_media,mixed_paywall,hbvl_rss,Nieuwsfeed,actualités|presse|terrain,nl,Roots in Kazachstan en talentscout bij KRC Genk: wordt deze spits witte merel van Bocholt VV?,https://www.hbvl.be/sport/voetbal/roots-in-kazachstan-en-talentscout-bij-krc-genk-wordt-deze-spits-witte-merel-van-bocholt-vv/160530794.html,"Is Oleg Cheprassov de witte merel waarnaar Bocholt VV op zoek was? De 29-jarige spits met Kazachse roots had aanvankelijk een akkoord had met Turkse Rangers, maar koos dus toch voor de vaste waarde in tweede afdeling VV. “Mijn toekomst ligt hier”, zegt Cheprassov, die intussen verloofd is en ook jeugdscout is voor KRC Genk.",2026-08-28T12:34:09Z,2026-08-28T14:03:52.325895Z,2026-08-28T14:03:18.507263Z,Voetbal,new,1
494d804ede9d23dbd77937b3,hbvl,Het Belang van Limburg,news_media,région,Flandre,editorial_media,mixed_paywall,hbvl_rss,Nieuwsfeed,actualités|presse|terrain,nl,Marcske van ‘FC De Kampioenen’ steelt de show op oldtimertreffen in Peer: “We hadden zelfs zijn originele Fiat 500”,https://www.hbvl.be/regio/limburg/peer/marcske-van-fc-de-kampioenen-steelt-de-show-op-oldtimertreffen-in-peer-we-hadden-zelfs-zijn-originele-fiat-500/160636193.html,"Donderdagavond stalen niet de oldtimers de show tijdens het oldtimertreffen Classic Cars in Peer, maar wel Marcske van ‘FC De Kampioenen’. Toen hij in zijn iconische Fiat 500, die ook in de serie te zien is, het Peerse centrum binnenreed, werd hij al vlug omsingeld door heel wat trouwe fans.",2026-08-28T12:33:43Z,2026-08-28T14:03:52.325895Z,2026-08-28T14:03:18.507263Z,Peer,new,1
682eed210d7b2e187888bb20,vrt_nws,VRT NWS,news_media,communauté,Flandre|Bruxelles,editorial_media,open,vrt_nws_rss,Flux VRT NWS,actualités|presse|Belgique,nl,Verlichting Hockey Club Beveren mag voorlopig blijven branden ondanks vleermuizenbeperkingen,https://vrtnws.be/p.JNGRE7yLw,"De terreinverlichting van Hockey Club Beveren mag 's avonds voorlopig blijven branden. Dat heeft de rechter in kortgeding geoordeeld. Dat is een opsteker voor de club en de gemeente, die eerder beperkingen van het Agentschap voor Natuur en Bos hadden aangevochten. Daardoor kunnen trainingen en wedstrijden voorlopig gewoon doorgaan, in afwachting van een definitieve uitspraak van de Raad van State.",2026-08-28T12:33:27Z,2026-08-28T14:03:52.325895Z,2026-08-28T14:03:19.149230Z,,new,1
6b5b6240a7a123a32defb2a8,gva,Gazet van Antwerpen,news_media,région,Flandre,editorial_media,mixed_paywall,gva_rss,Nieuwsfeed,actualités|presse|terrain,nl,VIDEO. Vertederende beelden: Thibaut Courtois maakt jonge fan blij met handschoenen,https://www.gva.be/sport/voetbal/video.-vertederende-beelden-thibaut-courtois-maakt-jonge-fan-blij-met-handschoenen/160651124.html,Thibaut Courtois (34) heeft een jonge fan heel gelukkig gemaakt. Na een competitiezege met Real Madrid gaf de Belgische doelman zijn handschoenen cadeau. De boodschap op het kartonnen bord moet Courtois opgevallen zijn.,2026-08-28T12:32:00Z,2026-08-28T14:03:52.325895Z,2026-08-28T14:03:18.102108Z,Voetbal,new,1
2ab6b83162e59f4ebaaaf974,hbvl,Het Belang van Limburg,news_media,région,Flandre,editorial_media,mixed_paywall,hbvl_rss,Nieuwsfeed,actualités|presse|terrain,nl,VIDEO. Vertederende beelden: Thibaut Courtois maakt jonge fan blij met handschoenen,https://www.hbvl.be/sport/voetbal/video.-vertederende-beelden-thibaut-courtois-maakt-jonge-fan-blij-met-handschoenen/160651122.html,Thibaut Courtois (34) heeft een jonge fan heel gelukkig gemaakt. Na een competitiezege met Real Madrid gaf de Belgische doelman zijn handschoenen cadeau. De boodschap op het kartonnen bord moet Courtois opgevallen zijn.,2026-08-28T12:32:00Z,2026-08-28T14:03:52.325895Z,2026-08-28T14:03:18.507263Z,Voetbal,new,1
25e52c0a15c076856be4f89f,hbvl,Het Belang van Limburg,news_media,région,Flandre,editorial_media,mixed_paywall,hbvl_rss,Nieuwsfeed,actualités|presse|terrain,nl,Politie Carma zit vanaf nu ook op TikTok,https://www.hbvl.be/regio/limburg/genk/politie-carma-zit-vanaf-nu-ook-op-tiktok/160651019.html,"Politie Carma staat volgende week niet alleen aan de schoolpoorten maar jongeren kunnen de politiemannen en -vrouwen vanaf nu ook op hun geliefde TikTok volgen. Daarin zullen ze in flitsende filmpjes informatie geven over verkeersveiligheid, drugs, cybercrime en ook over jouw rechten en plichten bij een politiecontrole",2026-08-28T12:32:00Z,2026-08-28T14:03:52.325895Z,2026-08-28T14:03:18.507263Z,Genk,new,1
1dcb9f1dec024897b263411d,het_nieuwsblad,Het Nieuwsblad,news_media,national,Belgique,editorial_media,mixed_paywall,het_nieuwsblad_rss,Nieuwsfeed,actualités|presse|terrain,nl,Politie Carma zit vanaf nu ook op TikTok,https://www.nieuwsblad.be/regio/limburg/genk/politie-carma-zit-vanaf-nu-ook-op-tiktok/160653699.html,"Politie Carma staat volgende week niet alleen aan de schoolpoorten maar jongeren kunnen de politiemannen en -vrouwen vanaf nu ook op hun geliefde TikTok volgen. Daarin zullen ze in flitsende filmpjes informatie geven over verkeersveiligheid, drugs, cybercrime en ook over jouw rechten en plichten bij een politiecontrole",2026-08-28T12:32:00Z,2026-08-28T14:03:52.325895Z,2026-08-28T14:03:17.890939Z,Genk,new,1
4011fb7c817ba71aac92345a,het_nieuwsblad,Het Nieuwsblad,news_media,national,Belgique,editorial_media,mixed_paywall,het_nieuwsblad_rss,Nieuwsfeed,actualités|presse|terrain,nl,VIDEO. Vertederende beelden: Thibaut Courtois maakt jonge fan blij met handschoenen,https://www.nieuwsblad.be/sport/voetbal/video.-vertederende-beelden-thibaut-courtois-maakt-jonge-fan-blij-met-handschoenen/160649378.html,Thibaut Courtois (34) heeft een jonge fan heel gelukkig gemaakt. Na een competitiezege met Real Madrid gaf de Belgische doelman zijn handschoenen cadeau. De boodschap op het kartonnen bord moet Courtois opgevallen zijn.,2026-08-28T12:32:00Z,2026-08-28T14:03:52.325895Z,2026-08-28T14:03:17.890939Z,Voetbal,new,1
6d71f612d9ff65a7ebf90c1a,bx1,BX1,news_media,région,Bruxelles,editorial_media,open,bx1_rss,Flux BX1,actualités|presse|terrain,fr,Le casque obligatoire dès le 1er septembre pour les trottinettes de plus de 20km/h,https://bx1.be/categories/mobilite/le-casque-obligatoire-des-le-1er-septembre-pour-les-trottinettes-de-plus-de-20km-h/,"Les trottinettes en libre service étant par défaut bridées à cette vitesse, leurs utilisateurs sont exemptés de cette obligation. Le casque sera obligatoire pour les conducteurs de trottinettes électriques dès le 1er septembre, a communiqué le SPF Mobilité vendredi. Les engins dont la vitesse ne peut pas dépasser les 20 km/h ne sont toutefois pas … lire plus",2026-08-28T12:31:58Z,2026-08-28T14:03:52.325895Z,2026-08-28T14:03:19.625714Z,Mobilité,new,1
289adbd43c101e77892f9047,bx1,BX1,news_media,région,Bruxelles,editorial_media,open,bx1_rss,Flux BX1,actualités|presse|terrain,fr,Violences liées à la drogue: MR et N-VA réclament une loi plus opérationnelle et plus ferme pour fermer des commerces,https://bx1.be/categories/news/violences-liees-a-la-drogue-mr-et-n-va-reclament-une-loi-plus-operationnelle-et-plus-ferme-pour-fermer-des-commerces/,"Le président du MR bruxellois, David Weytsman, a rejoint vendredi la bourgmestre d’Anvers, Els Van Doesburg (N-VA): il demande une révision de la loi qui permet la fermeture de commerces servant de façade ou de point d’appui au crime organisé. Une loi votée sous la législature passée après de longs débats parlementaires offre déjà cette … lire plus",2026-08-28T12:31:36Z,2026-08-28T14:03:52.325895Z,2026-08-28T14:03:19.625714Z,David Weytsman | Els Van Doesburg | MR | N-VA | News | lutte contre le trafic de drogue,new,1
b0de0f41db6fc0bafb121cff,de_standaard,De Standaard,news_media,national,Belgique,editorial_media,mixed_paywall,de_standaard_rss,Binnenland,actualités|presse|Belgique,nl,"Brusselse procureur Julien Moinil geeft politiek donderpreek na golf schietpartijen: “Ik krijg geen reactie, geen concrete hulp”",https://www.standaard.be/binnenland/brusselse-procureur-julien-moinil-geeft-politiek-donderpreek-na-golf-schietpartijen-ik-krijg-geen-reactie-geen-concrete-hulp/160596505.html,"Wéér een jaar voorbij, wéér een reeks schietpartijen in de hoofdstad, en nog heeft de Brusselse procureur des Konings Julien Moinil niet de investeringen in justitie, politie en de gevangenissen waar hij al jaren om vraagt. “Ik vraag helemaal niets extra, alleen wat bij wet is voorgeschreven.”",2026-08-28T12:31:32Z,2026-08-28T14:03:52.325895Z,2026-08-28T14:03:17.986125Z,Binnenland,new,1
312eef2889f1dd2356e33cc2,gva,Gazet van Antwerpen,news_media,région,Flandre,editorial_media,mixed_paywall,gva_rss,Nieuwsfeed,actualités|presse|terrain,nl,"Geen bonnetjes meer, maar meteen betalen aan de bar om lange wachtrijen te vermijden: Park Happening klaar voor 27ste editie",https://www.gva.be/regio/antwerpen/regio-antwerpen/schoten/geen-bonnetjes-meer-maar-meteen-betalen-aan-de-bar-om-lange-wachtrijen-te-vermijden-park-happening-klaar-voor-27ste-editie/160626532.html,"Na 27 jaar ligt de Park Happening voor het eerst niet meer alleen in handen van de gemeentelijke jeugddienst. Zaterdag 29 augustus is het aan evenementenbureau Zanzibar om bij te sturen nadat er vorig jaar veel klachten waren gekomen. “We zijn er helemaal klaar voor”, aldus Yacine Fall van Zanzibar.",2026-08-28T12:30:00Z,2026-08-28T14:03:52.325895Z,2026-08-28T14:03:18.102108Z,Schoten,new,1
696998c62ff30e96ea78fee3,hbvl,Het Belang van Limburg,news_media,région,Flandre,editorial_media,mixed_paywall,hbvl_rss,Nieuwsfeed,actualités|presse|terrain,nl,Doelman keert met Boliviaanse echtgenote terug uit VS naar Limburg: “Deal met Union sprong nog af”,https://www.hbvl.be/sport/voetbal/doelman-keert-met-boliviaanse-echtgenote-terug-uit-vs-naar-limburg-deal-met-union-sprong-nog-af/160404817.html,"Hij verhuisde met zijn Boliviaanse vrouw recent vanuit de Verenigde Staten naar Genk en was bijna (als trainingskeeper) aan de slag bij bekerwinnaar Union, maar nu start doelman Pieter Caubergh (27) aan het nieuwe voetbalseizoen bij eersteprovincialer Koersel. “Uiteraard zou ik geen matchen keepen, maar het was een unieke kans op mijn passie te beoefenen als prof.”",2026-08-28T12:29:43Z,2026-08-28T14:03:52.325895Z,2026-08-28T14:03:18.507263Z,Voetbal,new,1
69d971f51e567ef22a70503d,hln,Het Laatste Nieuws,news_media,national,Belgique,editorial_media,mixed_paywall,hln_rss,Nieuwsfeed,actualités|presse|Belgique,nl,Jongste koning ter wereld gestorven op 34-jarige leeftijd,https://www.hln.be/royalty/jongste-koning-ter-wereld-gestorven-op-34-jarige-leeftijd~a3cb82294/,"Het koninkrijk Toro in het westen van Oeganda is in diepe rouw. Koning Oyo Rudiki IV, die als kleuter de jongste koning ter wereld werd, is donderdag op 34-jarige leeftijd overleden. Dat heeft de premier van dit traditionele koninkrijk bekendgemaakt.",2026-08-28T12:29:00Z,2026-08-28T14:03:52.325895Z,2026-08-28T14:03:17.439339Z,,new,1
f60b57571232e4422735af93,de_tijd,De Tijd,news_media,national,Belgique,editorial_media,mixed_paywall,de_tijd_rss,Algemeen nieuws,actualités|presse|économie,nl,Gestrikt | 'Don't Worry About the Government' van Talking Heads voor Bill White,https://www.tijd.be/r/t/1/id/10683893,"Elke week krijgt iemand in het nieuws een ongevraagd cadeau. Deze week is dat Amerikaans ambassadeur Bill White, die een tik op de vingers krijgt.",2026-08-28T12:27:14Z,2026-08-28T14:03:52.325895Z,2026-08-28T14:03:18.412767Z,Dossiers,new,1
802a92d6c6facb14d2932192,hbvl,Het Belang van Limburg,news_media,région,Flandre,editorial_media,mixed_paywall,hbvl_rss,Nieuwsfeed,actualités|presse|terrain,nl,Vijftig jongeren sluiten vakantie af met sport- en tenniskamp bij Koninklijke Breese Tennisclub,https://www.hbvl.be/regio/limburg/bree/vijftig-jongeren-sluiten-vakantie-af-met-sport-en-tenniskamp-bij-koninklijke-breese-tennisclub/160574752.html,"Om de zomervakantie af te sluiten, nam een 50-tal jongeren tussen 5 en 16 jaar deel aan het tennis- en sportkamp van de Koninklijke Breese Tennisclub langs ’t kanaal.",2026-08-28T12:27:00Z,2026-08-28T14:03:52.325895Z,2026-08-28T14:03:18.507263Z,Bree,new,1
1c2c83deda00b0649f17ac7e,gva,Gazet van Antwerpen,news_media,région,Flandre,editorial_media,mixed_paywall,gva_rss,Nieuwsfeed,actualités|presse|terrain,nl,"BASKETBABBELS. Hopen op eersteklassers in de Beker van België, ook Vlaamse beker komt op toerental",https://www.gva.be/sport/sportregio/basketbabbels.-hopen-op-eersteklassers-in-de-beker-van-belgie-ook-vlaamse-beker-komt-op-toerental/160650286.html,"In de Beker van België hopen zowel Falco Gent, ABO LDP Donza als Gent-Oost Eagles op een galamatch tegen een BNXT-ploeg. Ploegen uit landelijke zoals Haantjes Oudenaarde, Sgolba Aalter en Gembas Knesselare bereiden de wenkende competitie voor in de Beker van Vlaanderen!",2026-08-28T12:25:20Z,2026-08-28T14:03:52.325895Z,2026-08-28T14:03:18.102108Z,Sportregio,new,1
728d8282d7f4e428e3dbecbd,rtbf_info,RTBF Info,news_media,communauté,Wallonie|Bruxelles,editorial_media,open,rtbf_info_rss,Flux RTBF Info,actualités|presse|Belgique,fr,"Fusillades à Bruxelles: un comité stratégique réuni ce vendredi après-midi au 16, rue de la Loi",https://www.rtbf.be/article/fusillades-a-bruxelles-un-comite-strategique-reuni-ce-vendredi-apres-midi-au-16-rue-de-la-loi-11776710,La flambée de violence liée au trafic de drogue ces derniers jours à Bruxelles devrait être abordée. Sur base des...,2026-08-28T12:24:33Z,2026-08-28T14:03:52.325895Z,2026-08-28T14:03:19.358990Z,INFO,new,1
0b96ab8dd249ceed0c4b0844,de_standaard,De Standaard,news_media,national,Belgique,editorial_media,mixed_paywall,de_standaard_rss,Binnenland,actualités|presse|Belgique,nl,Snel mee met het nieuws van de dag,https://www.standaard.be/binnenland/snel-mee-met-het-nieuws-van-de-dag/142429359.html,Met dit overzicht bent u snel mee met de belangrijkste gebeurtenissen van vandaag.,2026-08-28T12:24:17Z,2026-08-28T14:03:52.325895Z,2026-08-28T14:03:17.986125Z,Binnenland,new,1
2ce9871bf281786f82cb11e0,gva,Gazet van Antwerpen,news_media,région,Flandre,editorial_media,mixed_paywall,gva_rss,Nieuwsfeed,actualités|presse|terrain,nl,"""Gaza is niet te koop"": zeven mensen aangeklaagd voor het vandaliseren van het golfterrein van Trump in Schotland",https://www.gva.be/opmerkelijk/gaza-is-niet-te-koop-zeven-mensen-aangeklaagd-voor-het-vandaliseren-van-het-golfterrein-van-trump-in-schotland/160650169.html,"Zeven personen die zijn aangeklaagd voor vernielingen aan Donald Trumps golfbaan in Turnberry, Schotland, worden er van beschuldigd opzettelijke schade te hebben aangebracht met een terroristische achtergrond. Maandag komen ze voor de rechter.",2026-08-28T12:23:56Z,2026-08-28T14:03:52.325895Z,2026-08-28T14:03:18.102108Z,Opmerkelijk,new,1
c5e6c2d7dcffcd6d92213048,hbvl,Het Belang van Limburg,news_media,région,Flandre,editorial_media,mixed_paywall,hbvl_rss,Nieuwsfeed,actualités|presse|terrain,nl,"""Gaza is niet te koop"": zeven mensen aangeklaagd voor het vandaliseren van het golfterrein van Trump in Schotland",https://www.hbvl.be/opmerkelijk/gaza-is-niet-te-koop-zeven-mensen-aangeklaagd-voor-het-vandaliseren-van-het-golfterrein-van-trump-in-schotland/160650170.html,"Zeven personen die zijn aangeklaagd voor vernielingen aan Donald Trumps golfbaan in Turnberry, Schotland, worden er van beschuldigd opzettelijke schade te hebben aangebracht met een terroristische achtergrond. Maandag komen ze voor de rechter.",2026-08-28T12:23:56Z,2026-08-28T14:03:52.325895Z,2026-08-28T14:03:18.507263Z,Opmerkelijk,new,1
70f2348a42fd38af6f960ca8,gva,Gazet van Antwerpen,news_media,région,Flandre,editorial_media,mixed_paywall,gva_rss,Nieuwsfeed,actualités|presse|terrain,nl,Van de vrees voor een kernbom tot onuitwisbare imagoschade: de gevolgen van de oorlog in Iran zullen nog heel lang voelbaar zijn,https://www.gva.be/buitenland/van-de-vrees-voor-een-kernbom-tot-onuitwisbare-imagoschade-de-gevolgen-van-de-oorlog-in-iran-zullen-nog-heel-lang-voelbaar-zijn/160650120.html,"Exact zes maanden geleden vlogen de eerste Amerikaanse bommenwerpers boven Teheran. De oorlog, die volgens Trump krachtig en kort zou zijn, sleept ondertussen al een halfjaar aan zonder uitzicht op een oplossing. En zelfs al zou die er op miraculeuze wijze toch komen, zullen de gevolgen nog lang voelbaar zijn.",2026-08-28T12:23:18Z,2026-08-28T14:03:52.325895Z,2026-08-28T14:03:18.102108Z,Buitenland,new,1
228de351456449646c2a2965,la_libre,La Libre Belgique,news_media,national,Belgique,editorial_media,mixed_paywall,la_libre_rss,Flux Belgique,actualités|presse|Belgique,fr,Narcotrafic: le Premier ministre Bart De Wever convoque les services de sécurité,https://www.lalibre.be/belgique/politique-belge/2026/08/28/narcotrafic-le-premier-ministre-bart-de-wever-convoque-les-services-de-securite-S42HPYIAJZBFRCNZUOLBPXOC2A/,Un Comité de coordination du renseignement et la sécurité (CCRS) est actuellement convoqué pour discuter des récentes fusillades....,2026-08-28T12:22:45Z,2026-08-28T14:03:52.325895Z,2026-08-28T14:03:16.960170Z,Politique belge,new,1
d9f799d14fef9f3426ab1988,vrt_nws,VRT NWS,news_media,communauté,Flandre|Bruxelles,editorial_media,open,vrt_nws_rss,Flux VRT NWS,actualités|presse|Belgique,nl,"Zwemlessen op school onder druk: ""Niveau gaat achteruit, binnenkort kan enkel de elite nog zwemmen""",https://vrtnws.be/p.BlXPG8Ojx,"Hoewel de eindtermen voorschrijven dat leerlingen op het einde van de lagere school moeten kunnen zwemmen, slagen scholen daar niet altijd even gemakkelijk in. ""Er is minder zwemwater dan vroeger en zwemmen wordt steeds duurder"", zegt Tine Sleurs, lector LO aan de Hogeschool UCLL. En dus zijn er grote niveauverschillen tussen leerlingen.",2026-08-28T12:21:39Z,2026-08-28T14:03:52.325895Z,2026-08-28T14:03:19.149230Z,,new,1
b4a82b3313e54df4ba9d758e,dhnet,DH Les Sports+,news_media,national,Belgique,editorial_media,mixed_paywall,dhnet_rss,Flux actualités,actualités|presse|Belgique,fr,Bart De Wever convoque les services de sécurité concernant les fusillades et le narcotrafic,https://www.dhnet.be/actu/belgique/2026/08/28/bart-de-wever-convoque-les-services-de-securite-concernant-les-fusillades-et-le-narcotrafic-NGG3PAZBB5FUPNVD2OCJUFUPW4/,Un Comité de coordination du renseignement et la sécurité (CCRS) est actuellement convoqué pour discuter des récentes fusillades....,2026-08-28T12:21:30Z,2026-08-28T14:03:52.325895Z,2026-08-28T14:03:17.464466Z,Belgique,new,1
94996c722d0c2be400469809,le_soir,Le Soir,news_media,national,Belgique,editorial_media,mixed_paywall,le_soir_rss,Flux principal,actualités|presse|Belgique,fr,L’« index en centimes » entre en vigueur pour la première fois,https://www.lesoir.be/767666/article/2026-08-28/l-index-en-centimes-entre-en-vigueur-pour-la-premiere-fois,L’indexation des salaires des fonctionnaires et des allocations sociales (comme les pensions) intervient car l’indice-pivot a été dépassé en juin.,2026-08-28T12:21:04Z,2026-08-28T14:03:52.325895Z,2026-08-28T14:03:16.152498Z,Références,new,1
68a9dd7fa471462f07d2e74e,vrt_nws,VRT NWS,news_media,communauté,Flandre|Bruxelles,editorial_media,open,vrt_nws_rss,Flux VRT NWS,actualités|presse|Belgique,nl,Na 15 jaar zijn werken aan nieuwe basisschool De Kiem in Ternat officieel gestart: leerlingen verhuizen naar tijdelijke school,https://vrtnws.be/p.oL1DMYEOv,"De afbraakwerken bij de gemeentelijke basisschool De Kiem in Sint-Katherina-Lombeek bij Ternat zijn gestart. Terwijl daar plaats komt voor een nieuw gebouw, verhuist De Kiem vanaf 1 september tijdelijk naar de Rietstraat. Aan het dossier is meer dan 15 jaar gewerkt.",2026-08-28T12:20:22Z,2026-08-28T14:03:52.325895Z,2026-08-28T14:03:19.149230Z,,new,1
3ea42b00112ff63b8ade9b89,gva,Gazet van Antwerpen,news_media,région,Flandre,editorial_media,mixed_paywall,gva_rss,Nieuwsfeed,actualités|presse|terrain,nl,Vanaf 1 september helm verplicht op elektrische step die sneller kan dan 20 km/u: “Vaak hersenletsels bij ernstige ongevallen”,https://www.gva.be/binnenland/vanaf-1-september-helm-verplicht-op-elektrische-step-die-sneller-kan-dan-20-kmu-vaak-hersenletsels-bij-ernstige-ongevallen/160649763.html,Vanaf 1 september is het dragen van een helm verplicht op elektrische steps die sneller kunnen rijden dan 20 kilometer per uur. Dat heeft de federale overheidsdienst Mobiliteit vrijdag meegedeeld.,2026-08-28T12:19:36Z,2026-08-28T14:03:52.325895Z,2026-08-28T14:03:18.102108Z,Binnenland,new,1
bea8a57bef0c6b58da3a5743,de_standaard,De Standaard,news_media,national,Belgique,editorial_media,mixed_paywall,de_standaard_rss,Binnenland,actualités|presse|Belgique,nl,6 hectare vegetatie vernield door heropflakkering van brand Hoge Venen,https://www.standaard.be/binnenland/6-hectare-vegetatie-vernield-door-heropflakkering-van-brand-hoge-venen/157398228.html,Wereldwijd worden de gevolgen van de klimaatverandering gevoeld. Volg hier alle recente ontwikkelingen.,2026-08-28T12:18:34Z,2026-08-28T14:03:52.325895Z,2026-08-28T14:03:17.986125Z,Binnenland,new,1
37567bb0c80bd7df2e044db2,hbvl,Het Belang van Limburg,news_media,région,Flandre,editorial_media,mixed_paywall,hbvl_rss,Nieuwsfeed,actualités|presse|terrain,nl,Hendrik schenkt voor de honderdste keer bloed: “Begonnen na een dringende oproep in het ziekenhuis”,https://www.hbvl.be/regio/limburg/maaseik/hendrik-schenkt-voor-de-honderdste-keer-bloed-begonnen-na-een-dringende-oproep-in-het-ziekenhuis/160642467.html,"Het begon met een dringende oproep om bloeddonoren toen zijn vader in het ziekenhuis lag, intussen heeft Hendrik Vrinssen al honderd keer bloed gegeven. Daarvoor werd hij donderdag in bloemetjes gezet in Opoeteren.",2026-08-28T12:18:23Z,2026-08-28T14:03:52.325895Z,2026-08-28T14:03:18.507263Z,Maaseik,new,1
827034905060af73b86e960e,dhnet,DH Les Sports+,news_media,national,Belgique,editorial_media,mixed_paywall,dhnet_rss,Flux actualités,actualités|presse|Belgique,fr,Décès du roi Harald V: le nouveau roi a choisi son nom,https://www.dhnet.be/actu/monde/2026/08/28/deces-du-roi-harald-v-le-nouveau-roi-a-choisi-son-nom-5WUQJCX6O5AB5GFPWVBG56T2BY/,Haakon a choisi son nom comme Roi....,2026-08-28T12:18:10Z,2026-08-28T14:03:52.325895Z,2026-08-28T14:03:17.464466Z,Monde,new,1
67e6ef305b4bbed6c03868b0,vrt_nws,VRT NWS,news_media,communauté,Flandre|Bruxelles,editorial_media,open,vrt_nws_rss,Flux VRT NWS,actualités|presse|Belgique,nl,150 passagiers zitten 4 uur lang vast in trein net over grens met Frankrijk door defecte locomotief,https://vrtnws.be/p.OvX3yQJee,Een Belgische trein die van Doornik onderweg was naar Lille-Flandres in Frankrijk heeft 4 uur lang stilgestaan net over de Franse grens door een defect aan de locomotief. Op de trein zaten zo'n 150 passagiers. Zij zijn inmiddels aangekomen in het station van Tourcoing. Sommigen onder hen werden onwel.,2026-08-28T12:15:34Z,2026-08-28T14:03:52.325895Z,2026-08-28T14:03:19.149230Z,,new,1
96a6eeaf5cdab6dddc4284e7,rtbf_info,RTBF Info,news_media,communauté,Wallonie|Bruxelles,editorial_media,open,rtbf_info_rss,Flux RTBF Info,actualités|presse|Belgique,fr,GTA 6: voici les détails que Rockstar Games n’a pas dévoilés dans la présentation du jeu,https://www.rtbf.be/article/gta-6-voici-les-details-que-rockstar-games-n-a-pas-devoiles-dans-la-presentation-du-jeu-11776512,"Ce 27 août, la société Rockstar Games en a enfin montré davantage sur ""Grand Theft Auto VI"", jeu extrêmement attendu à...",2026-08-28T12:14:30Z,2026-08-28T14:03:52.325895Z,2026-08-28T14:03:19.358990Z,JEUX VIDEO,new,1
1d7161aebea8971e01a2eff8,sudinfo,Sudinfo,news_media,région,Wallonie|Bruxelles,editorial_media,mixed_paywall,sudinfo_rss,Flux principal,actualités|presse|terrain,fr,"L’enfer pour des centaines de passagers ce vendredi: un train de la SNCB est immobilisé depuis plus de trois heures sans climatisation ni toilettes, « des personnes commencent à se sentir mal »",https://www.sudinfo.be/id1186497/article/2026-08-28/lenfer-pour-des-centaines-de-passagers-ce-vendredi-un-train-de-la-sncb-est,"Un train reliant la Belgique à Lille est immobilisé depuis 10h30, juste après la frontière française. Les passagers dénoncent l’absence d’informations, des toilettes condamnées et une climatisation hors service.",2026-08-28T12:14:11Z,2026-08-28T14:03:52.325895Z,2026-08-28T14:03:17.045284Z,Belgique,new,1
d63998776388b885fe039ba5,hln,Het Laatste Nieuws,news_media,national,Belgique,editorial_media,mixed_paywall,hln_rss,Nieuwsfeed,actualités|presse|Belgique,nl,"Céline Dion gearriveerd in Parijs voor concertreeks, zangeres nu ook gefotografeerd aan peperduur hotel",https://www.hln.be/showbizz/celine-dion-gearriveerd-in-parijs-voor-concertreeks-zangeres-nu-ook-gefotografeerd-aan-peperduur-hotel~a736463d/,"Céline Dion (58) is aangekomen in Frankrijk, waar ze zich de komende twee weken voorbereidt op haar grote comeback. De Canadese wereldster landde vrijdagmiddag om 12.50 uur met een privéjet op de luchthaven van Le Bourget, nabij Parijs. Een dik uur later werd de zangeres gefotografeerd aan Royal Monceau, het peperdure hotel waar ze verblijft. Over precies vijftien dagen begint de artieste in de Franse hoofdstad aan haar langverwachte reeks van zestien concerten.",2026-08-28T12:14:00Z,2026-08-28T14:03:52.325895Z,2026-08-28T14:03:17.439339Z,,new,1
484597adc32c9313f00e00eb,dhnet,DH Les Sports+,news_media,national,Belgique,editorial_media,mixed_paywall,dhnet_rss,Flux actualités,actualités|presse|Belgique,fr,"Le GTA ultime? Ce qu’il faut retenir du trailer étendu de GTA VI, qui a fait surchauffer les serveurs de Netflix et Twitch",https://www.dhnet.be/medias/jeux-video/2026/08/28/le-gta-ultime-ce-quil-faut-retenir-du-trailer-etendu-de-gta-vi-qui-a-fait-surchauffer-les-serveurs-de-netflix-et-twitch-U3GFO2BKCJAQBFIS3H3XK6MKJM/,"Panique sur les serveurs, photo réalisme bluffant et budget historique: après des mois d’attente, Rockstar a dévoilé près de 30 minutes de gameplay brut de Grand Theft Auto VI. Même sans révolutionner ses mécaniques, le futur roi du jeu vidéo s’annonce déjà comme l’événement culturel ultime de cette fin d’année…...",2026-08-28T12:13:27Z,2026-08-28T14:03:52.325895Z,2026-08-28T14:03:17.464466Z,Jeux vidéo,new,1
6fbf7125a9a8ef3caf6a22c9,vrt_nws,VRT NWS,news_media,communauté,Flandre|Bruxelles,editorial_media,open,vrt_nws_rss,Flux VRT NWS,actualités|presse|Belgique,nl,"Vlaamse arts Yenthe Peeters getuigt vanuit Nepal: ""Je voelt de wanhoop van het volk""",https://vrtnws.be/p.QAXOoPAkP,"""De hulpdiensten doen alles wat ze kunnen, maar het is moeilijk om structuur te krijgen in de reddingsoperaties."" Dat zegt Yenthe Peeters, een Vlaamse arts die momenteel in de Nepalese hoofdstad Kathmandu is. Ze getuigt over de chaos in de ziekenhuizen en de vrees voor een nieuwe vloedgolf. ""We zien slechts het topje van de ijsberg.""",2026-08-28T12:12:13Z,2026-08-28T14:03:52.325895Z,2026-08-28T14:03:19.149230Z,,new,1
505d0691b5947f2c16e99bd9,hbvl,Het Belang van Limburg,news_media,région,Flandre,editorial_media,mixed_paywall,hbvl_rss,Nieuwsfeed,actualités|presse|terrain,nl,Pasar Lanaken verkent natuurgebied Negenoord,https://www.hbvl.be/regio/limburg/lanaken/pasar-lanaken-verkent-natuurgebied-negenoord/160641344.html,"De leden van Pasar Lanaken maakten zopas een uitstap naar het natuurgebied Negenoord. Met een boottocht, een wandeling en een barbecue waren de namiddag en avond goed gevuld.",2026-08-28T12:11:28Z,2026-08-28T14:03:52.325895Z,2026-08-28T14:03:18.507263Z,Lanaken,new,1
eb2df6cc798c7ff193bae9f5,hln,Het Laatste Nieuws,news_media,national,Belgique,editorial_media,mixed_paywall,hln_rss,Nieuwsfeed,actualités|presse|Belgique,nl,Veertiger uit Puurs ontvoerd door nepagenten en dagenlang gegijzeld: politie pakt drie verdachten op,https://www.hln.be/puurs-sint-amands/veertiger-uit-puurs-ontvoerd-door-nepagenten-en-dagenlang-gegijzeld-politie-pakt-drie-verdachten-op~ae4d6f91/,"Een 40-jarige man is vorige week maandag, 17 augustus, het slachtoffer geworden van een brutale ontvoering. Dat gebeurde ter hoogte van de Oppuurseweg in het Antwerpse Puurs-Sint-Amands. De veertiger werd overmeesterd door een trio, nadat hij met zijn wagen werd klemgereden door een ander voertuig. Drie gemaskerde mannen stapten uit en deden zich voor als politieagenten. Ze droegen zelfs een oranje armband, gelijkend op die van de politie.",2026-08-28T12:11:00Z,2026-08-28T14:03:52.325895Z,2026-08-28T14:03:17.439339Z,,new,1
ea96b523b2add729d9c8b85b,vrt_nws,VRT NWS,news_media,communauté,Flandre|Bruxelles,editorial_media,open,vrt_nws_rss,Flux VRT NWS,actualités|presse|Belgique,nl,Tienduizenden mensen in een vingerknip opgeslokt: hoe drama in Nepal aan dodelijkste gletsjerramp ooit herinnert,https://vrtnws.be/p.WkXaDvjKK,"Dat in Nepal een instortende gletsjer wellicht aan de basis ligt van de verwoestende overstroming, is helaas geen unicum. Het doet denken aan wat nog altijd te boek staat als de dodelijkste gletsjergerelateerde ramp in de geschiedenis: de puinlawine van de Huascarán, in Peru, van 31 mei 1970. Dit is het verhaal van die dag.",2026-08-28T12:10:48Z,2026-08-28T14:03:52.325895Z,2026-08-28T14:03:19.149230Z,,new,1
1b6c40e155b2ebab05818354,hbvl,Het Belang van Limburg,news_media,région,Flandre,editorial_media,mixed_paywall,hbvl_rss,Nieuwsfeed,actualités|presse|terrain,nl,Elly en Willy uit Pelt delen al 50 jaar lief en leed,https://www.hbvl.be/regio/limburg/pelt/elly-en-willy-uit-pelt-delen-al-50-jaar-lief-en-leed/160631944.html,"Vijftig jaar geleden, op 27 augustus 1976, stapten Willy Dilissen (71) en Elly Brouwers (70) in het huwelijksbootje in het gemeentehuis van Overpelt. Deze week mocht het koppel hun gouden huwelijksjubileum vieren.",2026-08-28T12:08:07Z,2026-08-28T14:03:52.325895Z,2026-08-28T14:03:18.507263Z,Pelt,new,1
c55b64258b437c6d39b89288,gva,Gazet van Antwerpen,news_media,région,Flandre,editorial_media,mixed_paywall,gva_rss,Nieuwsfeed,actualités|presse|terrain,nl,Kaarsenhuisje breidt uit met broodjeshoek: “We zoeken nog naar nieuwe naam”,https://www.gva.be/regio/antwerpen/kempen/geel/kaarsenhuisje-breidt-uit-met-broodjeshoek-we-zoeken-nog-naar-nieuwe-naam/160637269.html,"De klanten van Het Kaarsenhuisje in Geel-Zammel moesten de voorbije weken deels langs een werfzone naar de kassa passeren, want de uitbaters bouwden een deel van de zaak om tot een hoek waar medewerkers belegde broodjes en snacks bereiden. En die broodjeshoek is nu klaar.",2026-08-28T12:06:34Z,2026-08-28T14:03:52.325895Z,2026-08-28T14:03:18.102108Z,Geel,new,1
38fb6592d65e0185a8b5aaa0,le_soir,Le Soir,news_media,national,Belgique,editorial_media,mixed_paywall,le_soir_rss,Flux principal,actualités|presse|Belgique,fr,Trois personnes blessées après un braquage à main armée,https://www.lesoir.be/767658/article/2026-08-28/trois-personnes-blessees-apres-un-braquage-main-armee,"Jeudi soir dernier, trois individus armés ont dérobé le coffre-fort d’une friterie à Melveren jeudi soir. Une enquête a été ouverte.",2026-08-28T12:06:09Z,2026-08-28T14:03:52.325895Z,2026-08-28T14:03:16.152498Z,Flandre,new,1
52963d8ae5113e2877928151,gva,Gazet van Antwerpen,news_media,région,Flandre,editorial_media,mixed_paywall,gva_rss,Nieuwsfeed,actualités|presse|terrain,nl,LIVE BRAND HOGE VENEN. 6 hectare vegetatie vernield door heropflakkering van brand,https://www.gva.be/weer/live-brand-hoge-venen.-6-hectare-vegetatie-vernield-door-heropflakkering-van-brand/152288454.html,Europa heeft al weken te kampen met aanhoudende hitte en droogte. Dat gaat gepaard met verwoestende natuurbranden en dodelijke onweersbuien. In eigen land brak op vrijdag 14 augustus een enorme natuurbrand uit in de Hoge Venen. Volg hier al het nieuws.,2026-08-28T12:05:00Z,2026-08-28T14:03:52.325895Z,2026-08-28T14:03:18.102108Z,Weer,new,1
0bbff24785b04a0bcf844d42,hbvl,Het Belang van Limburg,news_media,région,Flandre,editorial_media,mixed_paywall,hbvl_rss,Nieuwsfeed,actualités|presse|terrain,nl,LIVE BRAND HOGE VENEN. 6 hectare vegetatie vernield door heropflakkering van brand,https://www.hbvl.be/binnenland/live-brand-hoge-venen.-6-hectare-vegetatie-vernield-door-heropflakkering-van-brand/157415877.html,Europa heeft al weken te kampen met aanhoudende hitte en droogte. Dat gaat gepaard met verwoestende natuurbranden en dodelijke onweersbuien. In eigen land brak op vrijdag 14 augustus een enorme natuurbrand uit in de Hoge Venen. Volg hier al het nieuws.,2026-08-28T12:05:00Z,2026-08-28T14:03:52.325895Z,2026-08-28T14:03:18.507263Z,Binnenland,new,1
3e603f8283e06dbd7c1a59bf,hln,Het Laatste Nieuws,news_media,national,Belgique,editorial_media,mixed_paywall,hln_rss,Nieuwsfeed,actualités|presse|Belgique,nl,“Ik zat te slapen en plots zag ik glas en stenen rond mij vliegen...”: passagier getuigt hoe vrachtwagen in gevel van historisch herenhuis in Booischot crasht,https://www.hln.be/heist-op-den-berg/ik-zat-te-slapen-en-plots-zag-ik-glas-en-stenen-rond-mij-vliegen-passagier-getuigt-hoe-vrachtwagen-in-gevel-van-historisch-herenhuis-in-booischot-crasht~abe77bab/,"Een vrachtwagen, geladen met kleine heftrucks, is vanochtend een oud herenhuis in de Dorpsstraat in het Antwerpse Booischot (Heist-op-den-Berg) binnengereden. Naast de gevel van de woning zijn ook twee wagens en een boom het slachtoffer van het ongeval. De passagier van de vrachtwagen vertelt bij VTM NIEUWS hoe dit is kunnen gebeuren. “We leven nog. Dat is het belangrijkste.” Ondertussen zijn de takelwerken bezig. De Dorpsstraat is nog steeds volledig afgesloten voor verkeer.",2026-08-28T12:05:00Z,2026-08-28T14:03:52.325895Z,2026-08-28T14:03:17.439339Z,,new,1
df985731c2a855e3b4c92212,gva,Gazet van Antwerpen,news_media,région,Flandre,editorial_media,mixed_paywall,gva_rss,Nieuwsfeed,actualités|presse|terrain,nl,Koen Pouillon keert met KSK Vlaamse Ardennen terug naar eerste provinciale met duel op KFC Eeklo: “We zullen het vooral op enthousiasme moeten doen”,https://www.gva.be/sport/sportregio/koen-pouillon-keert-met-ksk-vlaamse-ardennen-terug-naar-eerste-provinciale-met-duel-op-kfc-eeklo-we-zullen-het-vooral-op-enthousiasme-moeten-doen/160648330.html,"KSK Vlaamse Ardennen is terug in eerste provinciale. In het seizoen 2023-2024 redde de club zich sportief, maar de vaudeville rond Eendracht Aalst zorgde ervoor dat Vlaamse Ardennen drie maanden na het einde van de competitie alsnog degradeerde. Koen Pouillon bleef de ploeg trouw, loodste die naar de titel in tweede provinciale B en telt nu af naar de competitiestart in Eeklo.",2026-08-28T12:04:05Z,2026-08-28T14:03:52.325895Z,2026-08-28T14:03:18.102108Z,Sportregio,new,1
311f2f2c667232493be15ae9,de_tijd,De Tijd,news_media,national,Belgique,editorial_media,mixed_paywall,de_tijd_rss,Algemeen nieuws,actualités|presse|économie,nl,De biersector investeert in wat voorbij is,https://www.tijd.be/r/t/1/id/10683887,Eerlijke informatie over de gezondheidsrisico’s van alcohol geeft mensen de vrijheid om zelf een bewuste keuze te maken.,2026-08-28T12:01:37Z,2026-08-28T14:03:52.325895Z,2026-08-28T14:03:18.412767Z,Opinie,new,1
aafde8d8f172461c5d9df028,de_tijd,De Tijd,news_media,national,Belgique,editorial_media,mixed_paywall,de_tijd_rss,Algemeen nieuws,actualités|presse|économie,nl,De influencer | Operadirecteur Benedikt Spierings: ‘Plagen is een manier om met vrolijkheid en ironie in het leven te staan’,https://www.tijd.be/r/t/1/id/10683401,"Benedikt Spierings (42) is de nieuwe algemeen directeur van Opera Ballet Vlaanderen en Antwerp Symphony Orchestra, waarvan de fusie op 1 maart werd afgerond. Daarmee leidt de Belgisch-Nederlandse de grootste culturele instelling van Vlaanderen. Wat inspireert en pleziert haar?",2026-08-28T12:00:00Z,2026-08-28T14:03:52.325895Z,2026-08-28T14:03:18.412767Z,Cultuur,new,1
04edf1a81c874323e51be6ff,gva,Gazet van Antwerpen,news_media,région,Flandre,editorial_media,mixed_paywall,gva_rss,Nieuwsfeed,actualités|presse|terrain,nl,Een school kiezen voor je kind? Bekijk hier hoe de kleuter- en lagere scholen in jouw buurt scoren,https://www.gva.be/onderwijs/een-school-kiezen-voor-je-kind-bekijk-hier-hoe-de-kleuter-en-lagere-scholen-in-jouw-buurt-scoren/89216288.html,"Hoe kies je de beste kleuterschool of lagere school? Hoeveel kinderen halen hun diploma in het zesde? Wat zegt de inspectie over de scholen in mijn buurt? De Onderwijzer bundelt alle mogelijke gegevens van de Vlaamse basisscholen, waarvan sommige nooit eerder gepubliceerd.",2026-08-28T12:00:00Z,2026-08-28T14:03:52.325895Z,2026-08-28T14:03:18.102108Z,Onderwijs,new,1
30a32397f74f548e69668694,hln,Het Laatste Nieuws,news_media,national,Belgique,editorial_media,mixed_paywall,hln_rss,Nieuwsfeed,actualités|presse|Belgique,nl,"Hij deelde snoepjes uit aan kinderen, uren later begon de slachting: ‘Slager van Srebrenica’ Ratko Mladić (84) overleden",https://www.hln.be/buitenland/hij-deelde-snoepjes-uit-aan-kinderen-uren-later-begon-de-slachting-slager-van-srebrenica-ratko-mladic-84-overleden~aca35498/,"De voormalige Bosnisch-Servische legerleider Ratko Mladić is op 84-jarige leeftijd overleden in het gevangenisziekenhuis van Scheveningen, waar hij een levenslange celstraf uitzat voor genocide en oorlogsmisdaden. ‘De Slager van Srebrenica’ liet een spoor van bloed achter, maar na zijn arrestatie in 2011 toonde de mededogenloze krijgsheer zowaar een zeldzaam menselijk gelaat toen hij met betraande ogen afscheid ging nemen aan het graf van zijn dochter.",2026-08-28T12:00:00Z,2026-08-28T14:03:52.325895Z,2026-08-28T14:03:17.439339Z,,new,1
e6d3d315bdfebca8f70d3963,gva,Gazet van Antwerpen,news_media,région,Flandre,editorial_media,mixed_paywall,gva_rss,Nieuwsfeed,actualités|presse|terrain,nl,Beelden tonen hoe vrachtwagen woning binnenrijdt in centrum van Booischot: “We waren allebei in slaap gevallen”,https://www.gva.be/regio/antwerpen/rivierenland/heist-op-den-berg/beelden-tonen-hoe-vrachtwagen-woning-binnenrijdt-in-centrum-van-booischot-we-waren-allebei-in-slaap-gevallen/160626659.html,"De N15 in Booischot (Heist-op-den-Berg) is volledig versperd na een spectaculair ongeval. Een vrachtwagen, geladen met heftrucks, is er in een woning gereden. De bewoners waren op het moment van het ongeval gelukkig niet thuis.",2026-08-28T11:59:00Z,2026-08-28T14:03:52.325895Z,2026-08-28T14:03:18.102108Z,Heist-op-den-Berg,new,1
959790ce5b24c93e58dbc5b8,bx1,BX1,news_media,région,Bruxelles,editorial_media,open,bx1_rss,Flux BX1,actualités|presse|terrain,fr,"Europa League: l’Union accueillera la Real Sociedad et jouera à Lyon, Anderlecht contre Lyon et à l’OM",https://bx1.be/categories/news/europa-league-lunion-accueillera-la-real-sociedad-et-jouera-a-lyon-anderlecht-contre-lyon-et-a-lom/,"L’Union Saint-Gilloise et le RSC Anderlecht connaissent leurs adversaires en phase de ligue de l’Europa League de football cette saison. Le tirage au sort a été effectué vendredi à 13 heures à Nyon, en Suisse, au siège de l’UEFA. L’Union, issu du pot 2, jouera “à domicile” (à Louvain) contre la Real Sociedad, le Celtic … lire plus",2026-08-28T11:58:44Z,2026-08-28T14:03:52.325895Z,2026-08-28T14:03:19.625714Z,Football | News | RSC Anderlecht | Sport | Sporting Anderlecht | Union Saint-Gilloise | europa league,new,1
6e1eb742f0bdce0e14be675b,hln,Het Laatste Nieuws,news_media,national,Belgique,editorial_media,mixed_paywall,hln_rss,Nieuwsfeed,actualités|presse|Belgique,nl,Nederlander (66) veroordeeld tot levenslang voor medeplichtigheid Rwandese genocide,https://www.hln.be/buitenland/nederlander-66-veroordeeld-tot-levenslang-voor-medeplichtigheid-rwandese-genocide~af4f9e32/,Eugène N. uit het Nederlandse Ede moet boeten voor zijn daden tijdens de genocide in Rwanda in 1994. Bij die massamoord kwamen in drie maanden tijd zo’n 800.000 mensen om het leven. De rechtbank veroordeelde hem tot een levenslange celstraf.,2026-08-28T11:57:00Z,2026-08-28T14:03:52.325895Z,2026-08-28T14:03:17.439339Z,,new,1
cbbe8df80278d9c9596abfda,sudinfo,Sudinfo,news_media,région,Wallonie|Bruxelles,editorial_media,mixed_paywall,sudinfo_rss,Flux principal,actualités|presse|terrain,fr,La présence au travail atteint un niveau record en Belgique: une tendance notamment liée aux efforts des employeurs pour lutter contre l’absentéisme!,https://www.sudinfo.be/id1186482/article/2026-08-28/la-presence-au-travail-atteint-un-niveau-record-en-belgique-une-tendance,"Les travailleurs belges ont atteint un niveau de présence inédit depuis 2020 au cours des six premiers mois de l’année. Selon Acerta, 86,71 % des heures de travail possibles ont effectivement été prestées.",2026-08-28T11:56:34Z,2026-08-28T14:03:52.325895Z,2026-08-28T14:03:17.045284Z,Références,new,1
78c35946a59e1b977f18fe9e,bx1,BX1,news_media,région,Bruxelles,editorial_media,open,bx1_rss,Flux BX1,actualités|presse|terrain,fr,Lutte contre le trafic de drogue: Bart De Wever réunit les services de sécurité,https://bx1.be/categories/news/lutte-contre-le-trafic-de-drogue-bart-de-wever-reuni-les-services-de-securite/,"Ce vendredi matin, le procureur du Roi de Bruxelles a tenu une conférence de presse pour faire état des avancements dans la lutte contre le narcotrafic. Le Premier ministre convoque ce vendredi à 14h un Comité de coordination du renseignement et la sécurité (CCRS) sur la thématique des fusillades, annoncent nos confrères du Soir. Cet … lire plus",2026-08-28T11:56:12Z,2026-08-28T14:03:52.325895Z,2026-08-28T14:03:19.625714Z,Fusillades à Bruxelles | News,new,1
04907aa26b2d7039cf858e6d,gva,Gazet van Antwerpen,news_media,région,Flandre,editorial_media,mixed_paywall,gva_rss,Nieuwsfeed,actualités|presse|terrain,nl,LIVE POLITIEK. Regering overweegt extra inzet van militairen in Brussel door oplaaiend drugsgeweld,https://www.gva.be/politiek/live-politiek.-regering-overweegt-extra-inzet-van-militairen-in-brussel-door-oplaaiend-drugsgeweld/77026519.html,Volg hier alle recente updates uit de Belgische politiek.,2026-08-28T11:55:00Z,2026-08-28T14:03:52.325895Z,2026-08-28T14:03:18.102108Z,Politiek,new,1
256f13419f10ecef7b9b1ebb,hbvl,Het Belang van Limburg,news_media,région,Flandre,editorial_media,mixed_paywall,hbvl_rss,Nieuwsfeed,actualités|presse|terrain,nl,LIVE POLITIEK. Regering overweegt extra inzet van militairen in Brussel door oplaaiend drugsgeweld,https://www.hbvl.be/politiek/live-politiek.-regering-overweegt-extra-inzet-van-militairen-in-brussel-door-oplaaiend-drugsgeweld/136538115.html,Volg hier alle recente updates uit de Belgische politiek.,2026-08-28T11:55:00Z,2026-08-28T14:03:52.325895Z,2026-08-28T14:03:18.507263Z,Politiek,new,1
8967616c9e38f57559961878,hln,Het Laatste Nieuws,news_media,national,Belgique,editorial_media,mixed_paywall,hln_rss,Nieuwsfeed,actualités|presse|Belgique,nl,6 hectare vegetatie vernield door heropflakkering van brand in de Hoge Venen,https://www.hln.be/weernieuws/6-hectare-vegetatie-vernield-door-heropflakkering-van-brand-in-de-hoge-venen~afce368d/,In de Hoge Venen is meer dan 3.000 hectare natuurgebied afgebrand. Volg hier alle updates over een van de grootste natuurbranden ooit in ons land.,2026-08-28T11:55:00Z,2026-08-28T14:03:52.325895Z,2026-08-28T14:03:17.439339Z,,new,1
e885f29ab4508e0ff440212c,vrt_nws,VRT NWS,news_media,communauté,Flandre|Bruxelles,editorial_media,open,vrt_nws_rss,Flux VRT NWS,actualités|presse|Belgique,nl,"Koksijde onthult standbeeld voor diensthonden, Ellen Callebout is meter",https://vrtnws.be/p.M9XWb4eBy,"In Koksijde is vanochtend een standbeeld onthuld ter ere van diensthonden. Die werken voor hulpdiensten zoals de politie of de brandweer. Ellen Callebout, bekend van 'De Verhulstjes', is de meter van het project. ""Ik ben heel trots dat ik het beeld mocht onthullen, want het ziet er goed uit"", zegt ze.",2026-08-28T11:54:46Z,2026-08-28T14:03:52.325895Z,2026-08-28T14:03:19.149230Z,,new,1
533f95f37df172c8bddf19bc,dhnet,DH Les Sports+,news_media,national,Belgique,editorial_media,mixed_paywall,dhnet_rss,Flux actualités,actualités|presse|Belgique,fr,"Une reprise de feu dans les Hautes Fagnes détruit six hectares: ""Ce type de milieu est particulièrement propice aux 'feux zombies'""",https://www.dhnet.be/actu/belgique/2026/08/28/une-reprise-de-feu-dans-les-hautes-fagnes-detruit-six-hectares-ce-type-de-milieu-est-particulierement-propice-aux-feux-zombies-V7J5PR25UFFS7AUMC5WWP24L7U/,Six hectares de végétation ont été détruits par une reprise de feu dans une zone tourbeuse dans les Hautes Fagnes....,2026-08-28T11:54:36Z,2026-08-28T14:03:52.325895Z,2026-08-28T14:03:17.464466Z,Belgique,new,1
4176535b860c8ef53ef6b19d,gva,Gazet van Antwerpen,news_media,région,Flandre,editorial_media,mixed_paywall,gva_rss,Nieuwsfeed,actualités|presse|terrain,nl,Man uit Puurs-Sint-Amands dagen gegijzeld door nepagenten na ontvoering op straat: “Verkeert in goede gezondheid”,https://www.gva.be/regio/antwerpen/rivierenland/puurs-sint-amands/man-uit-puurs-sint-amands-dagen-gegijzeld-door-nepagenten-na-ontvoering-op-straat-verkeert-in-goede-gezondheid/160629771.html,Een 40-jarige man uit Oppuurs (Puurs-Sint-Amands) is eerder deze maand in Lippelo ontvoerd door nepagenten. Hij werd klemgereden en in een wagen gesleurd. Er zijn aanwijzingen dat de daders met de ontvoering de broer van het slachtoffer wilden intimideren. Drie verdachten werden opgepakt en zitten in de cel.,2026-08-28T11:54:31Z,2026-08-28T14:03:52.325895Z,2026-08-28T14:03:18.102108Z,Puurs-Sint-Amands,new,1
813636275c6d5145c09f7c25,hbvl,Het Belang van Limburg,news_media,région,Flandre,editorial_media,mixed_paywall,hbvl_rss,Nieuwsfeed,actualités|presse|terrain,nl,"LIVE. STVV kent Europese tegenstanders: Ajax komt naar Stayen, trip naar Denemarken en Georgiërs op bezoek",https://www.hbvl.be/sport/voetbal/live.-stvv-kent-europese-tegenstanders-ajax-komt-naar-stayen-trip-naar-denemarken-en-georgiers-op-bezoek/34938263.html,"Met KRC Genk, STVV, Lommel SK in 1A en Sporting Hasselt, Patro Eisden en Jong Genk in 1B telt Limburg zes ploegen in het profvoetbal. Een nieuwe transfer of een blessure op training? Onze clubwatchers volgen het nieuws op de voet. Volg hier alles live!",2026-08-28T11:54:24Z,2026-08-28T14:03:52.325895Z,2026-08-28T14:03:18.507263Z,Voetbal,new,1
5e6a824b81d3fc689cf2b24c,bx1,BX1,news_media,région,Bruxelles,editorial_media,open,bx1_rss,Flux BX1,actualités|presse|terrain,fr,Un enseignant sur trois part dans les cinq ans: pourquoi le métier peine à attirer et retenir de l’effectif?,https://bx1.be/categories/news/etre-enseignant-en-federation-wallonie-bruxelles-ca-attire-toujours/,"Moins de diplômés dans plusieurs filières pédagogiques, des débuts de carrière instables et un enseignant sur trois parti dans les cinq ans. Ce sont les constats accablants de l’enseignement, qui peine à renouveler ses effectifs aujourd’hui. En Fédération Wallonie-Bruxelles, les réformes et le manque de moyens renforcent les inquiétudes, sans faire disparaître les vocations pour … lire plus",2026-08-28T11:53:27Z,2026-08-28T14:03:52.325895Z,2026-08-28T14:03:19.625714Z,Anderlecht | Burn-out | Colère des enseignants | Communes | Enseignement | Fédération Wallonie-Bruxelles | Le zoom de la rédac' | News | Politique | Saint-Gilles | Société | colère des enseignants | réforme de l'enseignement,new,1
b5b3d10950c6781e5c102060,sudinfo,Sudinfo,news_media,région,Wallonie|Bruxelles,editorial_media,mixed_paywall,sudinfo_rss,Flux principal,actualités|presse|terrain,fr,"« Une ligne rouge inacceptable »: la mobilisation dans l’enseignement dérape, des fumigènes de la FGTB « introduits dans le réseau de ventilation chez Les Engagés »",https://www.sudinfo.be/id1186480/article/2026-08-28/une-ligne-rouge-inacceptable-la-mobilisation-dans-lenseignement-derape-des,Une mobilisation menée ce vendredi matin est vivement dénoncée après l’utilisation de fumigènes dans un bâtiment occupé notamment par Les Engagés et des ONG.,2026-08-28T11:52:56Z,2026-08-28T14:03:52.325895Z,2026-08-28T14:03:17.045284Z,Bruxelles Actu,new,1
05b432fd201d7d19d24b16e1,hln,Het Laatste Nieuws,news_media,national,Belgique,editorial_media,mixed_paywall,hln_rss,Nieuwsfeed,actualités|presse|Belgique,nl,Na ‘Grey’s Anatomy’: Ellen Pompeo speelt hoofdrol in nieuwe ziekenhuisserie,https://www.hln.be/tv/na-greys-anatomy-ellen-pompeo-speelt-hoofdrol-in-nieuwe-ziekenhuisserie~a53f6c8c4/,"Ellen Pompeo (56) keert terug naar de ziekenhuiswereld. De actrice, die vooral bekend is als Dr. Meredith Grey uit ‘Grey’s Anatomy’, heeft de hoofdrol te pakken in de nieuwe serie ‘Not a Sound’. Dat meldt de Amerikaanse entertainmentsite ‘Deadline’.",2026-08-28T11:50:42Z,2026-08-28T14:03:52.325895Z,2026-08-28T14:03:17.439339Z,,new,1
ce658798a4075856ad09d9a8,de_morgen,De Morgen,news_media,national,Belgique,editorial_media,mixed_paywall,de_morgen_rss,In het nieuws,actualités|presse|Belgique,nl,"‘We sprongen, en we bleven maar springen. Anders waren we nu dood geweest’: overlevenden vertellen na de vloedgolf in Nepal",https://www.demorgen.be/nieuws/we-sprongen-en-we-bleven-maar-springen-anders-waren-we-nu-dood-geweest-overlevenden-vertellen-na-de-vloedgolf-in-nepal~b2331aea/,,2026-08-28T11:50:00Z,2026-08-28T14:03:52.325895Z,2026-08-28T14:03:17.489081Z,,new,1
c901b968fbb112a4afac0c6d,hln,Het Laatste Nieuws,news_media,national,Belgique,editorial_media,mixed_paywall,hln_rss,Nieuwsfeed,actualités|presse|Belgique,nl,Maakt nog een Rode Duivel een transfer? “Bologna bereikt akkoord met Eintracht Frankfurt voor Arthur Theate”,https://www.hln.be/voetbal/maakt-nog-een-rode-duivel-een-transfer-bologna-bereikt-akkoord-met-eintracht-frankfurt-voor-arthur-theate~a320a706/,De transfermarkt draait op volle toeren. In deze liveblog mist u niets van alle nationaal en internationaal transfernieuws.,2026-08-28T11:46:00Z,2026-08-28T14:03:52.325895Z,2026-08-28T14:03:17.439339Z,,new,1
cdb1f57e29ddf2b315304bab,hln,Het Laatste Nieuws,news_media,national,Belgique,editorial_media,mixed_paywall,hln_rss,Nieuwsfeed,actualités|presse|Belgique,nl,"Ruben Van Gucht werkt aan driedelige docureeks, maar heeft nog titel nodig: “Blond en meedogenloos”",https://www.hln.be/bv/ruben-van-gucht-werkt-aan-driedelige-docureeks-maar-heeft-nog-titel-nodig-blond-en-meedogenloos~ad100769/,Ruben Van Gucht (39) werkt momenteel aan een driedelige documentairereeks die in het voorjaar van 2027 op tv te zien zal zijn. Er is alleen nog één klein probleem: de reeks heeft nog geen naam. Dat vertelt de presentator bij Sven Ornelis (53) en Anke Buckinx (46) in de ochtendshow van JOE.,2026-08-28T11:45:00Z,2026-08-28T14:03:52.325895Z,2026-08-28T14:03:17.439339Z,,new,1
71a22ddb6ba79d4d9cb0c228,rtbf_info,RTBF Info,news_media,communauté,Wallonie|Bruxelles,editorial_media,open,rtbf_info_rss,Flux RTBF Info,actualités|presse|Belgique,fr,Deux morts après six cas de paludisme à l’aéroport de Francfort: des moustiques analysés à Anvers,https://www.rtbf.be/article/deux-morts-apres-six-cas-de-paludisme-a-l-aeroport-de-francfort-des-moustiques-analyses-a-anvers-11775578,"Plus tôt, un porte-parole de l'aéroport avait confirmé un des décès et adressé ses ""plus sincères condoléances"" à...",2026-08-28T11:41:32Z,2026-08-28T14:03:52.325895Z,2026-08-28T14:03:19.358990Z,,new,1
e8f3ffae0a785b86a1f9d504,de_morgen,De Morgen,news_media,national,Belgique,editorial_media,mixed_paywall,de_morgen_rss,In het nieuws,actualités|presse|Belgique,nl,"‘Elke onschuldige burger loopt een risico’, zegt Brusselse procureur na meer dan 150 schietpartijen en 22 ontploffingen in jaar tijd",https://www.demorgen.be/nieuws/elke-onschuldige-burger-loopt-een-risico-zegt-brusselse-procureur-na-meer-dan-150-schietpartijen-en-22-ontploffingen-in-jaar-tijd~b310d58a/,,2026-08-28T11:41:00Z,2026-08-28T14:03:52.325895Z,2026-08-28T14:03:17.489081Z,,new,1
03886651997c71cc4a7408cd,gva,Gazet van Antwerpen,news_media,région,Flandre,editorial_media,mixed_paywall,gva_rss,Nieuwsfeed,actualités|presse|terrain,nl,"Weerzien met Nathan De Cat voor Anderlecht, STVV ontvangt Ajax en AA Gent treft Rode Ster: ontdek hier de tegenstanders van de Belgische clubs in Europa",https://www.gva.be/sport/voetbal/weerzien-met-nathan-de-cat-voor-anderlecht-stvv-ontvangt-ajax-en-aa-gent-treft-rode-ster-ontdek-hier-de-tegenstanders-van-de-belgische-clubs-in-europa/160623526.html,"Union, Anderlecht, AA Gent en STVV weten waar ze aan toe zijn in de competitiefases van de Europa League en de Conference League. In de Europa League worden er acht speeldagen afgewerkt, in de Conference League zijn dat er zes.",2026-08-28T11:40:00Z,2026-08-28T14:03:52.325895Z,2026-08-28T14:03:18.102108Z,Voetbal,new,1
865cc83ba726eeaf012ff1cb,hbvl,Het Belang van Limburg,news_media,région,Flandre,editorial_media,mixed_paywall,hbvl_rss,Nieuwsfeed,actualités|presse|terrain,nl,"Weerzien met Nathan De Cat voor Anderlecht, STVV ontvangt Ajax en AA Gent treft Rode Ster: ontdek hier de tegenstanders van de Belgische clubs in Europa",https://www.hbvl.be/sport/voetbal/weerzien-met-nathan-de-cat-voor-anderlecht-stvv-ontvangt-ajax-en-aa-gent-treft-rode-ster-ontdek-hier-de-tegenstanders-van-de-belgische-clubs-in-europa/160623525.html,"Union, Anderlecht, AA Gent en STVV weten waar ze aan toe zijn in de competitiefases van de Europa League en de Conference League. In de Europa League worden er acht speeldagen afgewerkt, in de Conference League zijn dat er zes.",2026-08-28T11:40:00Z,2026-08-28T14:03:52.325895Z,2026-08-28T14:03:18.507263Z,Voetbal,new,1
af2aff4bcf1d8cc9fd80fa10,hln,Het Laatste Nieuws,news_media,national,Belgique,editorial_media,mixed_paywall,hln_rss,Nieuwsfeed,actualités|presse|Belgique,nl,Strategisch comité voor Inlichtingen en Veiligheid buigt zich wellicht ook over drugsgeweld,https://www.hln.be/brussel/strategisch-comite-voor-inlichtingen-en-veiligheid-buigt-zich-wellicht-ook-over-drugsgeweld~a38410af/,Het Strategisch Comité voor Inlichtingen en Veiligheid komt vrijdagnamiddag samen en zal zich wellicht ook buigen over de opflakkering van het drugsgeweld in onze hoofdstad. Op basis van zijn bevindingen kan er in de komende weken een Nationale Veiligheidsraad volgen.,2026-08-28T11:38:00Z,2026-08-28T14:03:52.325895Z,2026-08-28T14:03:17.439339Z,,new,1
937fdaa28d7b204c234d920d,sudinfo,Sudinfo,news_media,région,Wallonie|Bruxelles,editorial_media,mixed_paywall,sudinfo_rss,Flux principal,actualités|presse|terrain,fr,"Dramatique accident dans la nuit de jeudi à vendredi sur nos routes: une voiture percute un camion, une femme grièvement blessée",https://www.sudinfo.be/id1186471/article/2026-08-28/dramatique-accident-dans-la-nuit-de-jeudi-vendredi-sur-nos-routes-une-voiture,"Une voiture immatriculée au Royaume-Uni a percuté un camion sur l’E314 à Genk dans la nuit de jeudi à vendredi. La conductrice a été grièvement blessée, tandis que son mari et leurs deux enfants ont été légèrement touchés.",2026-08-28T11:36:25Z,2026-08-28T14:03:52.325895Z,2026-08-28T14:03:17.045284Z,Faits divers en Belgique,new,1
bc7578814c250d3eed7011a7,hln,Het Laatste Nieuws,news_media,national,Belgique,editorial_media,mixed_paywall,hln_rss,Nieuwsfeed,actualités|presse|Belgique,nl,"“Het duurde veel te lang”: 150 reizigers zaten meer dan 4 uur vast in stilstaande trein net over Franse grens, tickets worden terugbetaald",https://www.hln.be/nieuws/het-duurde-veel-te-lang-150-reizigers-zaten-meer-dan-4-uur-vast-in-stilstaande-trein-net-over-franse-grens-tickets-worden-terugbetaald~ad90c19a/,"Een 150-tal reizigers zat meer dan drie uur vast in een Belgische trein, net over de Franse grens. Dat meldden verschillende lezers via onze tiplijn 4040. Een Belgische NMBS-trein is uiteindelijk rond 14.15 uur ter plaatse aangekomen en rond 14.50 uur vertrokken naar Moeskroen. Een reiziger op de trein laat weten dat ze ondertussen zijn aangekomen in het station van Moeskroen.",2026-08-28T11:36:00Z,2026-08-28T14:03:52.325895Z,2026-08-28T14:03:17.439339Z,,new,1
dc1275759dc11af9acde1b09,de_tijd,De Tijd,news_media,national,Belgique,editorial_media,mixed_paywall,de_tijd_rss,Algemeen nieuws,actualités|presse|économie,nl,De bizarre aanval op een topeconoom met AI-zorgen,https://www.tijd.be/r/t/1/id/10683865,Wat bezielde het gereputeerde magazine The Economist om in een atypisch giftig artikel Nobelprijswinnaar Economie Daron Acemoglu weg te zetten als een overroepen verkondiger van platitudes? Een heel andere visie op de beloftes en gevaren van AI - ook voor onze liberale democratie - lijkt aan de basis te liggen.,2026-08-28T11:32:57Z,2026-08-28T14:03:52.325895Z,2026-08-28T14:03:18.412767Z,Opinie,new,1
7d76fb75f203b124cb94f1c1,de_tijd,De Tijd,news_media,national,Belgique,editorial_media,mixed_paywall,de_tijd_rss,Algemeen nieuws,actualités|presse|économie,nl,CEO Talks: stel uw vraag aan Primus-brouwer Nils van Dam (Co.Br.Ha.),https://www.tijd.be/r/t/1/id/10683840,"Donderdag 3 september om 12 uur is Nils van Dam, de topman van de bier- en frisdrankenmaker Co.Br.Ha., te gast in onze CEO Talks. U kunt nu al vragen stellen aan de baas van de Primus-brouwer.",2026-08-28T11:32:21Z,2026-08-28T14:03:52.325895Z,2026-08-28T14:03:18.412767Z,Markten Live,new,1
af334e51724cb35ae30c6223,gva,Gazet van Antwerpen,news_media,région,Flandre,editorial_media,mixed_paywall,gva_rss,Nieuwsfeed,actualités|presse|terrain,nl,"Zo verliep de persvoorstelling van Mats Rits, die ook al handtekeningen uitdeelde aan Beerschot-fans: “Nu kan ook mijn grootmoeder me hier zien spelen”",https://www.gva.be/sport/voetbal/zo-verliep-de-persvoorstelling-van-mats-rits-die-ook-al-handtekeningen-uitdeelde-aan-beerschot-fans-nu-kan-ook-mijn-grootmoeder-me-hier-zien-spelen/160638442.html,,2026-08-28T11:32:20Z,2026-08-28T14:03:52.325895Z,2026-08-28T14:03:18.102108Z,Voetbal,new,1
a18e3037736c22f81d4796fe,le_soir,Le Soir,news_media,national,Belgique,editorial_media,mixed_paywall,le_soir_rss,Flux principal,actualités|presse|Belgique,fr,Une personne entre la vie et la mort après un violent accident de voiture,https://www.lesoir.be/767653/article/2026-08-28/une-personne-entre-la-vie-et-la-mort-apres-un-violent-accident-de-voiture,"Un grave accident a eu lieu vendredi vers 0 h 45 sur l’E314 à Genk, impliquant notamment une voiture avec quatre occupants, dont deux enfants.",2026-08-28T11:32:06Z,2026-08-28T14:03:52.325895Z,2026-08-28T14:03:16.152498Z,Flandre,new,1
9f5f68ccbda730d9a914127e,gva,Gazet van Antwerpen,news_media,région,Flandre,editorial_media,mixed_paywall,gva_rss,Nieuwsfeed,actualités|presse|terrain,nl,“Jongste koning ter wereld” overleden op 34-jarige leeftijd,https://www.gva.be/buitenland/jongste-koning-ter-wereld-overleden-op-34-jarige-leeftijd/160645626.html,"Het koninkrijk Toro is in diepe rouw gedompeld. Koning Oyo Rudiki IV, die als kleuter “de jongste koning ter wereld werd”, is er donderdag op 34-jarige leeftijd overleden. Dat heeft de premier van het traditionele koninkrijk in het westen van Oeganda bekendgemaakt.",2026-08-28T11:29:57Z,2026-08-28T14:03:52.325895Z,2026-08-28T14:03:18.102108Z,Buitenland,new,1
eb360771cf2a9a073f08cb22,dhnet,DH Les Sports+,news_media,national,Belgique,editorial_media,mixed_paywall,dhnet_rss,Flux actualités,actualités|presse|Belgique,fr,"Louis Michel: “En politique, il faut des jeunes, des vieux, des pensionnés, des profs, des avocats, des ouvriers""",https://www.dhnet.be/actu/belgique/2026/08/28/louis-michel-en-politique-il-faut-des-jeunes-des-vieux-des-pensionnes-des-profs-des-avocats-des-ouvriers-D5KLEZRGCJBB3IYRL46346AQ2I/,L’ancien ministre et président du MR se dit toujours en forme. Il se sent même “plus jeune que certains jeunes”....,2026-08-28T11:29:28Z,2026-08-28T14:03:52.325895Z,2026-08-28T14:03:17.464466Z,Belgique,new,1
b6b0eaad67611de35339f6ae,brf_news,BRF Nachrichten,news_media,communauté,Communauté germanophone,editorial_media,open,brf_news_rss,Flux BRF Nachrichten,actualités|presse|terrain,de,Schießereien in Brüssel: Prokurator sieht Bevölkerung in Gefahr,https://brf.be/national/2104096/,"Seit Jahresbeginn hat es in Brüssel laut dem Prokurator des Königs, Julien Moinil, bereits 69 Schießereien gegeben. 2025 seien es insgesamt 102 gewesen. Das sagte Moinil auf einer Pressekonferenz am Freitag. Laut Moinils Einschätzung besteht die Gefahr, dass es weitere Schießereien geben wird - und er sieht die Bevölkerung in Gefahr. Er verwies auf eine […]",2026-08-28T11:25:00Z,2026-08-28T14:03:52.325895Z,2026-08-28T14:03:19.510272Z,Brüssel | National | Top News,new,1
edb5e8148b37e6f6ca847bd7,hbvl,Het Belang van Limburg,news_media,région,Flandre,editorial_media,mixed_paywall,hbvl_rss,Nieuwsfeed,actualités|presse|terrain,nl,Elektrische step vat vuur in ondergrondse garage in Ham,https://www.hbvl.be/regio/limburg/tessenderlo-ham/elektrische-step-vat-vuur-in-ondergrondse-garage-in-ham/160645153.html,Vrijdag iets voor 13 uur vatte een elektrische step vuur in een ondergrondse garage van enkele appartementen aan de Torenlaan in Ham. De eigenaar begon het vuur te blussen en daarna klaarde de brandweer van Noord-Limburg de klus.,2026-08-28T11:24:00Z,2026-08-28T14:03:52.325895Z,2026-08-28T14:03:18.507263Z,Tessenderlo-Ham,new,1
5a6482fe78f0a39b0b2d15ee,sudinfo,Sudinfo,news_media,région,Wallonie|Bruxelles,editorial_media,mixed_paywall,sudinfo_rss,Flux principal,actualités|presse|terrain,fr,Le Qatar prolonge la suspension de ses livraisons de GNL: les stocks européens sous pression,https://www.sudinfo.be/id1186464/article/2026-08-28/le-qatar-prolonge-la-suspension-de-ses-livraisons-de-gnl-les-stocks-europeens,"Le Qatar devrait prolonger en octobre la suspension de ses livraisons de gaz naturel liquéfié vers l’Europe et l’Asie, selon Bloomberg. Cette situation continue de peser sur le marché du GNL, alors que les tensions au Moyen-Orient compliquent son acheminement.",2026-08-28T11:23:42Z,2026-08-28T14:03:52.325895Z,2026-08-28T14:03:17.045284Z,Conso,new,1
70c08cc188543f17d13fa925,sudinfo,Sudinfo,news_media,région,Wallonie|Bruxelles,editorial_media,mixed_paywall,sudinfo_rss,Flux principal,actualités|presse|terrain,fr,Céline Dion est arrivée à Paris pour préparer son retour sur scène: où va-t-elle loger avec son équipe et ses enfants?,https://www.sudinfo.be/id1186463/article/2026-08-28/celine-dion-est-arrivee-paris-pour-preparer-son-retour-sur-scene-ou-va-t-elle,"La star va commencer la préparation de ses concerts, dont le premier aura lieu le 12 septembre prochain.",2026-08-28T11:20:08Z,2026-08-28T14:03:52.325895Z,2026-08-28T14:03:17.045284Z,People,new,1
820e08b59a1cf3cec160e1df,sudinfo,Sudinfo,news_media,région,Wallonie|Bruxelles,editorial_media,mixed_paywall,sudinfo_rss,Flux principal,actualités|presse|terrain,fr,"Violences liées au trafic de drogues à Bruxelles: Bart De Wever convoque les services de sécurité, un Conseil national de sécurité attendu",https://www.sudinfo.be/id1186462/article/2026-08-28/violences-liees-au-trafic-de-drogues-bruxelles-bart-de-wever-convoque-les,"Face à la recrudescence des violences liées au narcotrafic à Bruxelles, Bart De Wever réunit ce vendredi les principaux services de sécurité du pays. Un Conseil national de sécurité pourrait également être convoqué dans les prochains jours.",2026-08-28T11:18:49Z,2026-08-28T14:03:52.325895Z,2026-08-28T14:03:17.045284Z,Bruxelles Actu,new,1
bf92e475349d1b936e90fcc3,gva,Gazet van Antwerpen,news_media,région,Flandre,editorial_media,mixed_paywall,gva_rss,Nieuwsfeed,actualités|presse|terrain,nl,Na dispuut over vleermuizen: hockeyclub mag verlichting voorlopig opnieuw gebruiken,https://www.gva.be/regio/oost-vlaanderen/waasland/beveren-kruibeke-zwijndrecht/na-dispuut-over-vleermuizen-hockeyclub-mag-verlichting-voorlopig-opnieuw-gebruiken/160644877.html,"De hockeyclub in het Oost-Vlaamse Beveren-Kruibeke-Zwijndrecht die samen met het gemeentebestuur naar de rechter stapte tegen een beslissing van het Agentschap voor Natuur en Bos, waarbij de club de veldverlichting niet mocht gebruiken om vleermuizen te beschermen, heeft gelijk gekregen van de rechter in kort geding. De verlichting van het hockeyterrein mag 's avonds opnieuw gebruikt worden tot de Raad van State zich definitief uitspreekt over de zaak.",2026-08-28T11:17:38Z,2026-08-28T14:03:52.325895Z,2026-08-28T14:03:18.102108Z,Beveren-Kruibeke-Zwijndrecht,new,1
d69f42093953691fb39d51af,vrt_nws,VRT NWS,news_media,communauté,Flandre|Bruxelles,editorial_media,open,vrt_nws_rss,Flux VRT NWS,actualités|presse|Belgique,nl,Hogeschool uit Breda evacueert 800 deelnemers kamp in Poppel: vermoedelijk voedselvergiftiging,https://vrtnws.be/p.5wjxBbdD8,"Op een camping in Poppel (Ravels) zijn ongeveer 175 studenten en medewerkers van een hogeschool uit Breda ziek geworden. Daarom zijn alle 800 deelnemers zo snel mogelijk naar huis gebracht. De hogeschool vermoedt dat het om een voedselvergiftiging gaat, maar dat wordt nog onderzocht door zowel het Belgisch als het Nederlands voedselagentschap.",2026-08-28T11:16:29Z,2026-08-28T14:03:52.325895Z,2026-08-28T14:03:19.149230Z,,new,1
531280770c0fc79500cf02b5,brf_news,BRF Nachrichten,news_media,communauté,Communauté germanophone,editorial_media,open,brf_news_rss,Flux BRF Nachrichten,actualités|presse|terrain,de,Vennbrand: Weitere sechs Hektar betroffen - Teile der Vennstraße bleiben bis mindestens Mittwoch gesperrt,https://brf.be/regional/2104091/,"Die Lage im Hohen Venn bleibt angespannt. Nach einem erneuten Aufflammen des Feuers im Hohen Venn am Donnerstag sind rund sechs weitere Hektar betroffen. Der Brandherd liegt in einem Moorgebiet nördlich von Cléfays. Dort könnten auch sogenannte ""Zombie-Feuer"" entstehen. Dabei glimmen Brandherde tief im Torf weiter und können später wieder an der Oberfläche aufflammen. Deshalb […]",2026-08-28T11:15:00Z,2026-08-28T14:03:52.325895Z,2026-08-28T14:03:19.510272Z,Hohes Venn | Regional | Top News | Venn | Vennbrand | Vennstraße,new,1
3aae05fdd017e9f4405c5db7,vrt_nws,VRT NWS,news_media,communauté,Flandre|Bruxelles,editorial_media,open,vrt_nws_rss,Flux VRT NWS,actualités|presse|Belgique,nl,Buitenbeenpop in Leopoldsburg uitverkocht met 7.500 bezoekers,https://vrtnws.be/p.qEd9R7woX,"In Leopoldsburg is Buitenbeenpop aan de gang; het festival voor mensen met een beperking is met 7.500 bezoekers uitverkocht. De afgelopen dagen is hard gewerkt om het festivalterrein klaar te krijgen. Dit jaar werd extra geïnvesteerd in zorg en comfort, met nieuwe sanitaire blokken.",2026-08-28T11:14:48Z,2026-08-28T14:03:52.325895Z,2026-08-28T14:03:19.149230Z,,new,1
c9f7e84041f7b8f0b6b05858,hln,Het Laatste Nieuws,news_media,national,Belgique,editorial_media,mixed_paywall,hln_rss,Nieuwsfeed,actualités|presse|Belgique,nl,Oekraïne voerde diep in Rusland aanval uit op grote bommenwerper,https://www.hln.be/buitenland/oekraine-voerde-diep-in-rusland-aanval-uit-op-grote-bommenwerper~a93df6b5/,Volg alle ontwikkelingen over de oorlog in Oekraïne in onze liveblog.,2026-08-28T11:10:00Z,2026-08-28T14:03:52.325895Z,2026-08-28T14:03:17.439339Z,,new,1
a4adaa7f313037ccc037f011,de_tijd,De Tijd,news_media,national,Belgique,editorial_media,mixed_paywall,de_tijd_rss,Algemeen nieuws,actualités|presse|économie,nl,Zeven alternatieven die meer opbrengen dan de staatsbon,https://www.tijd.be/r/t/1/id/10683521,Spaarders kunnen nog tot midden volgende week inschrijven op de nieuwe staatsbon. Die levert de hoogste rente in jaren op. We schuimden de markt af op zoek naar nog hogere rendementen.,2026-08-28T11:08:00Z,2026-08-28T14:03:52.325895Z,2026-08-28T14:03:18.412767Z,Markten Live,new,1
fe0aceee6beec190247ee128,vrt_nws,VRT NWS,news_media,communauté,Flandre|Bruxelles,editorial_media,open,vrt_nws_rss,Flux VRT NWS,actualités|presse|Belgique,nl,Scholieren in Herzele op 1 september mogelijk langer op schoolbus door vertraging wegenwerken,https://vrtnws.be/p.7n5wBQAAA,"Leerlingen van middelbare scholen in Herzele moeten op 1 september rekening houden met mogelijk langere busritten. Omdat werken aan een ondergrondse hoogspanningslijn niet op tijd klaarraken, is een belangrijke verbindingsweg naar het zuiden van de gemeente er nog tot eind volgende week onderbroken. Het is een weg die De Lijn gebruikt om leerlingen naar school te brengen. De gemeente raadt leerlingen aan om alternatieven te zoeken.",2026-08-28T11:05:54Z,2026-08-28T14:03:52.325895Z,2026-08-28T14:03:19.149230Z,,new,1
dba1e6a343724430219b70a0,gva,Gazet van Antwerpen,news_media,région,Flandre,editorial_media,mixed_paywall,gva_rss,Nieuwsfeed,actualités|presse|terrain,nl,“We hebben het zwembad van de buren leeggepompt omdat er niets anders was”: hoe de brand bij Van Raak in Weelde 25 jaar geleden een kantelpunt werd,https://www.gva.be/regio/antwerpen/kempen/ravels/we-hebben-het-zwembad-van-de-buren-leeggepompt-omdat-er-niets-anders-was-hoe-de-brand-bij-van-raak-in-weelde-25-jaar-geleden-een-kantelpunt-werd/160466067.html,"De rookpluim boven het industrieterrein van Weelde-Station (Ravels) was tot in Limburg te zien, maar de pompiers die eronder stonden, hadden bijna niets om mee te blussen. “Wij hadden gewoon te weinig water”, zegt Frank Verschueren, die dagenlang meebluste bij het brandstoffenbedrijf Van Raak. Een kwarteeuw later noemen de brandweermannen van toen die brand een kantelpunt voor de hele provincie.",2026-08-28T11:00:54Z,2026-08-28T14:03:52.325895Z,2026-08-28T14:03:18.102108Z,Ravels,new,1
e5ddcd57572e6c8faff82490,le_soir,Le Soir,news_media,national,Belgique,editorial_media,mixed_paywall,le_soir_rss,Flux principal,actualités|presse|Belgique,fr,Narcotrafic: Bart De Wever convoque les services de sécurité,https://www.lesoir.be/767650/article/2026-08-28/narcotrafic-bart-de-wever-convoque-les-services-de-securite,"Le Premier ministre convoque ce vendredi à 14 h un Comité de coordination du renseignement et la sécurité (CCRS) sur la thématique des fusillades, avant un probable Conseil national de sécurité.",2026-08-28T11:00:27Z,2026-08-28T14:03:52.325895Z,2026-08-28T14:03:16.152498Z,Police et justice,new,1
a316eb5fd4a85c8b16e9c1f3,hln,Het Laatste Nieuws,news_media,national,Belgique,editorial_media,mixed_paywall,hln_rss,Nieuwsfeed,actualités|presse|Belgique,nl,🎧 EXCLUSIEF. Emma en Andrew hebben meerdere partners en geven Goedele een inkijk in hun ‘poly-relatie’: “Soms liggen mijn liefjes bij ons in de zetel”,https://www.hln.be/nina/exclusief-emma-en-andrew-hebben-meerdere-partners-en-geven-goedele-een-inkijk-in-hun-poly-relatie-soms-liggen-mijn-liefjes-bij-ons-in-de-zetel~abc71c94/,"Ze wonen sinds een tijdje samen en voelen een diepe connectie. Tegelijk hebben Emma (40) en Andrew (39) nog andere partners. “Monogamie voelt onnatuurlijk voor mij”, zegt Emma. Is het erg complex of juist bevrijdend als je meerdere mensen liefhebt? Bij haar thuis krijgt HLN-seksuologe Goedele Liekens alle details: “Het kan dus perfect dat Emma boven fantastische seks heeft, terwijl jij in de keuken in je koffiekop zit te staren, Andrew?”",2026-08-28T11:00:09Z,2026-08-28T14:03:52.325895Z,2026-08-28T14:03:17.439339Z,,new,1
0dd013cdab6f142269a6cd68,hbvl,Het Belang van Limburg,news_media,région,Flandre,editorial_media,mixed_paywall,hbvl_rss,Nieuwsfeed,actualités|presse|terrain,nl,"LIVE. Mats Rits voorgesteld als nieuwe speler van Beerschot, volg hier de persconferentie op de voet",https://www.hbvl.be/sport/voetbal/live.-mats-rits-voorgesteld-als-nieuwe-speler-van-beerschot-volg-hier-de-persconferentie-op-de-voet/160638441.html,,2026-08-28T11:00:00Z,2026-08-28T14:03:52.325895Z,2026-08-28T14:03:18.507263Z,Voetbal,new,1
f7c62e05c5518fc06cd455df,hln,Het Laatste Nieuws,news_media,national,Belgique,editorial_media,mixed_paywall,hln_rss,Nieuwsfeed,actualités|presse|Belgique,nl,"Celine Van Ouytsel, Jonatan Medart en Steffi Mercie maken kans op Bisou Award: stemmen kan nog tot eind augustus",https://www.hln.be/showbizz/celine-van-ouytsel-jonatan-medart-en-steffi-mercie-maken-kans-op-bisou-award-stemmen-kan-nog-tot-eind-augustus~a62ff34a/,"De Belgische influencerwereld maakt zich op voor de derde editie van de Bisou Awards, dé prijzen die content creators bekronen met een bijzondere impact op hun volgers en merkpartners. Bekende namen zoals Celine Van Ouytsel, Jonatan Medart en Steffi Mercie maken dit jaar kans op een beeldje. Wie een favoriet naar de overwinning wil helpen, moet echter snel zijn: de publieksstemmen sluiten definitief aan het einde van deze maand.",2026-08-28T11:00:00Z,2026-08-28T14:03:52.325895Z,2026-08-28T14:03:17.439339Z,,new,1
38d4b59b3e1e0ad8882c8973,hln,Het Laatste Nieuws,news_media,national,Belgique,editorial_media,mixed_paywall,hln_rss,Nieuwsfeed,actualités|presse|Belgique,nl,Stefaan (56) bouwt eigenhandig Vikingboot: “Ooit wil ik ermee naar het Gravensteen varen”,https://www.hln.be/sint-niklaas/stefaan-56-bouwt-eigenhandig-vikingboot-ooit-wil-ik-ermee-naar-het-gravensteen-varen~aca91be4/,"Op het water van recreatiedomein De Ster in het Oost-Vlaamse Sint-Niklaas meerde deze week een wel heel bijzondere boot aan: een Vikingschip van 5 meter lang en 500 kilogram zwaar. De boot werd bovendien eigenhandig in elkaar getimmerd door pretparkbouwer Stefaan De Maeyer (56) uit Nieuwkerken. Om zijn grote droom werkelijkheid te laten worden, moet Stefaan eerst nog een probleem omzeilen.",2026-08-28T11:00:00Z,2026-08-28T14:03:52.325895Z,2026-08-28T14:03:17.439339Z,,new,1
052cf26644f1836b5e5dbd05,rtbf_info,RTBF Info,news_media,communauté,Wallonie|Bruxelles,editorial_media,open,rtbf_info_rss,Flux RTBF Info,actualités|presse|Belgique,fr,Inondations au Népal: le réchauffement climatique a-t-il joué un rôle dans la catastrophe?,https://www.rtbf.be/article/inondations-au-nepal-le-rechauffement-climatique-a-t-il-joue-un-role-dans-la-catastrophe-11776630,"Ce mercredi 26 août, une vague a submergé une vallée touristique qui s’étend du Népal vers le Tibet. Un morceau de...",2026-08-28T10:58:46Z,2026-08-28T14:03:52.325895Z,2026-08-28T14:03:19.358990Z,LA PREMIERE,new,1
1d9a8dd73f841d2e40341d52,la_libre,La Libre Belgique,news_media,national,Belgique,editorial_media,mixed_paywall,la_libre_rss,Flux Belgique,actualités|presse|Belgique,fr,Actions syndicales devant le MR et Les Engagés: les deux partis vont porter plainte,https://www.lalibre.be/belgique/politique-belge/2026/08/28/actions-syndicales-devant-le-mr-et-les-engages-les-deux-partis-vont-porter-plainte-X7JUQGOCGNBW5M6N57JJY45OBY/,"Après deux actions de la FGTB devant leurs sièges, le MR et Les Engagés annoncent porter plainte, le syndicat contestant toute agression ou dégradation....",2026-08-28T10:57:26Z,2026-08-28T14:03:52.325895Z,2026-08-28T14:03:16.960170Z,Politique belge,new,1
cef5af545e5060a92bebf14a,le_soir,Le Soir,news_media,national,Belgique,editorial_media,mixed_paywall,le_soir_rss,Flux principal,actualités|presse|Belgique,fr,"Violences liées à la drogue: « N’importe quel citoyen peut se prendre une balle », alerte le procureur de Bruxelles",https://www.lesoir.be/767648/article/2026-08-28/violences-liees-la-drogue-nimporte-quel-citoyen-peut-se-prendre-une-balle-alerte,"Accompagné du chef de corps de la zone de police Bruxelles-Midi, Jurgen De Landsheer, et du directeur de la police judiciaire fédérale de Bruxelles, Eric Jacobs, le procureur Julien Moinil a détaillé les faits récents, la réponse judiciaire et plusieurs points d’attention.",2026-08-28T10:56:42Z,2026-08-28T14:03:52.325895Z,2026-08-28T14:03:16.152498Z,Police et justice,new,1
978accbb44571458fcd91c5d,brf_news,BRF Nachrichten,news_media,communauté,Communauté germanophone,editorial_media,open,brf_news_rss,Flux BRF Nachrichten,actualités|presse|terrain,de,Nach Asphaltierungsarbeiten: Eupener Schilsweg wieder frei,https://brf.be/regional/2104085/,"Der Schilsweg in Eupen ist wieder für den Verkehr freigegeben. Das teilt die Stadt Eupen mit. Die Asphaltierungsarbeiten im Schilsweg sowie am Kreisverkehr Frankendelle, Haasstraße, Malmedyer Straße und Schilsweg sind weitgehend abgeschlossen. Die noch fehlenden Straßenmarkierungen konnten wegen der Witterung nicht fertiggestellt werden. Sie sollen zu einem späteren Zeitpunkt nachgeholt werden.",2026-08-28T10:56:04Z,2026-08-28T14:03:52.325895Z,2026-08-28T14:03:19.510272Z,Eupen | Regional | Top News,new,1
9b50229bf35b8b754070545a,gva,Gazet van Antwerpen,news_media,région,Flandre,editorial_media,mixed_paywall,gva_rss,Nieuwsfeed,actualités|presse|terrain,nl,"Funky Town sluit vakantie met knaller af: “Welk weer het ook wordt, we wuiven zomer bruisend uit”",https://www.gva.be/regio/antwerpen/kempen/herentals/funky-town-sluit-vakantie-met-knaller-af-welk-weer-het-ook-wordt-we-wuiven-zomer-bruisend-uit/160637236.html,Voor de derde keer strijkt het stadsfestival Funky Town in hartje Herentals neer om de zomervakantie swingend af te sluiten. Met een gevarieerde mix van muziekstijlen hoopt de organisatie een breed publiek te bekoren en samen de regendreiging te bezweren.,2026-08-28T10:54:05Z,2026-08-28T14:03:52.325895Z,2026-08-28T14:03:18.102108Z,Herentals,new,1
991b0029ac03433ee6127414,hbvl,Het Belang van Limburg,news_media,région,Flandre,editorial_media,mixed_paywall,hbvl_rss,Nieuwsfeed,actualités|presse|terrain,nl,GEMEENTERAAD. Bestuur keurt nieuw RUP voor de Damburg goed en tussenkomst voor opvanginitiatieven,https://www.hbvl.be/regio/limburg/bocholt/gemeenteraad.-bestuur-keurt-nieuw-rup-voor-de-damburg-goed-en-tussenkomst-voor-opvanginitiatieven/160632376.html,Sporthal de damburg in Bocholt. © Roger Dreesen,2026-08-28T10:50:59Z,2026-08-28T14:03:52.325895Z,2026-08-28T14:03:18.507263Z,Bocholt,new,1
43d26b88ab2026cd79e81234,gva,Gazet van Antwerpen,news_media,région,Flandre,editorial_media,mixed_paywall,gva_rss,Nieuwsfeed,actualités|presse|terrain,nl,Britse premier Burnham veegt idee van referendum over Ierse eenheid van tafel,https://www.gva.be/buitenland/britse-premier-burnham-veegt-idee-van-referendum-over-ierse-eenheid-van-tafel/160642773.html,Tijdens zijn eerste bezoek aan Noord-Ierland heeft de Britse premier Andy Burnham verklaard dat een Iers referendum voor eenheid “van de baan is”. Dat heeft hij donderdag gezegd bij zijn bezoek aan Belfast. De uitspraak kon meteen op een felle reactie rekenen van de leider van de nationalistische Sinn Féin-partij Mary Lou McDonald.,2026-08-28T10:50:15Z,2026-08-28T14:03:52.325895Z,2026-08-28T14:03:18.102108Z,Buitenland,new,1
773acbf1b4aa8b00e6e440a2,hbvl,Het Belang van Limburg,news_media,région,Flandre,editorial_media,mixed_paywall,hbvl_rss,Nieuwsfeed,actualités|presse|terrain,nl,Britse premier Burnham veegt idee van referendum over Ierse eenheid van tafel,https://www.hbvl.be/buitenland/britse-premier-burnham-veegt-idee-van-referendum-over-ierse-eenheid-van-tafel/160642913.html,Tijdens zijn eerste bezoek aan Noord-Ierland heeft de Britse premier Andy Burnham verklaard dat een Iers referendum voor eenheid “van de baan is”. Dat heeft hij donderdag gezegd bij zijn bezoek aan Belfast. De uitspraak kon meteen op een felle reactie rekenen van de leider van de nationalistische Sinn Féin-partij Mary Lou McDonald.,2026-08-28T10:50:10Z,2026-08-28T14:03:52.325895Z,2026-08-28T14:03:18.507263Z,Buitenland,new,1
aaa36d5cb358e150079c5221,gva,Gazet van Antwerpen,news_media,région,Flandre,editorial_media,mixed_paywall,gva_rss,Nieuwsfeed,actualités|presse|terrain,nl,"“Kongen er død”: wat nu in Noorwegen na het overlijden van koning Harald, de vorst die 35 jaar op de troon zat?",https://www.gva.be/buitenland/kongen-er-d%C3%B8d-wat-nu-in-noorwegen-na-het-overlijden-van-koning-harald-de-vorst-die-35-jaar-op-de-troon-zat/160642638.html,"“Kongen er død.” Koning Harald V, de man die al ruim 35 jaar op de Noorse troon zat, is vrijdag overleden op 89-jarige leeftijd, als oudste vorst van Europa. Wat nu in Noorwegen?",2026-08-28T10:47:36Z,2026-08-28T14:03:52.325895Z,2026-08-28T14:03:18.102108Z,Buitenland,new,1
a215c25ce3240b8afb1dabbe,hbvl,Het Belang van Limburg,news_media,région,Flandre,editorial_media,mixed_paywall,hbvl_rss,Nieuwsfeed,actualités|presse|terrain,nl,"“Kongen er død”: wat nu in Noorwegen na het overlijden van koning Harald, de vorst die 35 jaar op de troon zat?",https://www.hbvl.be/media-en-cultuur/bv-en-co/kongen-er-d%C3%B8d-wat-nu-in-noorwegen-na-het-overlijden-van-koning-harald-de-vorst-die-35-jaar-op-de-troon-zat/160642640.html,"“Kongen er død.” Koning Harald V, de man die al ruim 35 jaar op de Noorse troon zat, is vrijdag overleden op 89-jarige leeftijd, als oudste vorst van Europa. Wat nu in Noorwegen?",2026-08-28T10:47:36Z,2026-08-28T14:03:52.325895Z,2026-08-28T14:03:18.507263Z,,new,1
90a655418e947523c55e7160,le_soir,Le Soir,news_media,national,Belgique,editorial_media,mixed_paywall,le_soir_rss,Flux principal,actualités|presse|Belgique,fr,Bruxelles: le trafic des métros a repris,https://www.lesoir.be/767646/article/2026-08-28/bruxelles-le-trafic-des-metros-repris,L’interruption était due à une intrusion sur les voies.,2026-08-28T10:47:00Z,2026-08-28T14:03:52.325895Z,2026-08-28T14:03:16.152498Z,Bruxelles,new,1
501477a2a023176ec49e0243,sudinfo,Sudinfo,news_media,région,Wallonie|Bruxelles,editorial_media,mixed_paywall,sudinfo_rss,Flux principal,actualités|presse|terrain,fr,"« Je ne peux plus les voir, ni les entendre »: pour Yves Vandermeulen, aveugle, les voitures électriques représentent un vrai danger",https://www.sudinfo.be/id1186443/article/2026-08-28/je-ne-peux-plus-les-voir-ni-les-entendre-pour-yves-vandermeulen-aveugle-les,"Selon une nouvelle étude, certaines voitures 100 % électriques sont trop silencieuses à faible vitesse.",2026-08-28T10:46:05Z,2026-08-28T14:03:52.325895Z,2026-08-28T14:03:17.045284Z,Auto-moto,new,1
82ac8b68caf040739cc161a7,de_morgen,De Morgen,news_media,national,Belgique,editorial_media,mixed_paywall,de_morgen_rss,In het nieuws,actualités|presse|Belgique,nl,"Live - Zelensky: grote bommenwerper diep in Rusland aangevallen, ook olieraffinaderij getroffen door droneaanval • Rusland valt magazijnen Oekraïense post aan",https://www.demorgen.be/oorlog-in-oekraine/live-russische-olieraffinaderij-getroffen-door-oekraiense-droneaanval-rusland-valt-magazijnen-oekraiense-post-aan-cia-baas-moest-rusland-aansporen-serieus-te-onderhandelen~b38bed0a/,,2026-08-28T10:46:00Z,2026-08-28T14:03:52.325895Z,2026-08-28T14:03:17.489081Z,,new,1
9e8242961f8bf0dbbc05753d,dhnet,DH Les Sports+,news_media,national,Belgique,editorial_media,mixed_paywall,dhnet_rss,Flux actualités,actualités|presse|Belgique,fr,"Après six mois de guerre, l'Iran se dit toujours ouvert à la diplomatie",https://www.dhnet.be/actu/monde/2026/08/28/apres-six-mois-de-guerre-liran-se-dit-toujours-ouvert-a-la-diplomatie-3QBOHZC74JECDI4H37ZCYX4QHY/,"Six mois après le début de la guerre au Moyen-Orient, l'Iran s'est dit vendredi toujours ouvert aux négociations avec les Etats-Unis, répétant que la campagne américaine de pressions économiques ne ferait pas plier la République islamique....",2026-08-28T10:44:27Z,2026-08-28T14:03:52.325895Z,2026-08-28T14:03:17.464466Z,Monde,new,1
01423702b35ecb16f0aa6a85,sudinfo,Sudinfo,news_media,région,Wallonie|Bruxelles,editorial_media,mixed_paywall,sudinfo_rss,Flux principal,actualités|presse|terrain,fr,Le nouveau roi de Norvège prend le nom d’Haakon VIII,https://www.sudinfo.be/id1186441/article/2026-08-28/le-nouveau-roi-de-norvege-prend-le-nom-dhaakon-viii,"Le nouveau souverain norvégien a choisi de régner sous le nom d’Haakon VIII. Il succède ainsi à Harald V, décédé ce vendredi à l’âge de 89 ans.",2026-08-28T10:41:52Z,2026-08-28T14:03:52.325895Z,2026-08-28T14:03:17.045284Z,Monde,new,1
00f1bfba7aaaf1f00463da31,dhnet,DH Les Sports+,news_media,national,Belgique,editorial_media,mixed_paywall,dhnet_rss,Flux actualités,actualités|presse|Belgique,fr,"La rentrée scolaire, un moment crucial pour les victimes de harcèlement scolaire: ""C’est comme renvoyer un soldat au front""",https://www.dhnet.be/actu/belgique/2026/08/28/la-rentree-scolaire-un-moment-crucial-pour-les-victimes-de-harcelement-scolaire-cest-comme-renvoyer-un-soldat-au-front-U4LMDPCHUVDVHIXUSUOEKX3UBU/,"Vomissements, perte de sommeil, stress sont autant de signes qui doivent alerter d’un malaise lié à l’école. Les spécialistes appellent à la vigilance....",2026-08-28T10:40:05Z,2026-08-28T14:03:52.325895Z,2026-08-28T14:03:17.464466Z,Belgique,new,1
c367ead4360c4028c1989b88,sudinfo,Sudinfo,news_media,région,Wallonie|Bruxelles,editorial_media,mixed_paywall,sudinfo_rss,Flux principal,actualités|presse|terrain,fr,500.000 travailleurs sont concernés: voici à combien s’élèvera l’indexation salariale des employés de la CP 200 en janvier prochain,https://www.sudinfo.be/id1186437/article/2026-08-28/500000-travailleurs-sont-concernes-voici-combien-selevera-lindexation-salariale,"Les derniers chiffres de l’inflation sont tombés. Du coup, les projections concernant l’indexation salariale de janvier prochain ont été adaptées.",2026-08-28T10:36:36Z,2026-08-28T14:03:52.325895Z,2026-08-28T14:03:17.045284Z,Conso,new,1
580b2679690127fc2dd58b89,gva,Gazet van Antwerpen,news_media,région,Flandre,editorial_media,mixed_paywall,gva_rss,Nieuwsfeed,actualités|presse|terrain,nl,"Eendracht Aalst Lede versus KVK Ninove, dat betekent ook een duel tegen de ex-club voor Jari De Vriendt en Bart Meulewaeter: “Ik hoefde niet lang na te denken over een terugkeer”",https://www.gva.be/sport/sportregio/eendracht-aalst-lede-versus-kvk-ninove-dat-betekent-ook-een-duel-tegen-de-ex-club-voor-jari-de-vriendt-en-bart-meulewaeter-ik-hoefde-niet-lang-na-te-denken-over-een-terugkeer/160641849.html,"Vorig seizoen speelde Eendracht Aalst Lede nog twee reeksen lager dan KVK Ninove, maar toch lijken de Ajuinen zondag favoriet in het eigen Pierre Cornelisstadion. Voor Jari De Vriendt en Bart Meulewaeter wordt het extra speciaal: zij kijken hun ex-club in de ogen.",2026-08-28T10:35:44Z,2026-08-28T14:03:52.325895Z,2026-08-28T14:03:18.102108Z,Sportregio,new,1
9abe5fc52fbdd25832e19eaf,fps_mobility,SPF Mobilité et Transports,public_body,fédéral,Belgique,official_public,,mobility_rss,Flux des actualités,actualités|communiqués,fr,"Trottinettes électriques d’une vitesse supérieure à 20 km/h: à partir du 1er septembre 2026, le port du casque devient obligatoire",http://mobilit.belgium.be/fr/news/trottinettes-electriques-dune-vitesse-superieure-20-kmh-partir-du-1er-septembre-2026-le-port,"Ces dernières années, le nombre de trottinettes électriques en circulation dans notre pays a augmenté de manière exponentielle et ce particulièrement - mais pas uniquement - en milieu urbain où ce mode de déplacement est fort prisé. Bien que cette évolution constitue un succès modal indéniable qui oriente toute une série d’usagers de la voie publique vers l’usage d’un mode de transport plus durable et mieux adapté au contexte urbain, force est cependant de constater un revers de la médaille préoccupant en termes de sécurité routière: une augmentation significative des accidents de la route…",2026-08-28T10:35:18Z,2026-08-28T13:32:06.723013Z,2026-08-28T14:03:10.208112Z,,existing,3
91a3167489691c6cba0851bf,brf_news,BRF Nachrichten,news_media,communauté,Communauté germanophone,editorial_media,open,brf_news_rss,Flux BRF Nachrichten,actualités|presse|terrain,de,Außenminister Prévot bestellt US-Botschafter White ein,https://brf.be/national/2104066/,"Außenminister Maxime Prévot (Les Engagés) hat den US-Botschafter Bill White einbestellt, nachdem dieser öffentlich Kritik an Gesundheitsminister Frank Vandenbroucke (Vooruit) geäußert hatte. Bill White hatte in den sozialen Medien ein mithilfe künstlicher Intelligenz bearbeitetes Foto gepostet. Darauf ist Vandenbrouckes Kopf auf dem Etikett einer Zigarre zu sehen - versehen mit dem Text ""schadet jeder Form […]",2026-08-28T10:34:00Z,2026-08-28T14:03:52.325895Z,2026-08-28T14:03:19.510272Z,Föderalregierung | Les Engagés | National | Top News | USA,new,1
96f3628a555cd0dfe2e907ea,rtbf_info,RTBF Info,news_media,communauté,Wallonie|Bruxelles,editorial_media,open,rtbf_info_rss,Flux RTBF Info,actualités|presse|Belgique,fr,Mise en orbite réussie pour le nouveau satellite météo MTG-I2,https://www.rtbf.be/article/mise-en-orbite-reussie-pour-le-nouveau-satellite-meteo-mtg-i2-11717354,"Imposant et technologiquement avancé, MTG-I2 marque un vrai changement par rapport à la génération précédente de...",2026-08-28T10:32:47Z,2026-08-28T14:03:52.325895Z,2026-08-28T14:03:19.358990Z,LA UNE,new,1
07abfdb084b6ee5c426e1ca3,la_libre,La Libre Belgique,news_media,national,Belgique,editorial_media,mixed_paywall,la_libre_rss,Flux Belgique,actualités|presse|Belgique,fr,”Il y a des risques pour les citoyens”: Julien Moinil fait le point sur les 69 fusillades depuis le début de l’année et réclame des moyens,https://www.lalibre.be/belgique/judiciaire/2026/08/28/il-y-a-des-risques-pour-les-citoyens-julien-moinil-fait-le-point-sur-les-69-fusillades-depuis-le-debut-de-lannee-et-reclame-des-moyens-P6AJ4TQ6JJHSRKYCWXOFX4ECTI/,"À Bruxelles, le parquet dresse un bilan de 69 fusillades en 2026 et alerte sur des représailles entre réseaux criminels, avec un risque de nouveaux tirs....",2026-08-28T10:31:24Z,2026-08-28T14:03:52.325895Z,2026-08-28T14:03:16.960170Z,Judiciaire,new,1
007099f2cb8e3c9877400ffd,rtbf_info,RTBF Info,news_media,communauté,Wallonie|Bruxelles,editorial_media,open,rtbf_info_rss,Flux RTBF Info,actualités|presse|Belgique,fr,"Fusillades à Bruxelles: ""N’importe qui peut se prendre une balle"", s’inquiète le procureur du Roi Julien Moinil",https://www.rtbf.be/article/fusillades-a-bruxelles-n-importe-qui-peut-se-prendre-une-balle-s-inquiete-le-procureur-du-roi-julien-moinil-11776542,"Une vingtaine de journalistes stylos en main et plusieurs caméras regroupées dans la petite salle du parquet de Bruxelles,...",2026-08-28T10:30:24Z,2026-08-28T14:03:52.325895Z,2026-08-28T14:03:19.358990Z,,new,1
031b0c41d932f758b89bcd1e,le_soir,Le Soir,news_media,national,Belgique,editorial_media,mixed_paywall,le_soir_rss,Flux principal,actualités|presse|Belgique,fr,"Salaires augmentés, évaluations plus fréquentes: la réforme des top managers validée",https://www.lesoir.be/767640/article/2026-08-28/salaires-augmentes-evaluations-plus-frequentes-la-reforme-des-top-managers,"Sur la table depuis le mois de juillet, la réforme des top managers portée par la ministre Jacqueline Galant (MR) a été adoptée en gouvernement, tant en Région wallonne qu’en Fédération Wallonie-Bruxelles.",2026-08-28T10:27:44Z,2026-08-28T14:03:52.325895Z,2026-08-28T14:03:16.152498Z,Wallonie,new,1
de86fc2ce0fa5da7ad70dfb4,de_morgen,De Morgen,news_media,national,Belgique,editorial_media,mixed_paywall,de_morgen_rss,In het nieuws,actualités|presse|Belgique,nl,"Noorse koning Harald overleden op 89-jarige leeftijd, zoon kiest koningsnaam Haakon VIII",https://www.demorgen.be/snelnieuws/noorse-koning-harald-overleden-op-89-jarige-leeftijd-zoon-kiest-koningsnaam-haakon-viii~b8678672d/,,2026-08-28T10:27:00Z,2026-08-28T14:03:52.325895Z,2026-08-28T14:03:17.489081Z,,new,1
f23a420ed3726661dc58aa91,gva,Gazet van Antwerpen,news_media,région,Flandre,editorial_media,mixed_paywall,gva_rss,Nieuwsfeed,actualités|presse|terrain,nl,Serso Gravelbike Team trekt met ambitie naar EK in Houffalize: “Met twee truien terugkeren zou fenomenaal zijn”,https://www.gva.be/sport/sportregio/serso-gravelbike-team-trekt-met-ambitie-naar-ek-in-houffalize-met-twee-truien-terugkeren-zou-fenomenaal-zijn/160641235.html,"Nauwelijks twee weken nadat in Grobbendonk gestreden werd om de Belgische titel, staat in Houffalize voor de gravelbikers de Europese titel op het spel. Het Serso Gravelbike Team uit Londerzeel pakte op het voorbije BK zes medailles en hoopt ook over de taalgrens succesvol te zijn. Een goed moment om eens kennis te maken met Erwin Van Gucht en Kim Knaeps, de twee bezielers van het team.",2026-08-28T10:26:00Z,2026-08-28T14:03:52.325895Z,2026-08-28T14:03:18.102108Z,Sportregio,new,1
cd249b63625dcd76b14e4d69,gva,Gazet van Antwerpen,news_media,région,Flandre,editorial_media,mixed_paywall,gva_rss,Nieuwsfeed,actualités|presse|terrain,nl,"Nieuwe directeur Kim Bruyndonckx (41) voor GBS De Sleutelbloem: ""Ik wil vooral rust en verbinding brengen""",https://www.gva.be/regio/antwerpen/regio-antwerpen/brecht/nieuwe-directeur-kim-bruyndonckx-41-voor-gbs-de-sleutelbloem-ik-wil-vooral-rust-en-verbinding-brengen/160641090.html,"Kim Bruyndonckx (41) uit Kalmthout start op 1 september als de nieuwe directeur van gemeentelijke basisschool De Sleutelbloem in Brecht en de vestiging Klavertje 3 in Overbroek. Zijn belangrijkste doel? “Ik wil vooral zorgen voor meer stabiliteit, verbinding tussen beide vestigingen en veel zichtbaarheid”, stelt hij.",2026-08-28T10:24:00Z,2026-08-28T14:03:52.325895Z,2026-08-28T14:03:18.102108Z,Brecht,new,1
b0b277ca4f3132e763bc135f,sudinfo,Sudinfo,news_media,région,Wallonie|Bruxelles,editorial_media,mixed_paywall,sudinfo_rss,Flux principal,actualités|presse|terrain,fr,« Star Academy »: une gagnante va chanter devant le pape Léon XIV et plus de 80.000 personnes!,https://www.sudinfo.be/id1186432/article/2026-08-28/star-academy-une-gagnante-va-chanter-devant-le-pape-leon-xiv-et-plus-de-80000,"Dans un peu moins d’un mois, cette gagnante de la « Star Academy » vivra un moment hors du temps…",2026-08-28T10:19:59Z,2026-08-28T14:03:52.325895Z,2026-08-28T14:03:17.045284Z,People,new,1
0603c313a987ab48de71e03f,gva,Gazet van Antwerpen,news_media,région,Flandre,editorial_media,mixed_paywall,gva_rss,Nieuwsfeed,actualités|presse|terrain,nl,"Vlaams kampioene Joke Tytgat mikt met snelle eindspurt op tricolore titel op 1.500 meter: “Als ze de eerste ronde wandelen, is het binnen”",https://www.gva.be/sport/sportregio/vlaams-kampioene-joke-tytgat-mikt-met-snelle-eindspurt-op-tricolore-titel-op-1.500-meter-als-ze-de-eerste-ronde-wandelen-is-het-binnen/160640483.html,"Dit weekeinde vindt in Luik het Belgisch kampioenschap voor cadetten en scholieren plaats. Een van de blikvangers is Joke Tytgat, die op de 1.500 meter voor scholieren de beter gequoteerde Fran Van Hollebeke (3.000m) en Elise Pletinck (800m) ontwijkt, en dus bij de favorieten op haar afstand hoort.",2026-08-28T10:15:55Z,2026-08-28T14:03:52.325895Z,2026-08-28T14:03:18.102108Z,Sportregio,new,1
a24f6d01a29fafb1742b78c6,dhnet,DH Les Sports+,news_media,national,Belgique,editorial_media,mixed_paywall,dhnet_rss,Flux actualités,actualités|presse|Belgique,fr,"69 fusillades, des blessés, des balles perdues, plus de 100 tireurs interceptés à Bruxelles: “Ces violences ne vont pas se calmer”",https://www.dhnet.be/actu/faits/2026/08/28/69-fusillades-des-blesses-des-balles-perdues-plus-de-100-tireurs-interceptes-a-bruxelles-ces-violences-ne-vont-pas-se-calmer-3L3WJ7JYS5CPXEURQN6BVFFCPY/,"Le procureur du Roi Julien Moinil, le directeur de la police fédérale judiciaire Eric Jacobs et le chef de corps de la zone de police Bruxelles-Midi Jurgen de Landsheer ont tenu une conférence de presse suite à la recrudescence de violences à Bruxelles....",2026-08-28T10:14:00Z,2026-08-28T14:03:52.325895Z,2026-08-28T14:03:17.464466Z,Faits divers,new,1
6295a34cc7c4e373de2eb5e0,hbvl,Het Belang van Limburg,news_media,région,Flandre,editorial_media,mixed_paywall,hbvl_rss,Nieuwsfeed,actualités|presse|terrain,nl,Meisje (17) uit Sint-Truiden al acht maanden vermist: “Verontrustende fase”,https://www.hbvl.be/regio/limburg/sint-truiden/meisje-17-uit-sint-truiden-al-acht-maanden-vermist-verontrustende-fase/160613003.html,"De 17-jarige Baramsha Thaqi uit Sint-Truiden is al acht maanden vermist. Nu verspreiden politie en parket een opsporingsbericht. “Omdat het op dit moment onrustwekkend is”, zegt persmagistraat Laurien Vanderheiden van het parket Limburg.",2026-08-28T10:13:53Z,2026-08-28T14:03:52.325895Z,2026-08-28T14:03:18.507263Z,Sint-Truiden,new,1
009c440d661f31e4a59bb1f3,gva,Gazet van Antwerpen,news_media,région,Flandre,editorial_media,mixed_paywall,gva_rss,Nieuwsfeed,actualités|presse|terrain,nl,"25 eiken in de Duivendongenstraat worden gekapt: “Onveilig, want aangetast door de honingzwam”",https://www.gva.be/regio/antwerpen/kempen/turnhout/25-eiken-in-de-duivendongenstraat-worden-gekapt-onveilig-want-aangetast-door-de-honingzwam/160639116.html,"De Duivendongenstraat in Zevendonk moet afscheid nemen van 25 grote, Hongaarse eiken. De bomen zijn niet gezond en vormen een veiligheidsrisico.",2026-08-28T10:13:32Z,2026-08-28T14:03:52.325895Z,2026-08-28T14:03:18.102108Z,Turnhout,new,1
ace17ecace62ed904bf7669d,dhnet,DH Les Sports+,news_media,national,Belgique,editorial_media,mixed_paywall,dhnet_rss,Flux actualités,actualités|presse|Belgique,fr,Le MR et les Engagés vont déposer plainte contre la FGTB suite aux actions menées devant leurs sièges,https://www.dhnet.be/actu/belgique/2026/08/28/le-mr-et-les-engages-vont-deposer-plainte-contre-la-fgtb-suite-aux-actions-menees-devant-leurs-sieges-AVVQMCKV65DGXPXTVKAGKUGHOM/,Georges-Louis Bouchez dénonce une “démonstration systématique de violence”. Yvan Verougstraete accuse les syndicalistes d’avoir mis “en péril la sécurité d’autrui”. La FGTB dément toute “mise en danger “et “débordement”. Elle dénonce une stratégie de détournement de l’attention. “On n’est pas surpris que les deux présidents préfèrent parler de la forme plutôt que du fond.”...,2026-08-28T10:12:13Z,2026-08-28T14:03:52.325895Z,2026-08-28T14:03:17.464466Z,Belgique,new,1
fd9632db9b3c6bdf14b9d3f6,vrt_nws,VRT NWS,news_media,communauté,Flandre|Bruxelles,editorial_media,open,vrt_nws_rss,Flux VRT NWS,actualités|presse|Belgique,nl,"Bpost brengt eerbetoon aan Ivo Van Damme en Memorial met reeks postzegels: ""Ons sportief erfgoed in de kijker zetten""",https://vrtnws.be/p.3BxjPabP5,"Maandag verschijnt een reeks postzegels met portretten van oud-atleet Ivo Van Damme. Bpost brengt de zegels uit naar aanleiding van de 50e editie van de Allianz Memorial Van Damme. Het is ook 50 jaar geleden dat de loper uit Herent, die 2 zilveren medailles won op de Olympische Spelen in Montreal in 1976, om het leven kwam bij een auto-ongeval.",2026-08-28T10:09:13Z,2026-08-28T14:03:52.325895Z,2026-08-28T14:03:19.149230Z,,new,1
947249fa1269217742e95e03,sudinfo,Sudinfo,news_media,région,Wallonie|Bruxelles,editorial_media,mixed_paywall,sudinfo_rss,Flux principal,actualités|presse|terrain,fr,L’inflation grimpe à près de 4 % en août: voici les principales hausses de prix,https://www.sudinfo.be/id1186427/article/2026-08-28/linflation-grimpe-pres-de-4-en-aout-voici-les-principales-hausses-de-prix,"L’inflation belge accélère à 3,97 % en août, contre 3,56 % en juillet, portée notamment par la hausse des prix du gaz, des carburants, des vêtements et de l’électricité, selon Statbel. L’inflation sous-jacente recule toutef",2026-08-28T10:08:46Z,2026-08-28T14:03:52.325895Z,2026-08-28T14:03:17.045284Z,Mon argent,new,1
45809017cbd52519fdcd0149,hbvl,Het Belang van Limburg,news_media,région,Flandre,editorial_media,mixed_paywall,hbvl_rss,Nieuwsfeed,actualités|presse|terrain,nl,"LIVE OVERSTROMING NEPAL. Overstroming van nieuw stuwmeer is gestopt, Chinese reddingsoperaties hervat - Dodentol opgelopen tot 538",https://www.hbvl.be/buitenland/live-overstroming-nepal.-overstroming-van-nieuw-stuwmeer-is-gestopt-chinese-reddingsoperaties-hervat-dodentol-opgelopen-tot-538/160541683.html,"Een modderstroom heeft woensdag in Nepal en Tibet honderden levens geëist. Honderden mensen, waaronder veel toeristen, zijn ook vermist. Onder de vermisten bevinden zich ook drie Belgen. Volg alle updates hier op de voet.",2026-08-28T10:08:30Z,2026-08-28T14:03:52.325895Z,2026-08-28T14:03:18.507263Z,Buitenland,new,1
605db0bc8cb7e7ddcd8ae50f,de_morgen,De Morgen,news_media,national,Belgique,editorial_media,mixed_paywall,de_morgen_rss,In het nieuws,actualités|presse|Belgique,nl,"Live - Qatar stuurt zeker tot oktober geen lng naar Europa, volgens Bloomberg",https://www.demorgen.be/snelnieuws/live-qatar-stuurt-zeker-tot-oktober-geen-lng-naar-europa-volgens-bloomberg~b31dbb6e/,,2026-08-28T10:08:00Z,2026-08-28T14:03:52.325895Z,2026-08-28T14:03:17.489081Z,,new,1
ccfc0f66fef6621c2ff754c3,la_libre,La Libre Belgique,news_media,national,Belgique,editorial_media,mixed_paywall,la_libre_rss,Flux Belgique,actualités|presse|Belgique,fr,Pourquoi les voitures électriques sont si souvent impliquées dans des accidents avec des usagers faibles?,https://www.lalibre.be/belgique/mobilite/2026/08/28/pourquoi-les-voitures-electriques-sont-aussi-souvent-impliquees-dans-des-accidents-avec-des-usagers-faibles-FOZLCXBL25EZ3OMVA6CJH2KDPU/,Le faible bruit des voitures électriques à basse vitesse peut compliquer leur détection par les piétons et les cyclistes....,2026-08-28T10:07:40Z,2026-08-28T14:03:52.325895Z,2026-08-28T14:03:16.960170Z,Mobilité,new,1
c188a824df23329d570c25d0,vrt_nws,VRT NWS,news_media,communauté,Flandre|Bruxelles,editorial_media,open,vrt_nws_rss,Flux VRT NWS,actualités|presse|Belgique,nl,"Genk breidt meldpunt schooluitval uit naar basisscholen: ""Signalen van schoolmoeheid duiken al op vanaf 10 jaar""",https://vrtnws.be/p.RayX0Z4ea,"De stad Genk breidt haar stedelijk meldpunt onderwijs uit naar de basisscholen. Tot nu toe richtte het initiatief zich enkel op de preventie van schooluitval in het middelbaar onderwijs, maar de stad merkt dat de eerste problemen zich steeds vroeger voordoen. Met de uitbreiding wil Genk vroegtijdig ingrijpen en voorkomen dat kinderen later definitief afhaken.",2026-08-28T10:03:52Z,2026-08-28T14:03:52.325895Z,2026-08-28T14:03:19.149230Z,,new,1
88d47546d2795fec64a6c4f4,sudinfo,Sudinfo,news_media,région,Wallonie|Bruxelles,editorial_media,mixed_paywall,sudinfo_rss,Flux principal,actualités|presse|terrain,fr,Les terribles confidences de l’ex-miss Belgique Emilie Vansteenkiste: « C’est la première fois de ma vie que je vis quelque chose comme ça »,https://www.sudinfo.be/id1186423/article/2026-08-28/les-terribles-confidences-de-lex-miss-belgique-emilie-vansteenkiste-cest-la,"Un mois après un grave accident de la route, Emilie Vansteenkiste, ex-Miss Belgique, partage les séquelles physiques et psychologiques qu’elle continue d’affronter.",2026-08-28T10:02:34Z,2026-08-28T14:03:52.325895Z,2026-08-28T14:03:17.045284Z,Miss Belgique,new,1
3e9b8682cc83ae83a514fdfd,sudinfo,Sudinfo,news_media,région,Wallonie|Bruxelles,editorial_media,mixed_paywall,sudinfo_rss,Flux principal,actualités|presse|terrain,fr,"« Cet homme doit être arrêté »: un donneur de sperme néerlandais aurait au moins 121 enfants, les mères concernées se mobilisent",https://www.sudinfo.be/id1186422/article/2026-08-28/cet-homme-doit-etre-arrete-un-donneur-de-sperme-neerlandais-aurait-au-moins-121,"Un Néerlandais de 43 ans aurait engendré au moins 121 enfants grâce à des dons de sperme, selon une enquête.",2026-08-28T10:02:17Z,2026-08-28T14:03:52.325895Z,2026-08-28T14:03:17.045284Z,Monde,new,1
a32969f0d24c0b5209fc08e5,rtbf_info,RTBF Info,news_media,communauté,Wallonie|Bruxelles,editorial_media,open,rtbf_info_rss,Flux RTBF Info,actualités|presse|Belgique,fr,"Haakon, populaire héritier d’une monarchie fragilisée: près de 8 Norvégiens sur 10 lui font confiance, malgré les scandales royaux",https://www.rtbf.be/article/haakon-populaire-heritier-d-une-monarchie-fragilisee-pres-de-8-norvegiens-sur-10-lui-font-confiance-malgre-les-scandales-royaux-11776523,Le couple Haakon et Mette-Marit deviennent les futurs roi et reine de Norvège après le décès du roi Harald V. Après...,2026-08-28T10:02:10Z,2026-08-28T14:03:52.325895Z,2026-08-28T14:03:19.358990Z,,new,1
988d5d3e6739357a4e18fa8b,sudinfo,Sudinfo,news_media,région,Wallonie|Bruxelles,editorial_media,mixed_paywall,sudinfo_rss,Flux principal,actualités|presse|terrain,fr,Angèle dévoile le clip de son nouveau single « Une seule vie » (vidéo),https://www.sudinfo.be/id1186420/article/2026-08-28/angele-devoile-le-clip-de-son-nouveau-single-une-seule-vie-video,"Après avoir dévoilé son nouveau single, Angèle présente le clip de « Une seule vie ». Un film qui joue avec les souvenirs et la réalité, et dans lequel la chanteuse se retrouve plongée dans un univers pour le moins surprenant.",2026-08-28T10:01:29Z,2026-08-28T14:03:52.325895Z,2026-08-28T14:03:17.045284Z,People,new,1
1d73ce92a7c7624ba4741e8f,hbvl,Het Belang van Limburg,news_media,région,Flandre,editorial_media,mixed_paywall,hbvl_rss,Nieuwsfeed,actualités|presse|terrain,nl,“Die ene redding was inderdaad cruciaal”: ook in Edinburgh profiteert AA Gent weer van sublieme Davy Roef,https://www.hbvl.be/sport/voetbal/die-ene-redding-was-inderdaad-cruciaal-ook-in-edinburgh-profiteert-aa-gent-weer-van-sublieme-davy-roef/160639311.html,"De Buffalo’s beleefden donderdagavond een memorabele avond in Edinburgh. Daarbij eiste Davy Roef andermaal een hoofdrol op. “Deze keer hoefde ik geen strafschop te stoppen, maar het is wel fijn dat ik opnieuw belangrijk was voor het team”, klonk de Gentse aanvoerder na afloop opgetogen.",2026-08-28T10:00:56Z,2026-08-28T14:03:52.325895Z,2026-08-28T14:03:18.507263Z,Voetbal,new,1
ed19045706871e2178e92387,hbvl,Het Belang van Limburg,news_media,région,Flandre,editorial_media,mixed_paywall,hbvl_rss,Nieuwsfeed,actualités|presse|terrain,nl,"“Als je op training tegen hem stond, was je ‘s avonds kapot”: Milan Robberechts (22) met Club NXT naar het Patro van Stijn Stijnen, waar hij transfer naar blauw-zwart versierde",https://www.hbvl.be/sport/voetbal/als-je-op-training-tegen-hem-stond-was-je-s-avonds-kapot-milan-robberechts-22-met-club-nxt-naar-het-patro-van-stijn-stijnen-waar-hij-transfer-naar-blauw-zwart-versierde/160639291.html,"Milan Robberechts (22) keert zaterdagavond met Club NXT terug naar Patro Eisden Maasmechelen, waar hij een topjaar beleefde. De gewezen Belgische jeugdinternational wil nu bevestigen en een optie nemen op een toekomst bij Club Brugge in de Jupiler Pro League.",2026-08-28T10:00:39Z,2026-08-28T14:03:52.325895Z,2026-08-28T14:03:18.507263Z,Voetbal,new,1
cef493cc27b2b2b64b6a33e1,hbvl,Het Belang van Limburg,news_media,région,Flandre,editorial_media,mixed_paywall,hbvl_rss,Nieuwsfeed,actualités|presse|terrain,nl,"Witte Huis daagt Canada uit met natuurfoto, al wijst internet op mogelijk probleem",https://www.hbvl.be/opmerkelijk/witte-huis-daagt-canada-uit-met-natuurfoto-al-wijst-internet-op-mogelijk-probleem/160637068.html,"De handelsoorlog tussen de Verenigde Staten en Canada wordt niet enkel op het terrein beslecht, maar ook op sociale media. Zo daagt het Witte Huis zijn noorderburen uit met een opvallende foto.",2026-08-28T10:00:00Z,2026-08-28T14:03:52.325895Z,2026-08-28T14:03:18.507263Z,Opmerkelijk,new,1
4a7b1853ac5bc5d0e5c75c41,hbvl,Het Belang van Limburg,news_media,région,Flandre,editorial_media,mixed_paywall,hbvl_rss,Nieuwsfeed,actualités|presse|terrain,nl,"Tiesj Benoot toch niet aan de start van Bretagne Classic, Bart Lemmen verlengt bij Visma-Lease a Bike",https://www.hbvl.be/sport/wielrennen/wegwielrennen/tiesj-benoot-toch-niet-aan-de-start-van-bretagne-classic-bart-lemmen-verlengt-bij-visma-lease-a-bike/26490266.html,De koers staat bijna nooit stil. Volg hier alle nieuwtjes vanuit het peloton.,2026-08-28T09:59:00Z,2026-08-28T14:03:52.325895Z,2026-08-28T14:03:18.507263Z,Wegwielrennen,new,1
e2aaaaf2094ba2f54aa66ff3,bx1,BX1,news_media,région,Bruxelles,editorial_media,open,bx1_rss,Flux BX1,actualités|presse|terrain,fr,Le pavillon Vanaudenhove dans le parc Elisabeth à Koekelberg est rénové,https://bx1.be/categories/news/le-pavillon-vanaudenhove-dans-le-parc-elisabeth-a-koekelberg-est-renove/,"Le pavillon Vanaudenhove du parc Elisabeth à Koekelberg est entièrement rénové, a annoncé vendredi la secrétaire d’Etat bruxelloise à l’Environnement, Ans Persoons. Le pavillon a été construit en 1958. A la suite d’un incendie, il a été reconstruit à l’identique dans les années 1990. Inoccupé pendant plusieurs années, objet ensuite d’une occupation temporaire, il a … lire plus",2026-08-28T09:58:50Z,2026-08-28T14:03:52.325895Z,2026-08-28T14:03:19.625714Z,Koekelberg | News | Parc Elisabeth | olivia p'tito | pavillon Vanaudenhove,new,1
892b048838d8e3781f48815b,vrt_nws,VRT NWS,news_media,communauté,Flandre|Bruxelles,editorial_media,open,vrt_nws_rss,Flux VRT NWS,actualités|presse|Belgique,nl,"Minder cafés, meer koffiezaken en pop-ups in Gent: ""Horeca past zich aan nieuwe gewoontes aan""",https://vrtnws.be/p.QAXOleMyP,"Er zijn nu 18 procent minder cafés in Gent dan in 2019. In dezelfde periode is het aantal koffiebars net verdubbeld. Ook pop-upinitiatieven, zoals zomerbars, winnen aan belang. ""Minder bruine kroegen betekent niet dat er ook minder leven is"", klinkt het bij de stad.",2026-08-28T09:58:40Z,2026-08-28T14:03:52.325895Z,2026-08-28T14:03:19.149230Z,,new,1
4f53bf956490d42992e43f04,vrt_nws,VRT NWS,news_media,communauté,Flandre|Bruxelles,editorial_media,open,vrt_nws_rss,Flux VRT NWS,actualités|presse|Belgique,nl,"Céline Cremer stierf door ""opeenvolging van fouten en ongelukken"", zegt lijkschouwer in Australië",https://vrtnws.be/p.mR0NEl8jj,"""Een opeenvolging van fouten en ongelukken"": dat ligt hoogstwaarschijnlijk aan de basis van de dood van Céline Cremer in Tasmanië, zo concludeert een lijkschouwer in Australië in een rapport. Waarschijnlijk raakte de toerist uit België verdwaald toen ze de weg naar haar auto zocht. Ze verloor onderweg ook haar telefoon.",2026-08-28T09:55:25Z,2026-08-28T14:03:52.325895Z,2026-08-28T14:03:19.149230Z,,new,1
738a992aabbb04c17c5cde8a,hbvl,Het Belang van Limburg,news_media,région,Flandre,editorial_media,mixed_paywall,hbvl_rss,Nieuwsfeed,actualités|presse|terrain,nl,‘Slager van Srebrenica’ Ratko Mladic krijgt staatsbegrafenis: “Dit is een bekentenis van genocide”,https://www.hbvl.be/buitenland/slager-van-srebrenica-ratko-mladic-krijgt-staatsbegrafenis-dit-is-een-bekentenis-van-genocide/160655773.html,"De ‘slager van Srebrenica’, Ratko Mladic, krijgt een staatsbegrafenis. Dat kondigde de Servische minister van Justitie aan. Uit verschillende hoeken komt kritiek op die beslissing. “Zo kunnen geweld en misdaden zich herhalen”",2026-08-28T09:55:00Z,2026-08-28T14:03:52.325895Z,2026-08-28T14:03:18.507263Z,Buitenland,new,1
e065ddb7540d1d0cab66fe8b,vrt_nws,VRT NWS,news_media,communauté,Flandre|Bruxelles,editorial_media,open,vrt_nws_rss,Flux VRT NWS,actualités|presse|Belgique,nl,Bocholt zet nieuwe stap richting vernieuwing Sportzone Damburg,https://vrtnws.be/p.JNGRDB4Pa,"In Bocholt is een laatste stap gezet richting de vernieuwing van Sportzone Damburg. De gemeenteraad heeft het nieuwe Ruimtelijk Uitvoeringsplan (RUP) goedgekeurd. ""We gaan de site vergroenen en aanpassen aan de noden van de sportclubs"", zegt schepen van Omgeving Erik Vanmierlo (Samen).",2026-08-28T09:50:55Z,2026-08-28T14:03:52.325895Z,2026-08-28T14:03:19.149230Z,,new,1
285a11361eca6a3c82b3e133,vrt_nws,VRT NWS,news_media,communauté,Flandre|Bruxelles,editorial_media,open,vrt_nws_rss,Flux VRT NWS,actualités|presse|Belgique,nl,Eddy Lust rondt laatste week af als burgemeester van Menen,https://vrtnws.be/p.E1XMvD1dW,"Eddy Lust (VOOR 8930) rondt dit weekend zijn laatste week af als burgemeester van Menen. Officieel is het pas maandag zijn laatste dag, maar hij koos ervoor om deze week al rustig alles af te bouwen en afscheid te nemen van zijn medewerkers. Kasper Vandecasteele (VOOR 8930) wordt de nieuwe burgemeester van de stad.",2026-08-28T09:47:28Z,2026-08-28T14:03:52.325895Z,2026-08-28T14:03:19.149230Z,,new,1
776d570f2e08c1f419e0eff6,hbvl,Het Belang van Limburg,news_media,région,Flandre,editorial_media,mixed_paywall,hbvl_rss,Nieuwsfeed,actualités|presse|terrain,nl,Red Panthers Alix Gerniers en Justine Rasir riskeren schorsing na scheldpartij tegen scheidsrechter in WK-match tegen Nederland,https://www.hbvl.be/sport/hockey/red-panthers-alix-gerniers-en-justine-rasir-riskeren-schorsing-na-scheldpartij-tegen-scheidsrechter-in-wk-match-tegen-nederland/160638066.html,Red Panthers Alix Gerniers en Justine Rasir worden later vrijdag om 16.00 uur gedagvaard door de Internationale Hockeyfederatie FIH vanwege hun gedrag na afloop van de met 1-0 verloren halve finale op het WK vrouwenhockey tegen Nederland. Dat bevestigde de woordvoerder van de Belgische hockeybond (KBHB).,2026-08-28T09:46:06Z,2026-08-28T14:03:52.325895Z,2026-08-28T14:03:18.507263Z,Hockey,new,1
6969008f9776e19c9a7eab32,de_morgen,De Morgen,news_media,national,Belgique,editorial_media,mixed_paywall,de_morgen_rss,In het nieuws,actualités|presse|Belgique,nl,Leven wordt sneller duurder: inflatie stijgt weer richting 4 procent,https://www.demorgen.be/nieuws/leven-wordt-sneller-duurder-inflatie-stijgt-weer-richting-4-procent~b293cd8d/,,2026-08-28T09:44:00Z,2026-08-28T14:03:52.325895Z,2026-08-28T14:03:17.489081Z,,new,1
9a7adef3b8eedf7e1fb2cf5f,sudinfo,Sudinfo,news_media,région,Wallonie|Bruxelles,editorial_media,mixed_paywall,sudinfo_rss,Flux principal,actualités|presse|terrain,fr,"Le corps de Martine, 77 ans, retrouvé sans vie: elle a repoussé son ami qui a tenté de l’embrasser, il a vu rouge...",https://www.sudinfo.be/id1186401/article/2026-08-28/le-corps-de-martine-77-ans-retrouve-sans-vie-elle-repousse-son-ami-qui-tente-de,"On en sait plus sur les circonstances de la mort de Martine, une habitante de Maubeuge de 77 ans dont le corps a été retrouvé sans vie.",2026-08-28T09:43:10Z,2026-08-28T14:03:52.325895Z,2026-08-28T14:03:17.045284Z,France,new,1
87f4214405b37dc27e534416,hbvl,Het Belang van Limburg,news_media,région,Flandre,editorial_media,mixed_paywall,hbvl_rss,Nieuwsfeed,actualités|presse|terrain,nl,KV Kortrijk-spits Thierry Ambrose is met terugkeer naar Jupiler Pro League niet langer koning éénoog in het land der blinden: “Hij krijgt de kans om te tonen wat hij kan”,https://www.hbvl.be/sport/voetbal/kv-kortrijk-spits-thierry-ambrose-is-met-terugkeer-naar-jupiler-pro-league-niet-langer-koning-eenoog-in-het-land-der-blinden-hij-krijgt-de-kans-om-te-tonen-wat-hij-kan/160637643.html,"KV Kortrijk krijgt zaterdag co-leider Sporting Charleroi op bezoek. De Kerels kunnen na de 0 op 6 tegen Club Brugge en Antwerp maar beter winnen om de eerste donkere wolken uit het Guldensporenstadion te verdrijven. Zoniet zal de nervositeit fel toenemen, met volgende donderdag een trip naar Anderlecht en de zondag nadien de Vlasico thuis tegen Zulte Waregem. Misschien ontploft Thierry Ambrose wel. De grillige Franse aanvaller kon de noodlijdende tweedeprovincialer SV Bredene van de sportieve dood redden, maar kan hij nu ook KVK aan goals en punten helpen?",2026-08-28T09:41:42Z,2026-08-28T14:03:52.325895Z,2026-08-28T14:03:18.507263Z,Voetbal,new,1
0c5c25b23629eca31769f4b9,sudinfo,Sudinfo,news_media,région,Wallonie|Bruxelles,editorial_media,mixed_paywall,sudinfo_rss,Flux principal,actualités|presse|terrain,fr,Plusieurs médias déposent plainte contre la RTBF suite à la « blague » de Pierre Scheurette,https://www.sudinfo.be/id1186400/article/2026-08-28/plusieurs-medias-deposent-plainte-contre-la-rtbf-suite-la-blague-de-pierre,La « blague » de Pierre Scheurette lors de la conférence de rentrée de la RTBF n’a pas fait rire les médias pointés du doigt comme étant « trop à droite ». Plusieurs médias vont déposer plainte au Conseil de déontologie journalistique.,2026-08-28T09:41:28Z,2026-08-28T14:03:52.325895Z,2026-08-28T14:03:17.045284Z,Médias,new,1
081c32e172d6e9af77fc9e56,sudinfo,Sudinfo,news_media,région,Wallonie|Bruxelles,editorial_media,mixed_paywall,sudinfo_rss,Flux principal,actualités|presse|terrain,fr,"Mort du petit Émile: 106 prélèvements ADN réalisés, aucun ne correspond à ceux sur les vêtements de l’enfant",https://www.sudinfo.be/id1186398/article/2026-08-28/mort-du-petit-emile-106-prelevements-adn-realises-aucun-ne-correspond-ceux-sur,"Les 106 prélèvements ADN réalisés dans le cadre de l’enquête sur la mort d’Émile n’ont donné aucun résultat probant. En effet, aucun ne correspond aux traces étrangères à la famille retrouvées sur les vêtements de l’enfant.",2026-08-28T09:40:31Z,2026-08-28T14:03:52.325895Z,2026-08-28T14:03:17.045284Z,France,new,1
231a758afc0dabdd8da36fce,sudinfo,Sudinfo,news_media,région,Wallonie|Bruxelles,editorial_media,mixed_paywall,sudinfo_rss,Flux principal,actualités|presse|terrain,fr,"Collectionneurs, réalisations 3D, groupes Facebook, collaboration avec les équipes…: l’incroyable communauté de fans de « Fort Boyard »",https://www.sudinfo.be/id1186399/article/2026-08-28/collectionneurs-realisations-3d-groupes-facebook-collaboration-avec-les-equipes,"De fervent téléspectateur, Cyril Féraud est aujourd’hui le présentateur de son jeu préféré. Un cas exceptionnel, cette belle histoire? Dans la fanbase de l’émission culte, d’autres que lui vivent un rêve éveillé.",2026-08-28T09:40:00Z,2026-08-28T14:03:52.325895Z,2026-08-28T14:03:17.045284Z,Télé,new,1
95c495cc6fd7fb23f186067d,vrt_nws,VRT NWS,news_media,communauté,Flandre|Bruxelles,editorial_media,open,vrt_nws_rss,Flux VRT NWS,actualités|presse|Belgique,nl,"""Onze relatie ging verder dan officiële functies"": koning Filip neemt afscheid van achterneef koning Harald",https://vrtnws.be/p.qEd9p9RZb,"""Door onze familieband ging onze relatie veel verder dan onze officiële functies. We zullen de momenten die we samen mochten beleven, blijven koesteren."" Met die woorden neemt koning Filip afscheid van koning Harald van Noorwegen, zijn achterneef. Ook Charles III van het Verenigd Koninkrijk en president Emmanuel Macron van Frankrijk betuigen hun steun.",2026-08-28T09:38:57Z,2026-08-28T14:03:52.325895Z,2026-08-28T14:03:19.149230Z,,new,1
b360577d40d9b393700c31a1,dhnet,DH Les Sports+,news_media,national,Belgique,editorial_media,mixed_paywall,dhnet_rss,Flux actualités,actualités|presse|Belgique,fr,"14 ans de guerre pour une succession: “Nous étions une famille unie, il n’en reste qu’un tas de décombres”",https://www.dhnet.be/actu/faits/2026/08/28/14-ans-de-guerre-pour-une-succession-nous-etions-une-famille-unie-il-nen-reste-quun-tas-de-decombres-VM46ORINOBETJADZP3U35K55GY/,"Leur père, colonel à l’armée, est mort il y a 14 ans. Sa succession n’est toujours pas réglée....",2026-08-28T09:38:12Z,2026-08-28T14:03:52.325895Z,2026-08-28T14:03:17.464466Z,Faits divers,new,1
fb3b3324aaa31899828c825b,dhnet,DH Les Sports+,news_media,national,Belgique,editorial_media,mixed_paywall,dhnet_rss,Flux actualités,actualités|presse|Belgique,fr,Contestation du secteur de l'enseignement: manifestation de la FGTB namuroise aux sièges bruxellois du MR et des Engagés (PHOTO),https://www.dhnet.be/actu/belgique/2026/08/28/contestation-du-secteur-de-lenseignement-manifestation-de-la-fgtb-namuroise-aux-sieges-bruxellois-du-mr-et-des-engages-photo-URMZDMSUZNHWZHLOWZ3MT5UCCU/,"Plusieurs dizaines de militants de la centrale générale FGTB Namur-Luxembourg ont mené vendredi matin une action symbolique de protestation devant les sièges du MR et des Engagés à Bruxelles, dans le contexte de la rentrée scolaire et des réformes menées par les gouvernements de la Fédération Wallonie-Bruxelles et fédéral....",2026-08-28T09:37:39Z,2026-08-28T14:03:52.325895Z,2026-08-28T14:03:17.464466Z,Belgique,new,1
e5b1a07de5d01d0aee117427,hbvl,Het Belang van Limburg,news_media,région,Flandre,editorial_media,mixed_paywall,hbvl_rss,Nieuwsfeed,actualités|presse|terrain,nl,Inflatie stijgt weer richting 4 procent: energieproducten en harde schijven duurder,https://www.hbvl.be/economie/inflatie-stijgt-weer-richting-4-procent-energieproducten-en-harde-schijven-duurder/160638255.html,"De inflatie is in augustus voor de tweede maand op rij versneld. De consumptieprijzen gingen in een jaar tijd 3,97 procent hoger, zegt statistiekbureau Statbel.",2026-08-28T09:37:23Z,2026-08-28T14:03:52.325895Z,2026-08-28T14:03:18.507263Z,Economie,new,1
c8872f302fe0ec083db589b6,vrt_nws,VRT NWS,news_media,communauté,Flandre|Bruxelles,editorial_media,open,vrt_nws_rss,Flux VRT NWS,actualités|presse|Belgique,nl,Inflatie versnelt 2e maand op rij en stijgt richting 4 procent,https://vrtnws.be/p.NvXmaqP0k,"De inflatie is in augustus voor de tweede maand op rij versneld. De consumptieprijzen gingen in een jaar tijd 3,97 procent hoger, zegt het statistiekbureau Statbel.",2026-08-28T09:37:03Z,2026-08-28T14:03:52.325895Z,2026-08-28T14:03:19.149230Z,,new,1
7e253fd337a253f0c0c3e3ec,hbvl,Het Belang van Limburg,news_media,région,Flandre,editorial_media,mixed_paywall,hbvl_rss,Nieuwsfeed,actualités|presse|terrain,nl,Nederlandse rechtbank legt Rwandees levenslange celstraf op voor betrokkenheid bij genocide,https://www.hbvl.be/buitenland/nederlandse-rechtbank-legt-rwandees-levenslange-celstraf-op-voor-betrokkenheid-bij-genocide/160638338.html,"De rechtbank in Den Haag heeft vrijdag de 66-jarige Eugène N. veroordeeld tot een levenslange gevangenisstraf voor zijn betrokkenheid bij de genocide in Rwanda in 1994. Volgens de rechtbank is bewezen dat N. heeft meegedaan aan de moordpartij in een stadion, waarbij naar schatting 3.000 Tutsi's werden afgeslacht.",2026-08-28T09:35:24Z,2026-08-28T14:03:52.325895Z,2026-08-28T14:03:18.507263Z,Buitenland,new,1
baa24b5846d847dd3114b7ae,vrt_nws,VRT NWS,news_media,communauté,Flandre|Bruxelles,editorial_media,open,vrt_nws_rss,Flux VRT NWS,actualités|presse|Belgique,nl,Vrijwilligers prikken 960.000 dahlia's op praalwagens voor bloemencorso Blankenberge,https://vrtnws.be/p.BlX0nD6eG,In Blankenberge zijn 960.000 dahlia's geleverd voor het bloemencorso van zondag. Honderden vrijwilligers gingen in alle vroegte aan de slag om de bloemen op 21 praalwagens te steken. Regisseur Davy De Wolf is tevreden over de kwaliteit van de bloemen.,2026-08-28T09:30:18Z,2026-08-28T14:03:52.325895Z,2026-08-28T14:03:19.149230Z,,new,1
07aba2133b869b9e1052ccc6,la_libre,La Libre Belgique,news_media,national,Belgique,editorial_media,mixed_paywall,la_libre_rss,Flux Belgique,actualités|presse|Belgique,fr,"Geneviève Damas: “Si cette professeure n’avait pas été là, je pense que ma vie n’aurait pas été pareille”",https://www.lalibre.be/belgique/enseignement/2026/08/28/genevieve-damas-si-cette-professeure-navait-pas-ete-la-je-pense-que-ma-vie-naurait-pas-ete-pareille-62EWV3BRUBFK5A5EHLSROIV4O4/,"La dramaturge, romancière, comédienne et metteuse en scène Geneviève Damas se remémore ses premières amours avec le théâtre, une véritable révélation dans sa scolarité parfois terne....",2026-08-28T09:28:37Z,2026-08-28T14:03:52.325895Z,2026-08-28T14:03:16.960170Z,Enseignement,new,1
e30510edc1562269bd3c06f2,vrt_nws,VRT NWS,news_media,communauté,Flandre|Bruxelles,editorial_media,open,vrt_nws_rss,Flux VRT NWS,actualités|presse|Belgique,nl,"Turnhoutenaars parkeren auto's op straat uit protest tegen circulatieplan en creëren extra files: ""Er moet iets veranderen""",https://vrtnws.be/p.ewPDEq8wE,"In Turnhout voeren buurtbewoners van onder meer de Heizijde en Fonteinstraat actie tegen het nieuwe verkeerscirculatieplan. De 1e fase van dat plan is sinds dinsdag van kracht. Veel automobilisten nemen sluipwegen om de verzadigde ring van Turnhout te vermijden, en dat veroorzaakt extra drukte in de noordelijke woonwijken. ""Wij zijn de kop van Jut"", klinkt het.",2026-08-28T09:20:04Z,2026-08-28T14:03:52.325895Z,2026-08-28T14:03:19.149230Z,,new,1
16d82e80c46b6857d69059b8,vrt_nws,VRT NWS,news_media,communauté,Flandre|Bruxelles,editorial_media,open,vrt_nws_rss,Flux VRT NWS,actualités|presse|Belgique,nl,"850 Herentalsenaars krijgen brief met vraag of ze verwarming of badkamer hebben: ""Kadastraal inkomen correct berekenen""",https://vrtnws.be/p.w78DKwaNX,"Zowat 850 eigenaars van woningen in Herentals krijgen volgende week een brief van de stad en de FOD Financiën in de bus met de vraag om de juiste gegevens over hun badkamer en verwarming door te geven. Reden is dat die woningen momenteel geregistreerd staan zonder badkamer of verwarming. De correcte gegevens zijn nodig om het kadastraal inkomen, en dus ook de onroerende voorheffing die daaruit voortvloeit, eerlijk te berekenen.",2026-08-28T09:20:02Z,2026-08-28T14:03:52.325895Z,2026-08-28T14:03:19.149230Z,,new,1
9c8a15c5675086e7a3fc768c,vrt_nws,VRT NWS,news_media,communauté,Flandre|Bruxelles,editorial_media,open,vrt_nws_rss,Flux VRT NWS,actualités|presse|Belgique,nl,"150 schietpartijen en 22 ontploffingen in Brussel in 1 jaar tijd: ""Gevolg van drugsgeweld tussen rivaliserende bendes""",https://vrtnws.be/p.0YJxbkGeZ,"Een conflict tussen 2 drugsbendes leidt tot een nieuwe golf van geweld. In 1,5 jaar tijd vonden meer dan 150 schietpartijen en 22 ontploffingen plaats in Brussel. Tijdens een persconferentie wijst de Brusselse procureur, Julien Moinil, op verschillende knelpunten in de aanpak van het drugsgeweld. ""We kunnen niet wachten tot een magistraat, agent of journalist om het leven komt. Dan is het te laat.""",2026-08-28T09:12:19Z,2026-08-28T14:03:52.325895Z,2026-08-28T14:03:19.149230Z,,new,1
7f4aff0992e5aef62fd75310,federal_press,Presscenter fédéral,institution,fédéral,Belgique,official_public,,federal_rss,Flux de tous les communiqués,communiqués,fr,Bons d'État - émission du 4 septembre 2026 - Résultat intermédiaire - Jour 2,https://news.belgium.be/fr/bons-detat-emission-du-4-septembre-2026-resultat-intermediaire-jour-2,Campagne des Bons d'État du 4 septembre 2026 - Résultat intermédiaire,2026-08-28T09:11:32Z,2026-08-28T09:46:00.190815Z,2026-08-28T14:03:11.090030Z,,existing,4
ca9326fc36d738a13eb98215,vrt_nws,VRT NWS,news_media,communauté,Flandre|Bruxelles,editorial_media,open,vrt_nws_rss,Flux VRT NWS,actualités|presse|Belgique,nl,"Meer dan 2.000 wespendieven boven Averbode breken dagrecord Benelux: ""Unieke gebeurtenis""",https://vrtnws.be/p.kQGN7lm4a,"De vogeltelpost in Averbode heeft het dagrecord van de Benelux gebroken: 2.029 wespendieven vlogen dinsdag over. Het dagrecord is uitzonderlijk in Vlaanderen, want de wespendieven waren niet overal te zien.",2026-08-28T09:08:54Z,2026-08-28T14:03:52.325895Z,2026-08-28T14:03:19.149230Z,,new,1
e8e4faad3e6d7970be58ca55,de_morgen,De Morgen,news_media,national,Belgique,editorial_media,mixed_paywall,de_morgen_rss,In het nieuws,actualités|presse|Belgique,nl,‘Slager van de Balkan’ en oorlogsmisdadiger Ratko Mladić krijgt staatsbegrafenis ‘met alle eer’ in Servië,https://www.demorgen.be/nieuws/slager-van-de-balkan-en-oorlogsmisdadiger-ratko-mladic-krijgt-staatsbegrafenis-met-alle-eer-in-servie~b8d4888d/,,2026-08-28T09:06:00Z,2026-08-28T14:03:52.325895Z,2026-08-28T14:03:17.489081Z,,new,1
1765f7fca4c5295d4529616f,vrt_nws,VRT NWS,news_media,communauté,Flandre|Bruxelles,editorial_media,open,vrt_nws_rss,Flux VRT NWS,actualités|presse|Belgique,nl,"Na droge zomer: voetbalvelden liefhebbers in Meetjesland dan toch klaar, 6 Wase clubs moeten nog wachten tot oktober",https://vrtnws.be/p.0YJP5jDEx,De voetbalvelden van liefhebbersclubs in het Meetjesland zijn na de droogte van deze zomer dan toch speelklaar geraakt. In het Waasland is dat nog niet het geval voor alle velden: daar wijken 6 clubs uit Lokeren nog tot oktober uit naar een andere locatie.,2026-08-28T09:05:52Z,2026-08-28T14:03:52.325895Z,2026-08-28T14:03:19.149230Z,,new,1
bfc8bf476beedec36ec0e6ea,sudinfo,Sudinfo,news_media,région,Wallonie|Bruxelles,editorial_media,mixed_paywall,sudinfo_rss,Flux principal,actualités|presse|terrain,fr,"« Son humour, son humanité et sa sincérité faisaient de lui un homme attachant »: le roi Philippe rend un vibrant hommage au roi Harald V",https://www.sudinfo.be/id1186388/article/2026-08-28/son-humour-son-humanite-et-sa-sincerite-faisaient-de-lui-un-homme-attachant-le,"Le roi Philippe a rendu hommage au roi Harald V de Norvège, saluant un souverain proche de son peuple et profondément attaché à son pays. Le monarque belge a également évoqué les liens familiaux qui unissaient les deux familles royales.",2026-08-28T09:04:32Z,2026-08-28T14:03:52.325895Z,2026-08-28T14:03:17.045284Z,Monarchie,new,1
8e7a0dc9cf9339785076beb7,dhnet,DH Les Sports+,news_media,national,Belgique,editorial_media,mixed_paywall,dhnet_rss,Flux actualités,actualités|presse|Belgique,fr,"""Je sais qu’un jour, je vais mourir après un shoot”, Lilas est tombée dans le crack il y a dix ans",https://www.dhnet.be/actu/faits/2026/08/28/je-sais-quun-jour-je-vais-mourir-apres-un-shoot-lilas-est-tombee-dans-le-crack-il-y-a-dix-ans-BOM3GZ3HFBGLNAEM2GCRGDIPCE/,"Le crack, un dérivé de la cocaïne, fait de plus en plus de ravages dans les rues de Bruxelles. Deux consommateurs nous témoignent de leur addiction à cette drogue dure....",2026-08-28T09:00:01Z,2026-08-28T14:03:52.325895Z,2026-08-28T14:03:17.464466Z,Faits divers,new,1
9acdb3ddf0d9a2c3e25e4873,sudinfo,Sudinfo,news_media,région,Wallonie|Bruxelles,editorial_media,mixed_paywall,sudinfo_rss,Flux principal,actualités|presse|terrain,fr,ÉDITO | Protéger nos ados des réseaux sociaux: David contre Goliath,https://www.sudinfo.be/id1186386/article/2026-08-28/edito-proteger-nos-ados-des-reseaux-sociaux-david-contre-goliath,"Face aux réseaux sociaux, les parents semblent parfois bien démunis. Harcèlement, addiction, santé mentale: jusqu’où va leur responsabilité, et où commence celle des plateformes?",2026-08-28T09:00:00Z,2026-08-28T14:03:52.325895Z,2026-08-28T14:03:17.045284Z,Belgique,new,1
0c672550060dbaafbaf96b5a,dhnet,DH Les Sports+,news_media,national,Belgique,editorial_media,mixed_paywall,dhnet_rss,Flux actualités,actualités|presse|Belgique,fr,"Décès du roi Harald V: Le nouveau roi Haakon, successeur de Harald V, convoque un conseil des ministres",https://www.dhnet.be/actu/monde/2026/08/28/deces-du-roi-harald-v-le-nouveau-roi-haakon-successeur-de-harald-v-convoque-un-conseil-des-ministres-MQKGQ5IXJFFP5ADH3EVSSA6HBA/,"Le successeur du roi Harald V de Norvège, le prince Haakon, présidera un conseil des ministres extraordinaire à 11h30 vendredi....",2026-08-28T08:59:14Z,2026-08-28T14:03:52.325895Z,2026-08-28T14:03:17.464466Z,Monde,new,1
50e4bfd319203f4ccc6bba38,sudinfo,Sudinfo,news_media,région,Wallonie|Bruxelles,editorial_media,mixed_paywall,sudinfo_rss,Flux principal,actualités|presse|terrain,fr,« Un gros chèque a été signé… »: un duo culte de la chanson française bientôt de retour?,https://www.sudinfo.be/id1186379/article/2026-08-28/un-gros-cheque-ete-signe-un-duo-culte-de-la-chanson-francaise-bientot-de-retour,Le duo avait connu un succès retentissant il n’y a pas si longtemps que ça…,2026-08-28T08:52:14Z,2026-08-28T14:03:52.325895Z,2026-08-28T14:03:17.045284Z,Musique,new,1
abdcfbbe77bcd32626d4152e,la_libre,La Libre Belgique,news_media,national,Belgique,editorial_media,mixed_paywall,la_libre_rss,Flux Belgique,actualités|presse|Belgique,fr,"Ce que révèle l’autopsie de Céline Cremer, Belge disparue en Australie: ""Son décès est le résultat d'une succession d'erreurs""",https://www.lalibre.be/belgique/judiciaire/2026/08/28/ce-que-revele-lautopsie-de-celine-cremer-belge-disparue-en-australie-son-deces-est-le-resultat-dune-succession-derreurs-NEEHPG2LQ5BDRJFXHG7WRBW32Q/,L’autopsie de Céline Cremer exclut l’intervention d’un tiers et retient l’hypothèse d’une désorientation lors d’une randonnée en Tasmanie....,2026-08-28T08:49:29Z,2026-08-28T14:03:52.325895Z,2026-08-28T14:03:16.960170Z,Judiciaire,new,1
0076a7f15b41f217b83eee81,dhnet,DH Les Sports+,news_media,national,Belgique,editorial_media,mixed_paywall,dhnet_rss,Flux actualités,actualités|presse|Belgique,fr,Disparition de Céline Cremer en Tasmanie: une autopsie exclut l’implication d’un tiers dans le décès de la Belge,https://www.dhnet.be/actu/monde/2026/08/28/disparition-de-celine-cremer-en-tasmanie-une-autopsie-exclut-limplication-dun-tiers-dans-le-deces-de-la-belge-4U62MQ335NGANDKACF5EJDPSXQ/,"Aucun tiers n’a été impliqué dans le décès de la Belge Céline Cremer, a indiqué vendredi la chaîne publique australienne ABC News, sur la base des résultats de l’autopsie....",2026-08-28T08:46:44Z,2026-08-28T14:03:52.325895Z,2026-08-28T14:03:17.464466Z,Monde,new,1
270ef67157dc0a1621b856e8,sudinfo,Sudinfo,news_media,région,Wallonie|Bruxelles,editorial_media,mixed_paywall,sudinfo_rss,Flux principal,actualités|presse|terrain,fr,Radio Contact va offrir une maison d’une valeur de 400.000 euros à un auditeur,https://www.sudinfo.be/id1186377/article/2026-08-28/radio-contact-va-offrir-une-maison-dune-valeur-de-400000-euros-un-auditeur,"Et si la rentrée marquait le début d’une toute nouvelle vie? Radio Contact s’apprête à lancer une opération pour le moins insolite: faire gagner… une maison neuve à l’un de ses auditeurs. D’une valeur de 400.000 euros TVAC, le bien sera également meublé avant d’être remis à son futur propriétaire!",2026-08-28T08:46:30Z,2026-08-28T14:03:52.325895Z,2026-08-28T14:03:17.045284Z,Vie quotidienne,new,1
6896bd44fe4fb25cfd2177b3,dhnet,DH Les Sports+,news_media,national,Belgique,editorial_media,mixed_paywall,dhnet_rss,Flux actualités,actualités|presse|Belgique,fr,L'ancien général condamné pour génocide Ratko Mladic aura des obsèques nationales,https://www.dhnet.be/actu/monde/2026/08/28/lancien-general-condamne-pour-genocide-ratko-mladic-aura-des-obseques-nationales-BIBWK6HY5VHHRODYUMZS7ZRZ7M/,"L'ex-chef militaire des Serbes de Bosnie Ratko Mladic, surnommé ""Le boucher des Balkans"" pour son rôle dans le massacre de Srebrenica en 1995, aura des obsèques avec ""les honneurs militaires et d'Etat auxquels il a droit"", a annoncé à la radio locale K1 le ministre serbe de la Justice Nenad Vujic....",2026-08-28T08:42:09Z,2026-08-28T14:03:52.325895Z,2026-08-28T14:03:17.464466Z,Monde,new,1
dfedf17f1b47e2bca332ef9b,sudinfo,Sudinfo,news_media,région,Wallonie|Bruxelles,editorial_media,mixed_paywall,sudinfo_rss,Flux principal,actualités|presse|terrain,fr,« C’est intolérable »: Maxime Prévot convoque l’ambassadeur des États-Unis après qu’il a qualifié le ministre Frank Vandenbroucke de « loser » sur Instagram,https://www.sudinfo.be/id1186373/article/2026-08-28/cest-intolerable-maxime-prevot-convoque-lambassadeur-des-etats-unis-apres-quil,Une publication de l’ambassadeur américain Bill White visant Frank Vandenbroucke provoque la colère de la diplomatie belge. Maxime Prévot juge en effet son intervention « intolérable » et entend convoquer le diplomate dans les prochains jours.,2026-08-28T08:32:47Z,2026-08-28T14:03:52.325895Z,2026-08-28T14:03:17.045284Z,Belgique,new,1
d99d0ab7dbce6904253fb503,vrt_nws,VRT NWS,news_media,communauté,Flandre|Bruxelles,editorial_media,open,vrt_nws_rss,Flux VRT NWS,actualités|presse|Belgique,nl,"Kust lokt recordaantal toeristen in de zomer: ""In lijn met cijfers tijdens corona, toen niemand op reis naar het buitenland mocht""",https://vrtnws.be/p.0YJxdJ5DE,"De hete zomer trok opvallend veel mensen naar de kust. In juli en augustus kwamen 6,1 miljoen dagjestoeristen naar de kust. Dat is het hoogste aantal sinds de coronaperiode. Er bleven in totaal 11,2 miljoen mensen slapen. 60 procent daarvan was Vlamingen, iets meer dan 20 procent kwam uit Wallonië. De drukte was goed verspreid over de 2 zomermaanden en over de verschillende badplaatsen.",2026-08-28T08:22:12Z,2026-08-28T14:03:52.325895Z,2026-08-28T14:03:19.149230Z,,new,1
2ad95c141e345a5773be1bdd,dhnet,DH Les Sports+,news_media,national,Belgique,editorial_media,mixed_paywall,dhnet_rss,Flux actualités,actualités|presse|Belgique,fr,"""Qui est le plus grand loser de Belgique?"": Prévot convoque Bill White l'ambassadeur des États-Unis qui s'en est pris à Frank Vandenbroucke",https://www.dhnet.be/actu/belgique/2026/08/28/qui-est-le-plus-grand-loser-de-belgique-prevot-convoque-bill-white-lambassadeur-des-etats-unis-qui-sen-est-pris-a-frank-vandenbroucke-MR27RGBV2FFJJMYQM2HXBXJBF4/,"Le ministre des Affaires étrangères Maxime Prévot convoquera dans les prochains jours l'ambassadeur des États-Unis en Belgique, Bill White, qui s'en est pris sur les réseaux sociaux au ministre de la Santé Frank Vandenbroucke, a-t-il annoncé vendredi....",2026-08-28T08:19:08Z,2026-08-28T14:03:52.325895Z,2026-08-28T14:03:17.464466Z,Belgique,new,1
92e98549d46c7aabe1f40ecd,sudinfo,Sudinfo,news_media,région,Wallonie|Bruxelles,editorial_media,mixed_paywall,sudinfo_rss,Flux principal,actualités|presse|terrain,fr,Attention si vous comptez faire des paiements électroniques: des perturbations sont prévues dans la nuit de dimanche à lundi,https://www.sudinfo.be/id1186365/article/2026-08-28/attention-si-vous-comptez-faire-des-paiements-electroniques-des-perturbations,"Des perturbations sont à prévoir dans la nuit de dimanche à lundi pour certains paiements électroniques en Belgique. Les transactions Visa et Mastercard, ainsi que les retraits aux distributeurs, pourraient être temporairement affectés.",2026-08-28T08:15:49Z,2026-08-28T14:03:52.325895Z,2026-08-28T14:03:17.045284Z,Mon argent,new,1
7f9036f34d708e09a66c8c43,dhnet,DH Les Sports+,news_media,national,Belgique,editorial_media,mixed_paywall,dhnet_rss,Flux actualités,actualités|presse|Belgique,fr,Doit-on vraiment culpabiliser devant un petit verre?,https://www.dhnet.be/actu/edito/2026/08/28/doit-on-vraiment-culpabiliser-devant-un-petit-verre-BHVNJ2KOEFB6XA3X2FUSIWVF6E/,Une humeur de Thibaut Van Hoof....,2026-08-28T08:08:18Z,2026-08-28T14:03:52.325895Z,2026-08-28T14:03:17.464466Z,Edito,new,1
9e402aa466d54caf02bd2965,de_morgen,De Morgen,news_media,national,Belgique,editorial_media,mixed_paywall,de_morgen_rss,In het nieuws,actualités|presse|Belgique,nl,Minister Prévot roept Amerikaans ambassadeur Bill White op het matje na uithaal naar Vandenbroucke: ‘Onaanvaardbaar’,https://www.demorgen.be/nieuws/minister-prevot-roept-amerikaans-ambassadeur-bill-white-op-het-matje-na-uithaal-naar-vandenbroucke-onaanvaardbaar~bc390bb0/,,2026-08-28T08:07:00Z,2026-08-28T14:03:52.325895Z,2026-08-28T14:03:17.489081Z,,new,1
e472f6356e31c64d15058fdd,la_libre,La Libre Belgique,news_media,national,Belgique,editorial_media,mixed_paywall,la_libre_rss,Flux Belgique,actualités|presse|Belgique,fr,"Bill White convoqué par Maxime Prévot: ""Il est intolérable qu'un ambassadeur s'en prenne de cette façon à un membre de notre gouvernement""",https://www.lalibre.be/belgique/politique-belge/2026/08/28/bill-white-convoque-par-maxime-prevot-il-est-intolerable-quun-ambassadeur-sen-prenne-de-cette-facon-a-un-membre-de-notre-gouvernement-DT2C7OFAWJE63NSCKMJ6G5RQKY/,"Après les attaques de Bill White contre Frank Vandenbroucke sur les réseaux sociaux, Maxime Prévot annonce la convocation prochaine de l’ambassadeur américain....",2026-08-28T08:03:34Z,2026-08-28T14:03:52.325895Z,2026-08-28T14:03:16.960170Z,Politique belge,new,1
6866ac34bec9239d7eb0ea3a,sudinfo,Sudinfo,news_media,région,Wallonie|Bruxelles,editorial_media,mixed_paywall,sudinfo_rss,Flux principal,actualités|presse|terrain,fr,"La côte belge a eu le vent en poupe cet été: des niveaux d’affluence ont atteint des records sur le littoral, « l’automne s’annonce également très prometteur »",https://www.sudinfo.be/id1186358/article/2026-08-28/la-cote-belge-eu-le-vent-en-poupe-cet-ete-des-niveaux-daffluence-ont-atteint-des,"Le littoral belge a attiré les foules cet été, avec 11,2 millions de nuitées enregistrées, soit 10 % de plus qu’en 2025. La fréquentation à la journée a également progressé, atteignant 6,1 millions de visiteurs sur l’ensemble des vacances.",2026-08-28T08:00:31Z,2026-08-28T14:03:52.325895Z,2026-08-28T14:03:17.045284Z,Belgique,new,1
680c06560d64c27cd0ef3095,sudinfo,Sudinfo,news_media,région,Wallonie|Bruxelles,editorial_media,mixed_paywall,sudinfo_rss,Flux principal,actualités|presse|terrain,fr,« Mariés au premier regard »: un candidat emblématique va participer à une autre célèbre émission de RTL,https://www.sudinfo.be/id1186351/article/2026-08-28/maries-au-premier-regard-un-candidat-emblematique-va-participer-une-autre,"On pourra suivre cette nouvelle aventure télévisuelle dans les prochaines semaines, sur RTL.",2026-08-28T07:57:05Z,2026-08-28T14:03:52.325895Z,2026-08-28T14:03:17.045284Z,Télé,new,1
0e0f0ad3b7d66ea88a8804e8,dhnet,DH Les Sports+,news_media,national,Belgique,editorial_media,mixed_paywall,dhnet_rss,Flux actualités,actualités|presse|Belgique,fr,La Côte belge connaît son meilleur été depuis la crise Covid,https://www.dhnet.be/actu/belgique/2026/08/28/la-cote-belge-connait-son-meilleur-ete-depuis-la-crise-covid-QPLY7VFKZVG3XEMMV22A2KNWKM/,"La Côte belge a connu un été 2026 brillant sur le plan touristique. Avant même la fin des vacances scolaires au nord du pays, le bureau de tourisme provincial Westtoer recense 11,2 millions de nuitées dont un mois record en juillet (5,6 millions de nuitées)....",2026-08-28T07:51:19Z,2026-08-28T14:03:52.325895Z,2026-08-28T14:03:17.464466Z,Belgique,new,1
50f1939ff6d00c62ce0169fb,de_morgen,De Morgen,news_media,national,Belgique,editorial_media,mixed_paywall,de_morgen_rss,In het nieuws,actualités|presse|Belgique,nl,Belgische Céline Cremer (31) om het leven gekomen door ‘samenloop van fouten’ in Tasmanië: betrokkenheid andere persoon uitgesloten na lijkschouwing,https://www.demorgen.be/nieuws/belgische-celine-cremer-31-om-het-leven-gekomen-door-samenloop-van-fouten-in-tasmanie-betrokkenheid-andere-persoon-uitgesloten-na-lijkschouwing~b07768c6/,,2026-08-28T07:45:00Z,2026-08-28T14:03:52.325895Z,2026-08-28T14:03:17.489081Z,,new,1
085861124f33d1874adac1cb,sudinfo,Sudinfo,news_media,région,Wallonie|Bruxelles,editorial_media,mixed_paywall,sudinfo_rss,Flux principal,actualités|presse|terrain,fr,Harry et Meghan Markle de retour au Royaume-Uni: pourquoi William serait loin d’être ravi de cette annonce?,https://www.sudinfo.be/id1186349/article/2026-08-28/harry-et-meghan-markle-de-retour-au-royaume-uni-pourquoi-william-serait-loin,Le prince William n’aurait toujours pas digéré les coups bas de son frère Harry…,2026-08-28T07:42:40Z,2026-08-28T14:03:52.325895Z,2026-08-28T14:03:17.045284Z,People,new,1
542841507c58ac8a0bd668fb,sudinfo,Sudinfo,news_media,région,Wallonie|Bruxelles,editorial_media,mixed_paywall,sudinfo_rss,Flux principal,actualités|presse|terrain,fr,Un terrible concours de circonstances a conduit au décès de Céline Cremer: voici ce que révèle l’autopsie,https://www.sudinfo.be/id1186347/article/2026-08-28/un-terrible-concours-de-circonstances-conduit-au-deces-de-celine-cremer-voici-ce,"Le médecin légiste a conclu à la mort accidentelle de Céline Cremer, disparue en Tasmanie en juin 2023. Selon ses conclusions, la jeune femme de 31 ans s’est égarée après avoir emprunté le mauvais sentier lors d’une randonnée.",2026-08-28T07:35:53Z,2026-08-28T14:03:52.325895Z,2026-08-28T14:03:17.045284Z,Liège Faits divers,new,1
d1abb107a8f77bf762756030,de_morgen,De Morgen,news_media,national,Belgique,editorial_media,mixed_paywall,de_morgen_rss,In het nieuws,actualités|presse|Belgique,nl,"Harald V, een maatschappelijk betrokken staatshoofd, laat het Noorse koningshuis achter in crisis",https://www.demorgen.be/nieuws/harald-v-een-maatschappelijk-betrokken-staatshoofd-laat-het-noorse-koningshuis-achter-in-crisis~b0e1a63e/,,2026-08-28T07:32:00Z,2026-08-28T14:03:52.325895Z,2026-08-28T14:03:17.489081Z,,new,1
e7efa79fc53bd44b2bad8295,sudinfo,Sudinfo,news_media,région,Wallonie|Bruxelles,editorial_media,mixed_paywall,sudinfo_rss,Flux principal,actualités|presse|terrain,fr,"Facebook et Insta vont limiter l’accès aux jeunes: « Un tout petit pas dans la bonne direction, mais… »",https://www.sudinfo.be/id1186346/article/2026-08-28/facebook-et-insta-vont-limiter-lacces-aux-jeunes-un-tout-petit-pas-dans-la-bonne,"Meta, la maison mère, a pris cet engagement à la suite de multiples plaintes aux États-Unis: Facebook et Instagram étaient accusés d’avoir nui à la santé mentale des mineurs. Xavier Degraux, expert des réseaux sociaux, décrypte pour Sudinfo.",2026-08-28T07:30:00Z,2026-08-28T14:03:52.325895Z,2026-08-28T14:03:17.045284Z,Belgique,new,1
7a042cd71ca7fc3857488ab5,dhnet,DH Les Sports+,news_media,national,Belgique,editorial_media,mixed_paywall,dhnet_rss,Flux actualités,actualités|presse|Belgique,fr,"”Mais qu’on nous foute la paix”: l’Horeca et les brasseurs belges vent debout contre une mesure de Frank Vandenbroucke, “une radicalité sanitaire”",https://www.dhnet.be/actu/belgique/2026/08/28/mais-quon-nous-foute-la-paix-lhoreca-et-les-brasseurs-belges-vent-debout-contre-une-mesure-de-frank-vandenbroucke-une-radicalite-sanitaire-GIPDNKJBZBDJJNIR5LGNIKJDDQ/,"Le projet imposant un avertissement sanitaire dans les publicités pour l’alcool provoque une levée de boucliers. Dans une lettre ouverte, plus de 100 brasseurs et des milliers de professionnels dénoncent une mesure culpabilisante. Matthieu Léonard, président de la Fédération Horeca Bruxelles, réclame désormais un moratoire....",2026-08-28T07:29:26Z,2026-08-28T14:03:52.325895Z,2026-08-28T14:03:17.464466Z,Belgique,new,1
388eb3f250f8ecbf1473ae39,vrt_nws,VRT NWS,news_media,communauté,Flandre|Bruxelles,editorial_media,open,vrt_nws_rss,Flux VRT NWS,actualités|presse|Belgique,nl,"Tielt onthult eerste ontwerp van nieuwe kunstencampus: ""Fantastische plek om les te geven en te krijgen""",https://vrtnws.be/p.ewPDJxMWP,"Tielt heeft het 1e ontwerp klaar van de nieuwe kunstencampus, tegenover de Europahal waar nu de muziekacademie is. De school wordt volledig verbouwd en er komen 2 nieuwe vleugels bij, zodat er ruimte is voor alle leerlingen uit de 3 kunstrichtingen: woord, muziek en beeldende kunsten. Nu zitten die verdeeld over zeven plaatsen. De stad hoopt de nieuwe campus in 2030 te openen.",2026-08-28T07:20:16Z,2026-08-28T14:03:52.325895Z,2026-08-28T14:03:19.149230Z,,new,1
b63a87e38c4fbd6bd7d0f516,la_libre,La Libre Belgique,news_media,national,Belgique,editorial_media,mixed_paywall,la_libre_rss,Flux Belgique,actualités|presse|Belgique,fr,"L’Université de Gand est-elle de gauche? ""Certains hésiteront peut-être à s'exprimer""",https://www.lalibre.be/belgique/societe/2026/08/28/luniversite-de-gand-est-elle-de-gauche-BYSTAL2GG5EWXHMY5H3TUKVGMM/,"Pour Alain Van Hiel (UGent), la diversité idéologique est essentielle pour maintenir la confiance de la société dans la recherche scientifique....",2026-08-28T07:16:28Z,2026-08-28T14:03:52.325895Z,2026-08-28T14:03:16.960170Z,Société,new,1
b0593682bac3f25b82f52246,sudinfo,Sudinfo,news_media,région,Wallonie|Bruxelles,editorial_media,mixed_paywall,sudinfo_rss,Flux principal,actualités|presse|terrain,fr,Biopic sur Johnny: nouveau coup dur pour Laeticia Hallyday,https://www.sudinfo.be/id1186345/article/2026-08-28/biopic-sur-johnny-nouveau-coup-dur-pour-laeticia-hallyday,"Après le changement d’acteur pour le premier rôle, Laeticia Hallyday doit faire face à une autre déconvenue…",2026-08-28T07:12:57Z,2026-08-28T14:03:52.325895Z,2026-08-28T14:03:17.045284Z,Cinéma,new,1
97ec204ec90240ba244bcba3,sudinfo,Sudinfo,news_media,région,Wallonie|Bruxelles,editorial_media,mixed_paywall,sudinfo_rss,Flux principal,actualités|presse|terrain,fr,"Astrologie: amour, bien-être, travail… votre horoscope du 28 août au 3 septembre par Patricia Millis",https://www.sudinfo.be/id1186344/article/2026-08-28/astrologie-amour-bien-etre-travail-votre-horoscope-du-28-aout-au-3-septembre-par,"Découvrez ce que les astres vous réservent avec votre horoscope de la semaine, du vendredi 28 août au jeudi 3 septembre, par l’astrologue Patricia Millis.",2026-08-28T07:12:07Z,2026-08-28T14:03:52.325895Z,2026-08-28T14:03:17.045284Z,Ciné-Télé-Revue et moi,new,1
b1f0f2430a766060344b1a81,de_morgen,De Morgen,news_media,national,Belgique,editorial_media,mixed_paywall,de_morgen_rss,In het nieuws,actualités|presse|Belgique,nl,"‘GTA VI’, de heilige graal van videogames, wordt ongemakkelijk echt",https://www.demorgen.be/tv-cultuur/gta-vi-de-heilige-graal-van-videogames-wordt-ongemakkelijk-echt~b78b8537/,,2026-08-28T07:11:00Z,2026-08-28T14:03:52.325895Z,2026-08-28T14:03:17.489081Z,,new,1
39ab33e9c44facb40fd9dc7b,dhnet,DH Les Sports+,news_media,national,Belgique,editorial_media,mixed_paywall,dhnet_rss,Flux actualités,actualités|presse|Belgique,fr,"Inondations au Népal et au Tibet: la police lance une alerte aux inondations, le bilan des victimes de la crue au Népal monte à 547 morts",https://www.dhnet.be/actu/monde/2026/08/28/inondations-au-nepal-et-au-tibet-la-police-lance-une-alerte-aux-inondations-a-la-suite-de-la-rupture-dun-lac-7PQDRLYNQREDNBBSEZA4DPDPXU/,La police népalaise a lancé vendredi une alerte aux inondations après avoir été informée de la rupture sur le territoire chinois du Tibet d'un lac créé par l'effondrement du glacier à l'origine il y a deux jours de la crue dévastatrice qui a fait près de 500 morts....,2026-08-28T07:10:52Z,2026-08-28T14:03:52.325895Z,2026-08-28T14:03:17.464466Z,Monde,new,1
34f9fed71e129a00b8dbe384,de_morgen,De Morgen,news_media,national,Belgique,editorial_media,mixed_paywall,de_morgen_rss,In het nieuws,actualités|presse|Belgique,nl,"Live – Canadese premier niet onder de indruk van Trumps ‘Amerikameer’ • Personen die Trumps golfbaan in Schotland beschadigden, beschuldigd van ‘terreurlink’",https://www.demorgen.be/snelnieuws/live-canadese-premier-lijkt-niet-onder-de-indruk-van-besluit-trump-om-amerikameer-te-maken-van-ontariomeer~b13cc951/,,2026-08-28T07:06:00Z,2026-08-28T14:03:52.325895Z,2026-08-28T14:03:17.489081Z,,new,1
acf6308ff213aadf58758a16,sudinfo,Sudinfo,news_media,région,Wallonie|Bruxelles,editorial_media,mixed_paywall,sudinfo_rss,Flux principal,actualités|presse|terrain,fr,Ecolo demande d’investir 1 % du PIB dans l’urgence climatique: le parti dévoile ses pistes pour y parvenir,https://www.sudinfo.be/id1186342/article/2026-08-28/ecolo-demande-dinvestir-1-du-pib-dans-lurgence-climatique-le-parti-devoile-ses,"Le parti écologiste francophone veut consacrer chaque année 1 % du PIB belge à la lutte contre le dérèglement climatique, qu’il considère désormais comme un enjeu de sécurité nationale. Pour financer cet effort, Ecolo avance plusieurs pistes, notamment la réorientation.",2026-08-28T07:04:50Z,2026-08-28T14:03:52.325895Z,2026-08-28T14:03:17.045284Z,Politique,new,1
34617f0c8bb3fff0c2f7b05a,dhnet,DH Les Sports+,news_media,national,Belgique,editorial_media,mixed_paywall,dhnet_rss,Flux actualités,actualités|presse|Belgique,fr,Mons: Six mois ferme pour avoir diffusé une photo intime de sa compagne,https://www.dhnet.be/regions/mons/borinage/2026/08/28/mons-six-mois-ferme-pour-avoir-diffuse-une-photo-intime-de-sa-compagne-JKGE6NCAHJAPXGZAVRB36FT7FU/,"Sur opposition, son avocat plaide l’acquittement car la photo ne serait pas si explicite....",2026-08-28T07:01:00Z,2026-08-28T14:03:52.325895Z,2026-08-28T14:03:17.464466Z,Borinage,new,1
b347a42a0b1c9cc7e9bc6b59,vrt_nws,VRT NWS,news_media,communauté,Flandre|Bruxelles,editorial_media,open,vrt_nws_rss,Flux VRT NWS,actualités|presse|Belgique,nl,"'GTA VI' toont eerste beelden op Netflix: ""Grotesk en indrukwekkend""",https://vrtnws.be/p.11vxM6plp,"Op streamingdienst Netflix is voor het eerst een uitgebreide trailer getoond van het langverwachte videospel 'Grand Theft Auto VI'. Rockstar Games is daarmee de eerste gamestudio die een trailer toont op een streamingdienst. Fans wachten al 13 jaar op 'GTA VI', maar zullen nog tot 19 november geduld moeten hebben.",2026-08-28T06:57:29Z,2026-08-28T14:03:52.325895Z,2026-08-28T14:03:19.149230Z,,new,1
ef37f3f0dade0b607238a34a,vrt_nws,VRT NWS,news_media,communauté,Flandre|Bruxelles,editorial_media,open,vrt_nws_rss,Flux VRT NWS,actualités|presse|Belgique,nl,Sporters in Nationaal Park Bosland investeren mee in broedplaats voor kwetsbare oeverzwaluw in Lommelse Sahara,https://vrtnws.be/p.mR0NPMj97,Aan de waterkant van de Lommelse Sahara komt deze winter een kunstmatige broedwand voor oeverzwaluwen. Sporters die deelnemen aan betalende evenementen in Nationaal Park Bosland helpen het project mee te financieren.,2026-08-28T06:55:25Z,2026-08-28T14:03:52.325895Z,2026-08-28T14:03:19.149230Z,,new,1
aaa1670e52246fd0de3bdf38,rtbf_info,RTBF Info,news_media,communauté,Wallonie|Bruxelles,editorial_media,open,rtbf_info_rss,Flux RTBF Info,actualités|presse|Belgique,fr,Norvège: le roi Harald V est mort à l'âge de 89 ans,https://www.rtbf.be/article/norvege-le-roi-harald-v-est-mort-a-l-age-de-89-ans-11776485,"""C'est avec une profonde tristesse que nous annonçons que Sa Majesté le roi Harald nous a quittés aujourd'hui. Le roi...",2026-08-28T06:53:34Z,2026-08-28T14:03:52.325895Z,2026-08-28T14:03:19.358990Z,,new,1
a4e8425ea07ceb8b2cdd36a2,sudinfo,Sudinfo,news_media,région,Wallonie|Bruxelles,editorial_media,mixed_paywall,sudinfo_rss,Flux principal,actualités|presse|terrain,fr,"Hermès, Chanel, Louis Vuitton, Balenciaga: ce commerce de Liège vendait des contrefaçons, un individu privé de liberté! (photos)",https://www.sudinfo.be/id1186334/article/2026-08-28/hermes-chanel-louis-vuitton-balenciaga-ce-commerce-de-liege-vendait-des,"Des centaines de vêtements, des dizaines de sacs et une trentaine de montres et bijoux: une boutique de produits de luxe contrefaits a été démantelée à Liège. Son stock a été saisi.",2026-08-28T06:50:44Z,2026-08-28T14:03:52.325895Z,2026-08-28T14:03:17.045284Z,Liège Faits divers,new,1
80491644daa02c81c8e022ef,vrt_nws,VRT NWS,news_media,communauté,Flandre|Bruxelles,editorial_media,open,vrt_nws_rss,Flux VRT NWS,actualités|presse|Belgique,nl,Limburgse brandweer zoekt bijna 50 extra krachten en legt wervingsreserves aan,https://vrtnws.be/p.93XyG7EQR,De 3 Limburgse hulpverleningszones zijn op zoek naar extra medewerkers om hun korpsen te versterken. Naast het aanleggen van wervingsreserves zoeken de zones ook brandweerlieden en ambulanciers die onmiddellijk aan de slag kunnen.,2026-08-28T06:50:29Z,2026-08-28T14:03:52.325895Z,2026-08-28T14:03:19.149230Z,,new,1
e4c1fc0b4096b054147f1efb,dhnet,DH Les Sports+,news_media,national,Belgique,editorial_media,mixed_paywall,dhnet_rss,Flux actualités,actualités|presse|Belgique,fr,Le roi Harald V de Norvège est mort à l'âge de 89 ans,https://www.dhnet.be/actu/monde/2026/08/28/le-roi-harald-v-de-norvege-est-mort-a-lage-de-89-ans-VDK7T6I56RE27GH4HGSLR5H3KY/,L'information a été confirmée ce vendredi matin....,2026-08-28T06:48:15Z,2026-08-28T14:03:52.325895Z,2026-08-28T14:03:17.464466Z,Monde,new,1
ac8223fab862896164d91bc2,vrt_nws,VRT NWS,news_media,communauté,Flandre|Bruxelles,editorial_media,open,vrt_nws_rss,Flux VRT NWS,actualités|presse|Belgique,nl,"Inwoners Nazareth krijgen uitleg over terugkeercentrum aan E17: zorgen over veiligheid, maar ""laten we het een kans geven""",https://vrtnws.be/p.oL1DdLm4a,In Nazareth hebben inwoners gisteravond uitleg gekregen over het Europees terugkeercentrum dat de Dienst Vreemdelingenzaken plant in het Van der Valk-hotel. In het centrum zullen 300 mensen kunnen verblijven.,2026-08-28T06:42:50Z,2026-08-28T14:03:52.325895Z,2026-08-28T14:03:19.149230Z,,new,1
4c5366f3189a65ab84491186,sudinfo,Sudinfo,news_media,région,Wallonie|Bruxelles,editorial_media,mixed_paywall,sudinfo_rss,Flux principal,actualités|presse|terrain,fr,"« Il est temps pour moi de quitter ‘Tout beau, tout n9uf’ »: un chroniqueur annonce son départ de l’émission de Cyril Hanouna",https://www.sudinfo.be/id1186332/article/2026-08-28/il-est-temps-pour-moi-de-quitter-tout-beau-tout-n9uf-un-chroniqueur-annonce-son,Une page se tourne pour le chroniqueur qui était présent dans l’émission depuis cinq ans.,2026-08-28T06:42:06Z,2026-08-28T14:03:52.325895Z,2026-08-28T14:03:17.045284Z,Télé,new,1
d05a8556ead50f905fa10c98,vrt_nws,VRT NWS,news_media,communauté,Flandre|Bruxelles,editorial_media,open,vrt_nws_rss,Flux VRT NWS,actualités|presse|Belgique,nl,Oud bedrijfspand in Sint-Pieters-Leeuw maakt plaats voor groene zone en extra waterbuffering langs Vogelzangbeek,https://vrtnws.be/p.KKX4lxG3a,Een voormalig bedrijfspand aan de Oudstrijdersstraat in Sint-Pieters-Leeuw wordt de komende maanden omgevormd tot een groene zone. De gemeente onthardt de zone om extra waterbuffering te creëren aan de Vogelzangbeek.,2026-08-28T06:41:40Z,2026-08-28T14:03:52.325895Z,2026-08-28T14:03:19.149230Z,,new,1
72e4ec83fbbfff97dfe5585f,sudinfo,Sudinfo,news_media,région,Wallonie|Bruxelles,editorial_media,mixed_paywall,sudinfo_rss,Flux principal,actualités|presse|terrain,fr,"Harald V, roi de Norvège et cousin d’Albert II, est décédé à 89 ans",https://www.sudinfo.be/id1186331/article/2026-08-28/harald-v-roi-de-norvege-et-cousin-dalbert-ii-est-decede-89-ans,"Le roi Harald V de Norvège est décédén, a annoncé le palais royal. Il était âgé de 89 ans.",2026-08-28T06:40:47Z,2026-08-28T14:03:52.325895Z,2026-08-28T14:03:17.045284Z,Monde,new,1
bd1a0fabb39c36bdfe79a066,la_libre,La Libre Belgique,news_media,national,Belgique,editorial_media,mixed_paywall,la_libre_rss,Flux Belgique,actualités|presse|Belgique,fr,Épreuve de révision Antidote n°251: testez votre orthographe en retrouvant les 5 fautes,https://www.lalibre.be/belgique/enseignement/epreuve-revision/2026/08/28/epreuve-de-revision-antidote-n251-testez-votre-orthographe-en-retrouvant-les-5-fautes-3VAWJ2FXBVF6ZCC2R7QFVZM4F4/,"Antidote est le plus grand logiciel d'aide à la rédaction du français avec son correcteur avancé, ses riches dictionnaires et ses guides linguistiques détaillés. Antidote vous suit partout: à l'école, au travail et à la maison....",2026-08-28T06:40:00Z,2026-08-28T14:03:52.325895Z,2026-08-28T14:03:16.960170Z,Épreuve de révision,new,1
c204d21d581c7520cc5f5067,vrt_nws,VRT NWS,news_media,communauté,Flandre|Bruxelles,editorial_media,open,vrt_nws_rss,Flux VRT NWS,actualités|presse|Belgique,nl,"Massadonor uit Groningen verwekt meer dan 100 kinderen via ziekenhuizen en websites: ""Hij is nog steeds actief""",https://vrtnws.be/p.APXl8KvK6,"Een man van 43 uit de regio Groningen heeft doelbewust als spermadonor meer dan 100 kinderen verwekt, en hij is nog altijd actief. Dat meldt het Nederlandse programma Nieuwsuur. ""Deze man moet gestopt worden"", klinkt het bij de Stichting Donorkind en de getroffen moeders. In ons land zou de man mogelijk 6 kinderen hebben.",2026-08-28T06:34:57Z,2026-08-28T14:03:52.325895Z,2026-08-28T14:03:19.149230Z,,new,1
05f3321b2c96b9e9c900ceed,sudinfo,Sudinfo,news_media,région,Wallonie|Bruxelles,editorial_media,mixed_paywall,sudinfo_rss,Flux principal,actualités|presse|terrain,fr,"Après la France, un autre pays européen connaît également une précocité record pour ses vendanges, « certains vignerons ont même écourté leurs vacances »",https://www.sudinfo.be/id1186329/article/2026-08-28/apres-la-france-un-autre-pays-europeen-connait-egalement-une-precocite-record,"Les vendanges ont débuté à une vitesse record en Allemagne, conséquence d’un été particulièrement chaud. Si la qualité des raisins s’annonce bonne, les rendements devraient être plus faibles que la moyenne en raison de grappes plus petites.",2026-08-28T06:33:12Z,2026-08-28T14:03:52.325895Z,2026-08-28T14:03:17.045284Z,Monde,new,1
5683b670ed536ec3f94c2b98,rtbf_info,RTBF Info,news_media,communauté,Wallonie|Bruxelles,editorial_media,open,rtbf_info_rss,Flux RTBF Info,actualités|presse|Belgique,fr,"10 milliards à trouver et des taux obligataires en hausse, un nouveau casse-tête pour le gouvernement De Wever",https://www.rtbf.be/article/10-milliards-a-trouver-et-des-taux-obligataires-en-hausse-un-nouveau-casse-tete-pour-le-gouvernement-de-wever-11776456,"Les États n’ont jamais payé aussi cher pour emprunter. En Belgique, cette situation risque de compliquer sérieusement...",2026-08-28T06:27:50Z,2026-08-28T14:03:52.325895Z,2026-08-28T14:03:19.358990Z,MATIN PREMIERE,new,1
3ea841bcff82aedb3f984be6,dhnet,DH Les Sports+,news_media,national,Belgique,editorial_media,mixed_paywall,dhnet_rss,Flux actualités,actualités|presse|Belgique,fr,Météo: un vent ébouriffant sous un ciel menaçant,https://www.dhnet.be/actu/belgique/2026/08/28/meteo-un-vent-ebouriffant-sous-un-ciel-menacant-3J6ENGQSIVGRTDTV2KXROR7FW4/,"Le ciel ne nous tombera certes pas sur la tête mais il grondera, tandis que le vent soulèvera les chevelures ébouriffées....",2026-08-28T06:27:42Z,2026-08-28T14:03:52.325895Z,2026-08-28T14:03:17.464466Z,Belgique,new,1
ad4f69d20bc84ce7f3579833,sudinfo,Sudinfo,news_media,région,Wallonie|Bruxelles,editorial_media,mixed_paywall,sudinfo_rss,Flux principal,actualités|presse|terrain,fr,Elles sont de retour dans nos maisons: cette erreur à ne plus commettre lorsqu’on se débarrasse d’une araignée,https://www.sudinfo.be/id1186326/article/2026-08-28/elles-sont-de-retour-dans-nos-maisons-cette-erreur-ne-plus-commettre-lorsquon-se,"À l’approche de l’automne, elles semblent soudainement réapparaître dans tous les coins de la maison. Mais si les araignées sont davantage visibles à cette période, ce n’est pas forcément parce qu’elles sont plus nombreuses. Et attention à la manière dont vous tentez de vous en débarrasser.",2026-08-28T06:16:40Z,2026-08-28T14:03:52.325895Z,2026-08-28T14:03:17.045284Z,Vie quotidienne,new,1
51a3d1b0cbe9cf181807751d,sudinfo,Sudinfo,news_media,région,Wallonie|Bruxelles,editorial_media,mixed_paywall,sudinfo_rss,Flux principal,actualités|presse|terrain,fr,"Inondations au Népal et au Tibet: le bilan monte à 547 morts, les secours accèdent au cœur de la zone dévastée (direct)",https://www.sudinfo.be/id1186325/article/2026-08-28/inondations-au-nepal-et-au-tibet-le-bilan-monte-547-morts-les-secours-accedent,"De violentes crues ont frappé le Népal, faisant de nombreuses victimes et d’importants dégâts dans plusieurs régions du pays. Les secours sont mobilisés pour venir en aide aux populations touchées et retrouver les personnes portées disparues.",2026-08-28T06:16:34Z,2026-08-28T14:03:52.325895Z,2026-08-28T14:03:17.045284Z,Monde,new,1
424f3ba6672ce404ba2cf0fe,vrt_nws,VRT NWS,news_media,communauté,Flandre|Bruxelles,editorial_media,open,vrt_nws_rss,Flux VRT NWS,actualités|presse|Belgique,nl,"""We waren in slaap gevallen"": passagier van vrachtwagen getuigt over crash in beschermd herenhuis in Booischot",https://vrtnws.be/p.RayXoyLoM,"In het centrum van Booischot (Heist-op-den-Berg) is vanmorgen een vrachtwagen met daarop een paar kleine heftrucks een historisch herenhuis binnengereden. De vrachtwagen ramde ook een auto die er geparkeerd stond. Er vielen geen slachtoffers, de bewoners waren niet thuis toen het ongeval gebeurde. Volgens de passagier van de vrachtwagen waren hij en de bestuurder in slaap gevallen. ""Ik herinner me alleen dat er glas en stof langs mijn hoofd vlogen.""",2026-08-28T06:15:54Z,2026-08-28T14:03:52.325895Z,2026-08-28T14:03:19.149230Z,,new,1
dafebda242abc18e1c8cf767,sudinfo,Sudinfo,news_media,région,Wallonie|Bruxelles,editorial_media,mixed_paywall,sudinfo_rss,Flux principal,actualités|presse|terrain,fr,« C’est tellement excitant »: Angèle dévoile la pochette de son troisième album « Instinct » et son tout nouveau single « Une seule vie » (vidéo),https://www.sudinfo.be/id1186323/article/2026-08-28/cest-tellement-excitant-angele-devoile-la-pochette-de-son-troisieme-album,La chanteuse belge fera son grand retour avec un troisième album le 16 octobre prochain.,2026-08-28T06:12:16Z,2026-08-28T14:03:52.325895Z,2026-08-28T14:03:17.045284Z,Musique,new,1
76471bfcedc9a55a9b42640a,dhnet,DH Les Sports+,news_media,national,Belgique,editorial_media,mixed_paywall,dhnet_rss,Flux actualités,actualités|presse|Belgique,fr,Un conducteur interpellé par des policiers lourdement armés dans un carrefour: “C’était dans le cadre d’une enquête antidrogue menée depuis Bruxelles”,https://www.dhnet.be/actu/belgique/2026/08/28/un-conducteur-interpelle-par-des-policiers-lourdement-armes-dans-un-carrefour-cetait-dans-le-cadre-dune-enquete-antidrogue-menee-depuis-bruxelles-B6CED4M57VA6PGTYSWBDYF6SBU/,L’homme a été arrêté par la police en plein milieu de la circulation....,2026-08-28T06:11:15Z,2026-08-28T14:03:52.325895Z,2026-08-28T14:03:17.464466Z,Belgique,new,1
7c68d4ebedc09e5d4f1120c5,sudinfo,Sudinfo,news_media,région,Wallonie|Bruxelles,editorial_media,mixed_paywall,sudinfo_rss,Flux principal,actualités|presse|terrain,fr,Un navire débourse plus de 4 millions d’euros pour passer le canal de Panama: El Niño serait responsable de ce montant record,https://www.sudinfo.be/id1186322/article/2026-08-28/un-navire-debourse-plus-de-4-millions-deuros-pour-passer-le-canal-de-panama-el,"Le manque d’eau lié à El Niño pousse les navires à payer toujours plus cher pour franchir rapidement le canal de Panama. Un bateau transportant du gaz a ainsi déboursé un montant record de 5,3 millions de dollars pour obtenir un passage prioritaire.",2026-08-28T06:09:44Z,2026-08-28T14:03:52.325895Z,2026-08-28T14:03:17.045284Z,Monde,new,1
08de4e1b3479bb83007e3ba4,la_libre,La Libre Belgique,news_media,national,Belgique,editorial_media,mixed_paywall,la_libre_rss,Flux Belgique,actualités|presse|Belgique,fr,Grève chez Letec: voici les perturbations sur le réseau ce vendredi matin,https://www.lalibre.be/belgique/mobilite/2026/08/28/greve-chez-letec-voici-les-perturbations-sur-le-reseau-ce-vendredi-matin-EMKJCWJQRFH4NBHSLPZW3D3L24/,"Le mouvement de grève continue de perturber le réseau Letec vendredi, avec une situation très variable selon les régions et un retour à la normale espéré samedi....",2026-08-28T06:09:12Z,2026-08-28T14:03:52.325895Z,2026-08-28T14:03:16.960170Z,Mobilité,new,1
93797a0780e6bea616467521,vrt_nws,VRT NWS,news_media,communauté,Flandre|Bruxelles,editorial_media,open,vrt_nws_rss,Flux VRT NWS,actualités|presse|Belgique,nl,"Minder auto's, meer fietsers en leefruimte: hoe het circulatieplan Leuven in 10 jaar heeft veranderd",https://vrtnws.be/p.VLy153EyB,"Leuven kreeg door het 10-jarig circulatieplan minder auto's, meer fietsers en een andere indeling van de stad. In 2016 gooide het bestuur het stadsverkeer helemaal om met het plan. Dat leidde eerst tot heel wat protest, maar vandaag lijkt het plan volledig ingeburgerd. Toch blijven discussies over winkelen en parkeren leven.",2026-08-28T05:51:46Z,2026-08-28T14:03:52.325895Z,2026-08-28T14:03:19.149230Z,,new,1
227da59dc7f99129f26ec30f,sudinfo,Sudinfo,news_media,région,Wallonie|Bruxelles,editorial_media,mixed_paywall,sudinfo_rss,Flux principal,actualités|presse|terrain,fr,Vol spectaculaire dans un musée à Vienne: un précieux collier d’une valeur de plusieurs millions d’euros disparaît en plein jour,https://www.sudinfo.be/id1186318/article/2026-08-28/vol-spectaculaire-dans-un-musee-vienne-un-precieux-collier-dune-valeur-de,"Deux hommes masqués se sont emparés d’un précieux bijou exposé dans un musée viennois avant de prendre la fuite. Le collier, signé Van Cleef & Arpels, pourrait compter 673 diamants pour une valeur de plusieurs millions de dollars.",2026-08-28T05:44:38Z,2026-08-28T14:03:52.325895Z,2026-08-28T14:03:17.045284Z,Monde,new,1
ecbd8877253db284ae939475,de_morgen,De Morgen,news_media,national,Belgique,editorial_media,mixed_paywall,de_morgen_rss,In het nieuws,actualités|presse|Belgique,nl,Zijn ze te stil? Elektrische auto’s vaker betrokken in ongevallen met kwetsbare weggebruikers,https://www.demorgen.be/nieuws/zijn-ze-te-stil-elektrische-auto-s-vaker-betrokken-in-ongevallen-met-kwetsbare-weggebruikers~b6f48687/,,2026-08-28T05:39:00Z,2026-08-28T14:03:52.325895Z,2026-08-28T14:03:17.489081Z,,new,1
7b8f0c30073fe63c3db2cdc7,de_standaard,De Standaard,news_media,national,Belgique,editorial_media,mixed_paywall,de_standaard_rss,Binnenland,actualités|presse|Belgique,nl,Zo zag de gedeeltelijke maansverduistering eruit,https://www.standaard.be/binnenland/zo-zag-de-gedeeltelijke-maansverduistering-eruit/160577824.html,"In de vroege uren van vrijdag trok de maan door de schaduw van de aarde, waardoor ze grotendeels verduisterd was.",2026-08-28T05:36:25Z,2026-08-28T14:03:52.325895Z,2026-08-28T14:03:17.986125Z,Binnenland,new,1
5002dae939477daf12c7f302,la_libre,La Libre Belgique,news_media,national,Belgique,editorial_media,mixed_paywall,la_libre_rss,Flux Belgique,actualités|presse|Belgique,fr,"Météo: averses, orages et fortes rafales... à quoi s’attendre ce vendredi",https://www.lalibre.be/belgique/societe/2026/08/28/meteo-averses-orages-et-fortes-rafales-a-quoi-sattendre-ce-vendredi-AUANUFDCDVHDHPTXCVOEVCZ564/,"Averses parfois orageuses, fortes rafales et éclaircies rythmeront vendredi, avec des températures maximales comprises entre 19 et 24°C....",2026-08-28T05:33:13Z,2026-08-28T14:03:52.325895Z,2026-08-28T14:03:16.960170Z,Société,new,1
c6a4c9b9d75dfebf47f26cf9,de_morgen,De Morgen,news_media,national,Belgique,editorial_media,mixed_paywall,de_morgen_rss,In het nieuws,actualités|presse|Belgique,nl,Zo zag de gedeeltelijke maansverduistering er vannacht uit,https://www.demorgen.be/nieuws/zo-zag-de-gedeeltelijke-maansverduistering-er-vannacht-uit~b746fecf/,,2026-08-28T05:27:00Z,2026-08-28T14:03:52.325895Z,2026-08-28T14:03:17.489081Z,,new,1
7297d7046d0e9aa7069f02b6,dhnet,DH Les Sports+,news_media,national,Belgique,editorial_media,mixed_paywall,dhnet_rss,Flux actualités,actualités|presse|Belgique,fr,"Trump signe un décret changeant le nom du ""lac Ontario"" en ""lac d'Amérique""",https://www.dhnet.be/actu/monde/2026/08/28/trump-signe-un-decret-changeant-le-nom-du-lac-ontario-en-lac-damerique-4C7S5ZNDHJHEHN73JDC7AWQXXA/,"Donald Trump, engagé dans une confrontation commerciale avec le Canada, a signé jeudi un décret qui selon lui change ""immédiatement"" le nom du ""lac Ontario"", situé à la frontière américano-canadienne, en ""lac d'Amérique"", s'attirant les protestations du Premier ministre canadien....",2026-08-28T05:25:21Z,2026-08-28T14:03:52.325895Z,2026-08-28T14:03:17.464466Z,Monde,new,1
fbcd07e1f6a82eda3e587d6f,de_morgen,De Morgen,news_media,national,Belgique,editorial_media,mixed_paywall,de_morgen_rss,In het nieuws,actualités|presse|Belgique,nl,Bewoners Ceuta keren zich tegen migranten: hutjes in brand gestoken en hulpkonvooi Rode Kruis geblokkeerd,https://www.demorgen.be/nieuws/bewoners-ceuta-keren-zich-tegen-migranten-hutjes-in-brand-gestoken-en-hulpkonvooi-rode-kruis-geblokkeerd~b6e5358c/,,2026-08-28T05:10:00Z,2026-08-28T14:03:52.325895Z,2026-08-28T14:03:17.489081Z,,new,1
c692f0b089f843ad6aa78d2c,rtbf_info,RTBF Info,news_media,communauté,Wallonie|Bruxelles,editorial_media,open,rtbf_info_rss,Flux RTBF Info,actualités|presse|Belgique,fr,"Nouveau Code pénal, logopédie en visio, avoirs dormants… Voici ce qui change ce 1er septembre",https://www.rtbf.be/article/nouveau-code-penal-logopedie-en-visio-avoirs-dormants-voici-ce-qui-change-ce-1er-septembre-11775967,"Le nouveau Code pénal entre en vigueur le 1er septembre, près de 160 ans après l’adoption de son prédécesseur. Le...",2026-08-28T05:00:29Z,2026-08-28T14:03:52.325895Z,2026-08-28T14:03:19.358990Z,,new,1
f51d9c11bdf3080d829cb385,rtbf_info,RTBF Info,news_media,communauté,Wallonie|Bruxelles,editorial_media,open,rtbf_info_rss,Flux RTBF Info,actualités|presse|Belgique,fr,Grève sur le réseau Letec: la circulation des bus encore perturbée ce vendredi matin en Wallonie,https://www.rtbf.be/article/greve-sur-le-reseau-letec-la-circulation-des-bus-encore-perturbee-ce-vendredi-matin-en-wallonie-11776451,"En région liégeoise, près d'un voyage sur deux est supprimé. La situation est toutefois contrastée selon les lignes et...",2026-08-28T04:56:01Z,2026-08-28T14:03:52.325895Z,2026-08-28T14:03:19.358990Z,,new,1
8a1481b9a558ae6595fd6a32,dhnet,DH Les Sports+,news_media,national,Belgique,editorial_media,mixed_paywall,dhnet_rss,Flux actualités,actualités|presse|Belgique,fr,"""C’est qui ce nain de jardin"", ""Petit connard qui a encore du lait à la bouche"": ces élus considérés comme trop jeunes pour faire de la politique",https://www.dhnet.be/actu/belgique/2026/08/28/cest-qui-ce-nain-de-jardin-petit-connard-qui-a-encore-du-lait-a-la-bouche-ces-elus-consideres-comme-trop-jeunes-pour-faire-de-la-politique-Z7G4HLFNIZD6PFN3CDH5SHATMM/,L’âgisme en politique est une tare que connaissent de nombreux jeunes élus. Certains en ont marre d’être insultés pour leur âge plutôt que pour leurs idées....,2026-08-28T04:49:47Z,2026-08-28T14:03:52.325895Z,2026-08-28T14:03:17.464466Z,Belgique,new,1
8c24036c710e30094fe6b925,de_morgen,De Morgen,news_media,national,Belgique,editorial_media,mixed_paywall,de_morgen_rss,In het nieuws,actualités|presse|Belgique,nl,Amerikaanse ambassadeur zaait twijfel over zaak-Cofnas na onderhoud met UGent-rector De Sutter: ‘Ik kijk uit naar de verdere samenwerking’,https://www.demorgen.be/nieuws/amerikaanse-ambassadeur-zaait-twijfel-over-zaak-cofnas-na-onderhoud-met-ugent-rector-de-sutter-ik-kijk-uit-naar-de-verdere-samenwerking~b6c9b4b3/,,2026-08-28T04:45:00Z,2026-08-28T14:03:52.325895Z,2026-08-28T14:03:17.489081Z,,new,1
ef9d5a09a6cfd842cb447000,la_libre,La Libre Belgique,news_media,national,Belgique,editorial_media,mixed_paywall,la_libre_rss,Flux Belgique,actualités|presse|Belgique,fr,”C’est impressionnant”: l’esplanade de l’Abbaye de Maredsous se prépare à accueillir un festival de musique,https://www.lalibre.be/belgique/societe/2026/08/28/cest-impressionnant-lesplanade-de-labbaye-de-maredsous-se-prepare-a-accueillir-un-festival-de-musique-NPVRFR2J4VDOJPRRZIWP6BPPAY/,La première édition du “Maredsous Sound Festival” se tiendra ce week-end....,2026-08-28T04:36:36Z,2026-08-28T14:03:52.325895Z,2026-08-28T14:03:16.960170Z,Société,new,1
f8ca6c7cbc45ba1b27a6b380,la_libre,La Libre Belgique,news_media,national,Belgique,editorial_media,mixed_paywall,la_libre_rss,Flux Belgique,actualités|presse|Belgique,fr,"Les substituts à la nicotine jusqu'à quatre fois plus chers en Belgique qu'en France: ""Il y a une double influence""",https://www.lalibre.be/belgique/politique-belge/2026/08/28/les-substituts-a-la-nicotine-jusqua-quatre-fois-plus-chers-en-belgique-quen-france-il-y-a-une-double-influence-BJ62FZPV6FGPRP7RBALO24WOQA/,La taille du marché belge nous place en position de faiblesse face aux sociétés pharmaceutiques....,2026-08-28T04:36:09Z,2026-08-28T14:03:52.325895Z,2026-08-28T14:03:16.960170Z,Politique belge,new,1
0405c5174e055ad135518acc,la_libre,La Libre Belgique,news_media,national,Belgique,editorial_media,mixed_paywall,la_libre_rss,Flux Belgique,actualités|presse|Belgique,fr,Écolo propose d’investir 1 % du PIB belge par an dans la lutte contre le dérèglement climatique,https://www.lalibre.be/belgique/politique-belge/2026/08/28/ecolo-propose-dinvestir-1-du-pib-belge-par-an-dans-la-lutte-contre-le-dereglement-climatique-C3HGGARQQFFVJGYWNMBEVVLCBA/,"Gilles Vanden Burre, coprésident des verts, propose un plan d’urgence climatique qui impliquerait tous les niveaux de pouvoir, des communes à l’État fédéral....",2026-08-28T04:34:23Z,2026-08-28T14:03:52.325895Z,2026-08-28T14:03:16.960170Z,Politique belge,new,1
ef9da462e35bc5163d6975b2,la_libre,La Libre Belgique,news_media,national,Belgique,editorial_media,mixed_paywall,la_libre_rss,Flux Belgique,actualités|presse|Belgique,fr,"”Pour être clair, oui, la question de la grève générale sera posée”: la détermination de Marie-Hélène Ska (CSC) et Selena Carbonero Fernandez (FGTB)",https://www.lalibre.be/belgique/2026/08/28/pour-etre-clair-oui-la-question-de-la-greve-generale-sera-posee-la-determination-de-marie-helene-ska-csc-et-selena-carbonero-fernandez-fgtb-KVDNNRQOBVG5XHI66H5AZ46PEA/,"Alors que se profile un exercice budgétaire fédéral douloureux, les syndicats chrétien et socialiste annoncent qu’ils ne resteront pas les bras croisés. L’automne social s’annonce chaud. La grève générale menace…...",2026-08-28T04:34:01Z,2026-08-28T14:03:52.325895Z,2026-08-28T14:03:16.960170Z,Belgique,new,1
89a659605a6deb88752ca93e,rtbf_info,RTBF Info,news_media,communauté,Wallonie|Bruxelles,editorial_media,open,rtbf_info_rss,Flux RTBF Info,actualités|presse|Belgique,fr,"Nouvelle philosophie, nouvelles incriminations, plus de lisibilité: le nouveau Code pénal entre en vigueur ce 1er septembre",https://www.rtbf.be/article/nouvelle-philosophie-nouvelles-incriminations-plus-de-lisibilite-le-nouveau-code-penal-entre-en-vigueur-ce-1er-septembre-11693284,"Après dix ans de travaux et un report décidé en avril dernier, le nouveau Code pénal entre finalement en vigueur ce...",2026-08-28T04:04:43Z,2026-08-28T14:03:52.325895Z,2026-08-28T14:03:19.358990Z,,new,1
9f362b6a4c7889345388a691,rtbf_info,RTBF Info,news_media,communauté,Wallonie|Bruxelles,editorial_media,open,rtbf_info_rss,Flux RTBF Info,actualités|presse|Belgique,fr,Six mois de guerre entre les Etats-Unis et l’Iran: que reste-t-il des objectifs de Donald Trump?,https://www.rtbf.be/article/six-mois-de-guerre-entre-les-etats-unis-et-l-iran-que-reste-t-il-des-objectifs-de-donald-trump-11775960,Qu’ont gagné les Etats-Unis de ces six mois de guerre contre l’Iran? Quels objectifs initiaux ont été...,2026-08-28T04:00:23Z,2026-08-28T14:03:52.325895Z,2026-08-28T14:03:19.358990Z,,new,1
448724f36b57eb0dd8555316,rtbf_info,RTBF Info,news_media,communauté,Wallonie|Bruxelles,editorial_media,open,rtbf_info_rss,Flux RTBF Info,actualités|presse|Belgique,fr,"""Je me prends une assiette à pizza qui se fracasse sur ma tête"": notre enquête sur les violences en cuisine",https://www.rtbf.be/article/je-me-prends-une-assiette-a-pizza-qui-se-fracasse-sur-ma-tete-notre-enquete-sur-les-violences-en-cuisine-11714023,"Les témoignages recueillis dans le cadre de cette enquête dessinent un constat troublant: dans certains établissements,...",2026-08-28T04:00:18Z,2026-08-28T14:03:52.325895Z,2026-08-28T14:03:19.358990Z,,new,1
c50965ff15fca0e0eda7a016,de_morgen,De Morgen,news_media,national,Belgique,editorial_media,mixed_paywall,de_morgen_rss,In het nieuws,actualités|presse|Belgique,nl,"‘Laat je niet voor de gek houden’, zei Trump nog. Toch neemt senator Dan Sullivan het in Alaska straks op tegen... Dan Sullivan",https://www.demorgen.be/nieuws/laat-je-niet-voor-de-gek-houden-zei-trump-nog-toch-neemt-senator-dan-sullivan-het-in-alaska-straks-op-tegen-dan-sullivan~b75f942b/,,2026-08-28T04:00:00Z,2026-08-28T14:03:52.325895Z,2026-08-28T14:03:17.489081Z,,new,1
62fc288ee4df80889050805c,de_morgen,De Morgen,news_media,national,Belgique,editorial_media,mixed_paywall,de_morgen_rss,In het nieuws,actualités|presse|Belgique,nl,Waarom reist de CIA-baas naar Moskou? ‘De houding van de Russen is bijzonder grimmig geworden’,https://www.demorgen.be/oorlog-in-oekraine/waarom-reist-de-cia-baas-naar-moskou-de-houding-van-de-russen-is-bijzonder-grimmig-geworden~b9daf598/,,2026-08-28T01:01:00Z,2026-08-28T14:03:52.325895Z,2026-08-28T14:03:17.489081Z,,new,1
f42f021860d26f17cb2b045f,fps_finance,SPF Finances,public_body,fédéral,Belgique,official_public,,finance_rss,Flux des actualités,actualités|communiqués,fr,Bibliothèque fermée du 7 au 10 septembre 2026 inclus,https://finances.belgium.be/fr/Actualites/biblioth%C3%A8que-ferm%C3%A9e-du-7-au-10-septembre-2026-inclus,"Du lundi 7 au jeudi 10 septembre 2026 inclus, la Bibliothèque sera fermée en raison d’une formation. Merci pour votre compréhension, Centre des Connaissances - Direction Bibliothèque",2026-08-27T22:00:00Z,2026-08-28T13:32:06.723013Z,2026-08-28T14:03:09.861793Z,,existing,3
579774bc24375cb38cd782b2,de_standaard,De Standaard,news_media,national,Belgique,editorial_media,mixed_paywall,de_standaard_rss,Binnenland,actualités|presse|Belgique,nl,Waarom werd er op de Hoge Venen gemaaid bij extreem brandgevaar?,https://www.standaard.be/binnenland/waarom-werd-er-op-de-hoge-venen-gemaaid-bij-extreem-brandgevaar/160584017.html,Lag de Waalse overheid zelf aan de oorzaak van de verwoestende brand op de Hoge Venen? “Die maaiwerken hadden daar en dan nooit uitgevoerd mogen worden.”,2026-08-27T21:59:00Z,2026-08-28T14:03:52.325895Z,2026-08-28T14:03:17.986125Z,Binnenland,new,1
c3e70923a35006f8f6001b16,de_standaard,De Standaard,news_media,national,Belgique,editorial_media,mixed_paywall,de_standaard_rss,Binnenland,actualités|presse|Belgique,nl,In de Oostendse Hangar d’Amour zitten sekswerkers en boekhouders onder één dak: “Deze sector is in sneltempo aan het professionaliseren”,https://www.standaard.be/binnenland/in-de-oostendse-hangar-damour-zitten-sekswerkers-en-boekhouders-onder-een-dak-deze-sector-is-in-sneltempo-aan-het-professionaliseren/160574657.html,"Een boekhouderskantoor, rooftopbar en megabordeel in één gebouw? In Oostende opende recent Hangar d’Amour, waar sekswerk uit het verdomhoekje kan stappen. “Elke dag dienen zich nieuwe vrouwen aan.”",2026-08-27T21:59:00Z,2026-08-28T14:03:52.325895Z,2026-08-28T14:03:17.986125Z,Binnenland,new,1
f51ec4f90af07731d00f1701,de_standaard,De Standaard,news_media,national,Belgique,editorial_media,mixed_paywall,de_standaard_rss,Binnenland,actualités|presse|Belgique,nl,"Waar is het fout gelopen met de slimme kinderen? “De mythe leeft nog altijd dat wie slim is, er wel op eigen kracht komt”",https://www.standaard.be/binnenland/waar-is-het-fout-gelopen-met-de-slimme-kinderen-de-mythe-leeft-nog-altijd-dat-wie-slim-is-er-wel-op-eigen-kracht-komt/160517001.html,"Terwijl de sterkste leerlingen zich vaak in stilte moeten bezighouden, verliest het Vlaamse onderwijs in sneltempo zijn toppers. Waar liep het mis met de sterkste leerlingen, en hoe kan het beter?",2026-08-27T21:59:00Z,2026-08-28T14:03:52.325895Z,2026-08-28T14:03:17.986125Z,Binnenland,new,1
cdabed1265d3aba005a7acd7,la_libre,La Libre Belgique,news_media,national,Belgique,editorial_media,mixed_paywall,la_libre_rss,Flux Belgique,actualités|presse|Belgique,fr,"Après les violents incidents liés à la drogue, le parlement bruxellois réunira sa commission Intérieur mercredi",https://www.lalibre.be/belgique/politique-belge/2026/08/27/apres-les-violents-incidents-lies-a-la-drogue-le-parlement-bruxellois-reunira-sa-commission-interieur-mercredi-DU5KE4OKBRBDXDXDW4UGWPQCX4/,"La commission des Affaires intérieures du parlement bruxellois se réunira le mercredi 2 septembre dans l'après-midi (13h30) pour discuter des récents évènements violents liés au trafic de drogue dans la capitale, annonce jeudi la députée MR Aline Godfrin, présidente de cette commission....",2026-08-27T21:53:14Z,2026-08-28T14:03:52.325895Z,2026-08-28T14:03:16.960170Z,Politique belge,new,1
e2c59878cb1eeb55c3a8f86b,rtbf_info,RTBF Info,news_media,communauté,Wallonie|Bruxelles,editorial_media,open,rtbf_info_rss,Flux RTBF Info,actualités|presse|Belgique,fr,Élections présidentielles en France: les sept candidats se sont affrontés dans une ambiance d’orage sur le court de Roland-Garros,https://www.rtbf.be/article/elections-presidentielles-en-france-les-sept-candidats-se-sont-affrontes-dans-une-ambiance-d-orage-sur-le-court-de-roland-garros-11776345,"Sur le court central de Roland-Garros, organisée par le Medef (organisation patronale française) et diffusée par LCI, la...",2026-08-27T21:40:30Z,2026-08-28T14:03:52.325895Z,2026-08-28T14:03:19.358990Z,,new,1
421b44dcae9202e9e585c8b2,dhnet,DH Les Sports+,news_media,national,Belgique,editorial_media,mixed_paywall,dhnet_rss,Flux actualités,actualités|presse|Belgique,fr,Ce qu'il faut retenir du premier débat des candidats à la présidentielle en France (VIDEOS),https://www.dhnet.be/actu/monde/2026/08/27/ce-quil-faut-retenir-du-premier-debat-des-candidats-a-la-presidentielle-en-france-videos-LECMYV4QNBHPFLU7RFHISMN2MI/,"Dette, retraites, normes... sept candidats à la présidentielle ont débattu pour la première fois de la campagne jeudi, en s'affrontant sur les grands sujets de préoccupation des entrepreneurs français....",2026-08-27T21:39:49Z,2026-08-28T14:03:52.325895Z,2026-08-28T14:03:17.464466Z,Monde,new,1
c014dd254340b6f2d0db36b0,dhnet,DH Les Sports+,news_media,national,Belgique,editorial_media,mixed_paywall,dhnet_rss,Flux actualités,actualités|presse|Belgique,fr,"Que s'est-il passé sur BFM? Alors que le débat entre les principaux candidats à la présidentielle battait son plein, tout s'est interrompu brutalement",https://www.dhnet.be/actu/monde/2026/08/27/que-sest-il-passe-sur-bfm-alors-que-le-debat-entre-les-principaux-candidats-a-la-presidentielle-battait-son-plein-tout-sest-interrompu-brutalement-VBYNSA7MFBE5FDGT4KV2KX6Q6A/,"BFMTV a affirmé ""regretter"" d'avoir dû interrompre la diffusion du premier débat de la présidentielle organisé jeudi par le Medef, après que le signal son a été coupé à la demande de l'organisation patronale qui avait conclu un accord avec sa concurrente LCI....",2026-08-27T21:35:28Z,2026-08-28T14:03:52.325895Z,2026-08-28T14:03:17.464466Z,Monde,new,1
9312655ee234357f256743e0,dhnet,DH Les Sports+,news_media,national,Belgique,editorial_media,mixed_paywall,dhnet_rss,Flux actualités,actualités|presse|Belgique,fr,"Prison à vie pour cet influenceur aux 8,7 millions d’abonnés: il avait caché de la drogue dans ses pâtisseries",https://www.dhnet.be/actu/monde/2026/08/27/prison-a-vie-pour-cet-influenceur-aux-87-millions-dabonnes-il-avait-cache-de-la-drogue-dans-ses-patisseries-OHOPTQQDCNHMBMGYGWAVPJONVY/,Georges Dib a été arrêté ce dimanche après plusieurs mois en cavale. Il a été condamné à la prison à vie....,2026-08-27T20:11:26Z,2026-08-28T14:03:52.325895Z,2026-08-28T14:03:17.464466Z,Monde,new,1
d21874bcb87274bbb43762be,rtbf_info,RTBF Info,news_media,communauté,Wallonie|Bruxelles,editorial_media,open,rtbf_info_rss,Flux RTBF Info,actualités|presse|Belgique,fr,"Jeudi en Prime: ""c’était inévitable que l’enseignement fasse sa part"", estime Elisabeth Degryse, à la tête de la Fédération Wallonie-Bruxelles",https://www.rtbf.be/article/jeudi-en-prime-c-etait-inevitable-que-l-enseignement-fasse-sa-part-estime-elisabeth-degryse-a-la-tete-de-la-federation-wallonie-bruxelles-11776305,"C’était l’une des images de cette rentrée scolaire: quatre écoles en grève en région liégeoise, les enseignants...",2026-08-27T19:53:33Z,2026-08-28T14:03:52.325895Z,2026-08-28T14:03:19.358990Z,,new,1
f1fe2c80d8e74ddf243c6196,dhnet,DH Les Sports+,news_media,national,Belgique,editorial_media,mixed_paywall,dhnet_rss,Flux actualités,actualités|presse|Belgique,fr,Bientôt une attaque russe contre l'un des pays de l'Otan? Voici la réponse des services de renseignement européens,https://www.dhnet.be/actu/monde/2026/08/27/bientot-une-attaque-russe-contre-lun-des-pays-de-lotan-voici-la-reponse-des-services-de-renseignement-europeens-Y2ILJYNYZNFFJOONBYSFZGN6XU/,Une haute responsable européenne a quelque peu rassuré....,2026-08-27T19:46:55Z,2026-08-28T14:03:52.325895Z,2026-08-28T14:03:17.464466Z,Monde,new,1
dad203778db9b4765441640b,de_morgen,De Morgen,news_media,national,Belgique,editorial_media,mixed_paywall,de_morgen_rss,In het nieuws,actualités|presse|Belgique,nl,Europa kwetsbaar bij mogelijke Russische raketaanval door ‘uiterst kritiek’ tekort aan Patriot-raketten: NAVO zou ‘de ene klap na de andere incasseren’,https://www.demorgen.be/nieuws/europa-kwetsbaar-bij-mogelijke-russische-raketaanval-door-uiterst-kritiek-tekort-aan-patriot-raketten-navo-zou-de-ene-klap-na-de-andere-incasseren~b1d2321d/,,2026-08-27T18:24:00Z,2026-08-28T14:03:52.325895Z,2026-08-28T14:03:17.489081Z,,new,1
c252c05b7c7aa92c0a62bfee,la_libre,La Libre Belgique,news_media,national,Belgique,editorial_media,mixed_paywall,la_libre_rss,Flux Belgique,actualités|presse|Belgique,fr,Lutte contre les narcotrafiquants à Bruxelles: Julien Moinil réclame d’urgence des brouilleurs d’ondes GSM dans les prisons,https://www.lalibre.be/belgique/politique-belge/2026/08/27/lutte-contre-les-narcotrafiquants-a-bruxelles-julien-moinil-reclame-durgence-des-brouilleurs-dondes-gsm-dans-les-prisons-62PNJIAZ5BCBPA4PIMXGFC7Y7U/,"Le procureur du Roi de Bruxelles a mis la pression mercredi sur la ministre de la Justice, Annelies Verlinden (CD&V) lors du Conseil régional de sécurité (Cores). Il réclame l’installation de brouilleurs dans les prisons, depuis lesquelles sont commanditées des fusillades. Mais les obstacles restent nombreux....",2026-08-27T18:17:55Z,2026-08-28T14:03:52.325895Z,2026-08-28T14:03:16.960170Z,Politique belge,new,1
227b68fa6d9b00c82ceaa86e,de_standaard,De Standaard,news_media,national,Belgique,editorial_media,mixed_paywall,de_standaard_rss,Binnenland,actualités|presse|Belgique,nl,"Nog geen nieuws over drie vermiste Belgen in Nepal, twee van hen zijn collega’s bij brouwer AB Inbev",https://www.standaard.be/buitenland/nog-geen-nieuws-over-drie-vermiste-belgen-in-nepal-twee-van-hen-zijn-collegas-bij-brouwer-ab-inbev/160616366.html,"Twee van de drie Belgen die vermist zijn sinds de overstromingen in Nepal, zijn twee vriendinnen die samen bij brouwerij AB Inbev werken. De jonge vrouwen hebben beiden roots in Rusland en waren in Nepal op vakantie.",2026-08-27T17:19:09Z,2026-08-28T14:03:52.325895Z,2026-08-28T14:03:17.986125Z,Buitenland,new,1
8895a45a3bbdbf54f728fb89,dhnet,DH Les Sports+,news_media,national,Belgique,editorial_media,mixed_paywall,dhnet_rss,Flux actualités,actualités|presse|Belgique,fr,Incendie dans les Hautes Fagnes: une importante reprise du feu mobilise des renforts,https://www.dhnet.be/actu/belgique/2026/08/27/incendie-dans-les-hautes-fagnes-une-importante-reprise-du-feu-mobilise-des-renforts-DBUKZNZHBNAGXELFBXF7SUSJPM/,"Une reprise du feu dans le secteur nord-est a mobilisé des renforts et un hélicoptère, avec de nouvelles fermetures de routes et des opérations de noyage prolongées....",2026-08-27T16:49:30Z,2026-08-28T14:03:52.325895Z,2026-08-28T14:03:17.464466Z,Belgique,new,1
7fd9b4574c41711dcf071901,dhnet,DH Les Sports+,news_media,national,Belgique,editorial_media,mixed_paywall,dhnet_rss,Flux actualités,actualités|presse|Belgique,fr,"Il prostituait des jeunes femmes vulnérables, dont une mineure d’âge, en aggravant leur toxicomanie",https://www.dhnet.be/regions/liege/2026/08/27/il-prostituait-des-jeunes-femmes-vulnerables-dont-une-mineure-dage-en-aggravant-leur-toxicomanie-SBNHDF7KAVGVLCVHNKHZ4S3EI4/,L’individu a notamment séquestré et frappé une jeune femme pour qu’elle lui rembourse une somme d’argent qu’elle lui devait....,2026-08-27T16:30:00Z,2026-08-28T14:03:52.325895Z,2026-08-28T14:03:17.464466Z,Liège,new,1
00a7422a39ab4381719edab9,dhnet,DH Les Sports+,news_media,national,Belgique,editorial_media,mixed_paywall,dhnet_rss,Flux actualités,actualités|presse|Belgique,fr,Brussels Airport annule un vol en provenance de Turquie: le copilote avait consommé de l’alcool!,https://www.dhnet.be/actu/monde/2026/08/27/brussels-airport-annule-un-vol-en-provenance-de-turquie-le-copilote-avait-consomme-de-lalcool-VHB3GZSYC5GBPMDLFV726E46PU/,Un vol de Turkish Airlines n’a pas pu décoller. En cause? Le copilote aurait été en état d’ébriété....,2026-08-27T16:29:59Z,2026-08-28T14:03:52.325895Z,2026-08-28T14:03:17.464466Z,Monde,new,1
1a696be6b22349e6443d33dd,la_libre,La Libre Belgique,news_media,national,Belgique,editorial_media,mixed_paywall,la_libre_rss,Flux Belgique,actualités|presse|Belgique,fr,L’aéroport de Zaventem contraint d’annuler un vol: le copilote avait été testé positif à l’alcool,https://www.lalibre.be/belgique/mobilite/2026/08/27/laeroport-de-zaventem-contraint-dannuler-un-vol-le-copilote-avait-ete-teste-positif-a-lalcool-C4S6JOZM6NGWVA6SEGPOKSKS5I/,Un vol de Turkish Airlines n’a pas pu décoller. En cause? Le copilote aurait été en état d’ébriété....,2026-08-27T16:19:53Z,2026-08-28T14:03:52.325895Z,2026-08-28T14:03:16.960170Z,Mobilité,new,1
9a018573ae4e06cd78476786,la_libre,La Libre Belgique,news_media,national,Belgique,editorial_media,mixed_paywall,la_libre_rss,Flux Belgique,actualités|presse|Belgique,fr,"Une grève pourrait toucher toutes les prisons belges dès le 6 septembre ""et pas pour un seul jour""",https://www.lalibre.be/belgique/societe/2026/08/27/une-greve-pourrait-toucher-toutes-les-prisons-belges-des-le-6-septembre-et-pas-pour-un-seul-jour-YKLJLS7IU5FUNBEQTG6NO7LXGE/,"Les syndicats du personnel pénitentiaire menacent d’une grève nationale à partir du 6 septembre, invoquant surpopulation, sous-effectifs et problèmes de sécurité....",2026-08-27T16:15:24Z,2026-08-28T14:03:52.325895Z,2026-08-28T14:03:16.960170Z,Société,new,1
fa00c2ef051729a663616885,dhnet,DH Les Sports+,news_media,national,Belgique,editorial_media,mixed_paywall,dhnet_rss,Flux actualités,actualités|presse|Belgique,fr,Les syndicats déposent un préavis de grève dans les prisons à partir du 6 septembre,https://www.dhnet.be/actu/belgique/2026/08/27/les-syndicats-deposent-un-preavis-de-greve-dans-les-prisons-a-partir-du-6-septembre-MTQFKOZNV5DOBC473JE4IAAHXU/,"Le front commun syndical du personnel pénitentiaire a déposé ce jeudi un préavis de grève valable pour tous les établissements pénitentiaires du pays, à partir du 6 septembre 22h00, a annoncé le syndicat socialiste....",2026-08-27T16:05:42Z,2026-08-28T14:03:52.325895Z,2026-08-28T14:03:17.464466Z,Belgique,new,1
3c988bdbf44bd21c3510db29,dhnet,DH Les Sports+,news_media,national,Belgique,editorial_media,mixed_paywall,dhnet_rss,Flux actualités,actualités|presse|Belgique,fr,Le PTB veut taxer l'indemnité pour frais des députés... 7 millions d'euros attendus,https://www.dhnet.be/actu/belgique/2026/08/27/le-ptb-veut-taxer-lindemnite-pour-frais-des-deputes-7-millions-deuros-attendus-ANAHKESN3NAI5P6AMEODWH2DYE/,"La soumission à l'impôt de l'indemnité forfaitaire pour frais des parlementaires rapporterait au moins quelque 7 millions d'euros à l'Etat, selon l'estimation réalisée par la Cour des comptes à partir d'une proposition de loi du PTB....",2026-08-27T16:04:04Z,2026-08-28T14:03:52.325895Z,2026-08-28T14:03:17.464466Z,Belgique,new,1
bd8870034360ad41b9e46d7d,dhnet,DH Les Sports+,news_media,national,Belgique,editorial_media,mixed_paywall,dhnet_rss,Flux actualités,actualités|presse|Belgique,fr,Un outil de codage IA appartenant à Space X au coeur d'un piratage de grande ampleur: une entreprise belge concernée,https://www.dhnet.be/actu/monde/2026/08/27/un-outil-de-codage-ia-appartenant-a-space-x-au-coeur-dun-piratage-de-grande-ampleur-une-entreprise-belge-concernee-5RUWG6KPIVCFVMOTPKSXTZOKE4/,"Sept entreprises, dont une Belge, ont été piratées avec la plateforme de codage assisté par l’intelligence artificielle appartenant à SpaceX, Cursor....",2026-08-27T15:59:32Z,2026-08-28T14:03:52.325895Z,2026-08-28T14:03:17.464466Z,Monde,new,1
e028f7cac3f76c22c9617776,dhnet,DH Les Sports+,news_media,national,Belgique,editorial_media,mixed_paywall,dhnet_rss,Flux actualités,actualités|presse|Belgique,fr,La grande absente de la lutte contre le trafic de drogues,https://www.dhnet.be/actu/edito/2026/08/27/la-grande-absente-de-la-lutte-contre-le-trafic-de-drogues-3NHX6ZI74JEBNHVKW4UNWTB7BU/,Un édito d’Alexis Carantonis...,2026-08-27T15:52:52Z,2026-08-28T14:03:52.325895Z,2026-08-28T14:03:17.464466Z,Edito,new,1
c47c4390f63ce4b3a22b9242,dhnet,DH Les Sports+,news_media,national,Belgique,editorial_media,mixed_paywall,dhnet_rss,Flux actualités,actualités|presse|Belgique,fr,"Des voleurs ""ultra-professionnels"" dérobent le plus important trésor préhistorique d’Europe en seulement 4 minutes: ""un véritable coup de massue""",https://www.dhnet.be/actu/monde/2026/08/27/des-voleurs-ultra-professionnels-derobent-le-plus-important-tresor-prehistorique-deurope-en-seulement-4-minutes-un-veritable-coup-de-massue-ZVDJQPLRMZDNTNSHV7SC4F3HIM/,Une collection s’appelant le Trésor de Villena a été volée ce jeudi en Espagne....,2026-08-27T15:25:19Z,2026-08-28T14:03:52.325895Z,2026-08-28T14:03:17.464466Z,Monde,new,1
3c6de4dd0c0aa67ca7be54c6,dhnet,DH Les Sports+,news_media,national,Belgique,editorial_media,mixed_paywall,dhnet_rss,Flux actualités,actualités|presse|Belgique,fr,"Après l'éclipse solaire de mi-août, place à l'éclipse lunaire: voici quand elle aura lieu",https://www.dhnet.be/actu/belgique/2026/08/27/apres-leclipse-solaire-de-mi-aout-place-a-eclipse-lunaire-voici-quand-elle-aura-lieu-VBQQ55AU7JAFVNC45XSFMOXWNY/,"Une éclipse lunaire partielle se produira dans la nuit du jeudi 27 au vendredi 28 août, deux semaines après l'éclipse solaire partielle qui a émerveillé les amateurs d'astronomie, annonce l'observatoire anversois Urania....",2026-08-27T15:07:59Z,2026-08-28T14:03:52.325895Z,2026-08-28T14:03:17.464466Z,Belgique,new,1
6c1c3cfc8025c0a228d3471b,la_libre,La Libre Belgique,news_media,national,Belgique,editorial_media,mixed_paywall,la_libre_rss,Flux Belgique,actualités|presse|Belgique,fr,Une nuit agitée à venir: deux vagues d’orages vont traverser la Belgique avec des rafales jusqu'à 90 km/h et d’importantes précipitations,https://www.lalibre.be/belgique/societe/2026/08/27/une-nuit-agitee-a-venir-deux-vagues-dorages-vont-traverser-la-belgique-avec-des-rafales-jusqua-90-kmh-et-dimportantes-precipitations-SJ5SJRY2ENAWDN7EZ2K5LKEP2A/,"La Belgique attend deux vagues d’orages intenses, avec plus de 50 l/m² en 24 heures par endroits et des rafales pouvant atteindre 90 km/h....",2026-08-27T15:02:09Z,2026-08-28T14:03:52.325895Z,2026-08-28T14:03:16.960170Z,Société,new,1
4fea00717d546840bd32328c,ibsa,Institut Bruxellois de Statistique et d'Analyse,statistics,région,Bruxelles,official_public,,ibsa_news_rss,Flux des actualités,actualités|statistiques,fr,Mise à jour mensuelle des données (août 2026): quatre thématiques actualisées,https://ibsa.brussels/node/3548,"Comme chaque dernier jeudi du mois, l’IBSA met en ligne les statistiques disponibles les plus récentes pour la Région bruxelloise",,2026-08-27T14:54:10.855320Z,2026-08-28T14:03:13.014875Z,,existing,10
93b4f940216b01e5777c1d44,ibsa,Institut Bruxellois de Statistique et d'Analyse,statistics,région,Bruxelles,official_public,,ibsa_news_rss,Flux des actualités,actualités|statistiques,fr,Les Olympiades européennes de statistique sont bientôt de retour!,https://ibsa.brussels/node/3544,À vos agendas! Les inscriptions aux Olympiades européennes de statistique démarreront le 21 septembre,,2026-08-27T14:54:10.855320Z,2026-08-28T14:03:13.014875Z,,existing,10
9b04128fb7bffd08f533d0ba,ibsa,Institut Bruxellois de Statistique et d'Analyse,statistics,région,Bruxelles,official_public,,ibsa_news_rss,Flux des actualités,actualités|statistiques,fr,Plus d'une entreprise bruxelloise sur quatre utilise l'intelligence artificielle,https://ibsa.brussels/node/3538,"Dans sa feuille de route ""Brussels All.In"", le Ministre bruxellois de l’Emploi et de l’Économie prévoit de définir Bruxelles comme une capitale de l",,2026-08-27T14:54:10.855320Z,2026-08-28T14:03:13.014875Z,,existing,10
1f92758b4d50d2a150a3a331,ibsa,Institut Bruxellois de Statistique et d'Analyse,statistics,région,Bruxelles,official_public,,ibsa_news_rss,Flux des actualités,actualités|statistiques,fr,Mise à jour mensuelle des données (juillet 2026): six thématiques actualisées,https://ibsa.brussels/node/3537,"Comme chaque dernier jeudi du mois, l’IBSA met en ligne les statistiques disponibles les plus récentes pour la Région bruxelloise",,2026-08-27T14:54:10.855320Z,2026-08-28T14:03:13.014875Z,,existing,10
304554d09598841fc259e16f,ibsa,Institut Bruxellois de Statistique et d'Analyse,statistics,région,Bruxelles,official_public,,ibsa_news_rss,Flux des actualités,actualités|statistiques,fr,Les évolutions récentes de l’économie bruxelloise dans l’Aperçu conjoncturel de juillet,https://ibsa.brussels/node/3534,"L’Aperçu conjoncturel présente, en deux pages, un aperçu de la situation économique actuelle de la Région bruxelloise ainsi que de son évolution",,2026-08-27T14:54:10.855320Z,2026-08-28T14:03:13.014875Z,,existing,10
08f5766636d0055b5d1c046b,ibsa,Institut Bruxellois de Statistique et d'Analyse,statistics,région,Bruxelles,official_public,,ibsa_news_rss,Flux des actualités,actualités|statistiques,fr,Découvrez le Rapport annuel 2025 de l’IBSA,https://ibsa.brussels/node/3531,"En 2025, l’IBSA a poursuivi ses missions de production, d’analyse et de diffusion de statistiques publiques au sein de la Région de Bruxelles-Capitale",,2026-08-27T14:54:10.855320Z,2026-08-28T14:03:13.014875Z,,existing,10
65f6bfabfd4b91afe06f3694,ibsa,Institut Bruxellois de Statistique et d'Analyse,statistics,région,Bruxelles,official_public,,ibsa_news_rss,Flux des actualités,actualités|statistiques,fr,Perspectives économiques régionales 2026-2031,https://ibsa.brussels/node/3526,"Les nouvelles perspectives économiques régionales 2026-2031 viennent d’être publiées par le Bureau fédéral du Plan, en collaboration avec l’IBSA et",,2026-08-27T14:54:10.855320Z,2026-08-28T14:03:13.014875Z,,existing,10
7fe38db1fbce8717a96addde,ibsa,Institut Bruxellois de Statistique et d'Analyse,statistics,région,Bruxelles,official_public,,ibsa_news_rss,Flux des actualités,actualités|statistiques,fr,Focus de l’IBSA n°84: Mesurer le décrochage scolaire à Bruxelles,https://ibsa.brussels/node/3523,"Le décrochage scolaire est un enjeu majeur en Région bruxelloise, mais sa mesure reste complexe. Dans le Focus n°84, l’IBSA et le Service École et Vie",,2026-08-27T14:54:10.855320Z,2026-08-28T14:03:13.014875Z,,existing,10
2f3a34d5c5cf1ab9fb5102cf,ibsa,Institut Bruxellois de Statistique et d'Analyse,statistics,région,Bruxelles,official_public,,ibsa_news_rss,Flux des actualités,actualités|statistiques,fr,Focus n°83 - Primes Renolution: comment ont-elles été utilisées? Qui en a bénéficié?,https://ibsa.brussels/node/3516,"Dans son dernier Focus, l’IBSA analyse l’utilisation des Primes Renolution entre 2022 et 2025",,2026-08-27T14:54:10.855320Z,2026-08-28T14:03:13.014875Z,,existing,10
8bb3b71b71cc0a1eee904d11,ibsa,Institut Bruxellois de Statistique et d'Analyse,statistics,région,Bruxelles,official_public,,ibsa_news_rss,Flux des actualités,actualités|statistiques,fr,"Bruxelles, en bonne voie pour la numérisation de ses services publics",https://ibsa.brussels/node/3504,"Effectuer un changement d’adresse, demander les allocations familiales, consulter son dossier médical: aujourd’hui, les Bruxellois·es peuvent",,2026-08-27T14:54:10.855320Z,2026-08-28T14:03:13.014875Z,,existing,10
2c48a32a2c9396dab19266ad,walloon_parliament,Parlement de Wallonie,parliament,région,Wallonie,official_public,,walloon_parliament_calendar_rss,Flux du calendrier,agenda,fr,Séance plénière - 02/09/2026 14:00 - Salle des séances plénières,http://nautilus.parlement-wallon.be/Archives/2026_2027/ODJS/odjs20260902.pdf,,,2026-08-27T14:54:10.855320Z,2026-08-28T14:03:11.360240Z,,existing,9
aa8f072d2543364e68c6b48b,dhnet,DH Les Sports+,news_media,national,Belgique,editorial_media,mixed_paywall,dhnet_rss,Flux actualités,actualités|presse|Belgique,fr,"Les restaurateurs s'agacent des annulations de dernière minute qui augmentent: ""C’est surtout une question de respect""",https://www.dhnet.be/lifestyle/food/2026/08/27/les-restaurateurs-sagacent-des-annulations-de-derniere-minute-qui-augmentent-cest-surtout-une-question-de-respect-L36OHHDYY5HIRHRJXADTGCP2HI/,"Le nombre de désistements de dernière minute, voire de “no-show”, sont en augmentation dans les restaurants en Belgique. Si pour le client, annuler semble plutôt anodin, derrière se cache un impact considérable sur les établissements. Décryptage du phénomène....",2026-08-27T14:40:24Z,2026-08-28T14:03:52.325895Z,2026-08-28T14:03:17.464466Z,Food,new,1
a231fc7b34102c68aa033c8d,dhnet,DH Les Sports+,news_media,national,Belgique,editorial_media,mixed_paywall,dhnet_rss,Flux actualités,actualités|presse|Belgique,fr,"Gare aux intempéries dès ce jeudi: deux vagues d'orage pourraient amener plus de 50 litres/m2 par endroits, des chutes d'arbres à craindre",https://www.dhnet.be/actu/belgique/2026/08/27/gare-aux-intemperies-des-ce-jeudi-deux-vagues-dorage-pourraient-amener-plus-de-50-litresm2-de-precipitations-par-endroits-clone-SUVUSIUTLFGB5IZL5XNNNCPV3U/,"Deux épisodes orageux, jeudi soir et au cours de la nuit, ainsi que vendredi en cours de journée, s'accompagneront d'importantes précipitations qui, par endroits, pourraient atteindre au total plus de 50 litres par mètre carré, selon l'IRM qui a émis une alerte jaune....",2026-08-27T14:26:00Z,2026-08-28T14:03:52.325895Z,2026-08-28T14:03:17.464466Z,Belgique,new,1
22c3fcea4313c68cbbef73d3,dhnet,DH Les Sports+,news_media,national,Belgique,editorial_media,mixed_paywall,dhnet_rss,Flux actualités,actualités|presse|Belgique,fr,La bourde du ministère de l’Éducation américain: il compare Donald Trump à Hitler et supprime rapidement son message,https://www.dhnet.be/actu/monde/2026/08/27/la-bourde-du-ministere-de-leducation-americain-il-compare-donald-trump-a-hitler-et-supprime-rapidement-son-message-V2NGBZUQKBEI7M3U7V7ZFA5ISE/,"Sur le compte X du ministère de l’Éducation aux États-Unis, une réplique de film est utilisée faisant référence à Adolf Hitler. Une comparaison maladroite, rapidement supprimée....",2026-08-27T14:22:43Z,2026-08-28T14:03:52.325895Z,2026-08-28T14:03:17.464466Z,Monde,new,1
853188b61f4a0d8180e21e71,dhnet,DH Les Sports+,news_media,national,Belgique,editorial_media,mixed_paywall,dhnet_rss,Flux actualités,actualités|presse|Belgique,fr,"Que s'est-il passé dans une école de la banlieue de Berlin? Une femme et un homme violemment tués, un jeune de 19 ans interpellé",https://www.dhnet.be/actu/monde/2026/08/27/que-sest-il-passe-dans-une-ecole-de-la-banlieue-de-berlin-une-femme-et-un-homme-violemment-tues-un-jeune-de-19-ans-interpelle-JKQUZ53L5FFBDL6POQWSENN774/,Un règlement de compte conjugal a tourné au drame en Allemagne....,2026-08-27T14:17:57Z,2026-08-28T14:03:52.325895Z,2026-08-28T14:03:17.464466Z,Monde,new,1
cd580afce91fbc4ebafae4e7,dhnet,DH Les Sports+,news_media,national,Belgique,editorial_media,mixed_paywall,dhnet_rss,Flux actualités,actualités|presse|Belgique,fr,La rentrée de la famille royale: le prince Gabriel se lance dans une carrière militaire,https://www.dhnet.be/actu/belgique/2026/08/27/la-rentree-de-la-famille-royale-le-prince-gabriel-se-lance-dans-une-carriere-militaire-UIZAVHPSJBC5RKWGTUV32OYIHE/,Le frère de la princesse Elisabeth vient de terminer sa formation à l’École Royale Militaire....,2026-08-27T14:11:21Z,2026-08-28T14:03:52.325895Z,2026-08-28T14:03:17.464466Z,Belgique,new,1
875c67d2f95f422ca1e1d524,dhnet,DH Les Sports+,news_media,national,Belgique,editorial_media,mixed_paywall,dhnet_rss,Flux actualités,actualités|presse|Belgique,fr,Voici quand débutera le procès du cerveau présumé des attentats du 11 Septembre,https://www.dhnet.be/actu/monde/2026/08/27/voici-quand-debutera-le-proces-du-cerveau-presume-des-attentats-du-11-septembre-SKWC2GKZNVFXBN7KSJQ3WEUB3M/,"Khalid Cheikh Mohammed, considéré comme le cerveau des attentats du 11-Septembre 2001, sera jugé à partir du 5 juin 2028 à Guantanamo, où il est détenu, a annoncé un porte-parole du tribunal militaire en charge du dossier....",2026-08-27T14:10:37Z,2026-08-28T14:03:52.325895Z,2026-08-28T14:03:17.464466Z,Monde,new,1
3f9adcc25de25f422934bec9,de_standaard,De Standaard,news_media,national,Belgique,editorial_media,mixed_paywall,de_standaard_rss,Binnenland,actualités|presse|Belgique,nl,Vlucht op Zaventem geannuleerd na positieve ademtest van copiloot,https://www.standaard.be/binnenland/vlucht-op-zaventem-geannuleerd-na-positieve-ademtest-van-copiloot/160600800.html,"Een vlucht van Turkish Airlines die donderdagochtend op Zaventem had moeten vertrekken, is geannuleerd omdat de copiloot dronken bleek. Het parket legde alvast een vliegverbod van 24 uur op.",2026-08-27T14:01:07Z,2026-08-28T14:03:52.325895Z,2026-08-28T14:03:17.986125Z,Binnenland,new,1
c5c7d0dbd982ed840bd92094,mr_party,Mouvement Réformateur,political_party,national,Belgique,political_actor,,mr_party_rss,Flux des actualités,actualités|communiqués|réformes,fr,10 mesures pour renforcer la qualité de l’enseignement,https://www.mr.be/10-mesures-pour-renforcer-la-qualite-de-lenseignement/,"À l’occasion de la rentrée scolaire, Valérie Glatigny était l’invitée de plusieurs médias pour présenter les priorités de cette nouvelle année. Au cœur de celles-ci: la qualité de l’enseignement,...",2026-08-27T13:55:04Z,2026-08-28T08:54:25.212346Z,2026-08-28T14:03:13.847263Z,A la Une | Dans les medias | Enseignement,existing,6
1dfc5a20333377a5d707ffb7,de_morgen,De Morgen,news_media,national,Belgique,editorial_media,mixed_paywall,de_morgen_rss,In het nieuws,actualités|presse|Belgique,nl,▶ Zo ontstond de dodelijke vloedgolf aan grens Nepal-Tibet: ‘Op satellietbeelden van de gletsjer kun je zien waar deze doormidden is gebroken’,https://www.demorgen.be/nieuws/zo-ontstond-de-dodelijke-vloedgolf-aan-grens-nepal-tibet-op-satellietbeelden-van-de-gletsjer-kun-je-zien-waar-deze-doormidden-is-gebroken~b610a9c5/,,2026-08-27T13:50:00Z,2026-08-28T14:03:52.325895Z,2026-08-28T14:03:17.489081Z,,new,1
e4a3c0b402d45081a096afff,mr_party,Mouvement Réformateur,political_party,national,Belgique,political_actor,,mr_party_rss,Flux des actualités,actualités|communiqués|réformes,fr,Cécile Neven veut tirer les enseignements de l’incendie des Hautes Fagnes pour l’avenir de Spa,https://www.mr.be/cecile-neven-veut-tirer-les-enseignements-de-lincendie-des-hautes-fagnes-pour-lavenir-de-spa/,"Lors de l’incendie des Hautes Fagnes, l’aérodrome de Spa a joué un rôle important dans le déploiement des opérations aériennes et l’accueil des renforts européens. Cette semaine, Cécile Neven, Ministre...",2026-08-27T13:43:10Z,2026-08-28T08:54:25.212346Z,2026-08-28T14:03:13.847263Z,A la Une | Environnement & Climat,existing,6
a0d827c77ece648a4df244b4,dhnet,DH Les Sports+,news_media,national,Belgique,editorial_media,mixed_paywall,dhnet_rss,Flux actualités,actualités|presse|Belgique,fr,Coulées de boue géantes au Népal et au Tibet: de nouvelles images effroyables de la force de la nature qui n'a laissé aucune chance... (VIDEO),https://www.dhnet.be/actu/monde/2026/08/27/coulees-de-boue-geantes-au-nepal-et-au-tibet-de-nouvelles-images-effroyables-de-la-force-de-la-nature-qui-na-laisse-aucune-chance-video-FWIDS5EP75AGLNH6DHNRU2Z7QE/,"Selon l'Institut d'études géologiques des Etats-Unis (USGS), la vague a été causée par l'effondrement d'une partie d'un glacier, d'une violence telle qu'il a été enregistré comme un séisme de magnitude 5,2... On dénombre plus de 350 morts. On reste sans nouvelle de 1000 personnes et une seconde crue n'est pas impossible!...",2026-08-27T13:40:42Z,2026-08-28T14:03:52.325895Z,2026-08-28T14:03:17.464466Z,Monde,new,1
84ec7dd095118d85d316ae0f,dhnet,DH Les Sports+,news_media,national,Belgique,editorial_media,mixed_paywall,dhnet_rss,Flux actualités,actualités|presse|Belgique,fr,Le cube Viva for Life revient avec une édition inédite!,https://www.dhnet.be/medias/television/2026/08/27/le-cube-viva-for-life-revient-avec-une-edition-inedite-2PKGQ24MINFP7OFCMTQUGXPL3Q/,L'opération Viva for Life prendre ses quartiers du 17 au 23 décembre prochain à La Louvière. Une 14e édition qui s'annonce très particulière......,2026-08-27T13:32:29Z,2026-08-28T14:03:52.325895Z,2026-08-28T14:03:17.464466Z,Télévision,new,1
3f82a2e8f4ebfca54cc96630,mr_party,Mouvement Réformateur,political_party,national,Belgique,political_actor,,mr_party_rss,Flux des actualités,actualités|communiqués|réformes,fr,Tolérance zéro face aux violences contre les enseignants!,https://www.mr.be/tolerance-zero-face-aux-violences-contre-les-enseignants/,"À l’école, l’autorité de l’enseignant doit être respectée. Dès le 1er septembre, le nouveau Code pénal renforcera la protection des enseignants et des membres du personnel scolaire victimes de violences...",2026-08-27T13:16:18Z,2026-08-28T08:54:25.212346Z,2026-08-28T14:03:13.847263Z,A la Une | Enseignement,existing,6
b64160a952501102f463de6a,dhnet,DH Les Sports+,news_media,national,Belgique,editorial_media,mixed_paywall,dhnet_rss,Flux actualités,actualités|presse|Belgique,fr,"Ratko Mladic, l’ancien chef militaire des Serbes de Bosnie condamné pour génocide, est mort",https://www.dhnet.be/actu/monde/2026/08/27/ratko-mladic-lancien-chef-militaire-des-serbes-de-bosnie-condamne-pour-genocide-est-mort-7DN6B6TBBZG4JIA5OWOGHHFJMQ/,"L'ancien chef militaire des Serbes de Bosnie Ratko Mladic est mort, a annoncé jeudi la télévision publique serbe....",2026-08-27T13:04:52Z,2026-08-28T14:03:52.325895Z,2026-08-28T14:03:17.464466Z,Monde,new,1
c666533864d1575a10c157fa,la_libre,La Libre Belgique,news_media,national,Belgique,editorial_media,mixed_paywall,la_libre_rss,Flux Belgique,actualités|presse|Belgique,fr,La façade avant du Palais de Justice de Bruxelles enfin débarrassée de ses échafaudages (PHOTOS + VIDEO),https://www.lalibre.be/regions/bruxelles/2026/08/27/la-facade-avant-du-palais-de-justice-de-bruxelles-enfin-debarrassee-de-ses-echafaudages-photos-video-ZYWMYQ5I4VAVTG6RKY464CQWHA/,"Après plus de vingt ans derrière des échafaudages, la façade principale du Palais de Justice de Bruxelles réapparaît au terme d’une première phase de restauration....",2026-08-27T12:59:48Z,2026-08-28T14:03:52.325895Z,2026-08-28T14:03:16.960170Z,Bruxelles,new,1
fc7fe9fb981f85d76c6408a8,dhnet,DH Les Sports+,news_media,national,Belgique,editorial_media,mixed_paywall,dhnet_rss,Flux actualités,actualités|presse|Belgique,fr,"Eros Ramazzotti: opéré, le chanteur italien est contraint d’interrompre une partie de sa tournée",https://www.dhnet.be/medias/musique/2026/08/27/eros-ramazzotti-opere-le-chanteur-italien-est-contraint-dinterrompre-une-partie-de-sa-tournee-IZ5T7XLJT5AVTAPKQ6TO5MEZ7M/,"La star italienne, interprète de “Terra Promessa”, a annoncé une mauvaise nouvelle à ses fans....",2026-08-27T12:57:54Z,2026-08-28T14:03:52.325895Z,2026-08-28T14:03:17.464466Z,Musique,new,1
82833dfc182fb513225dbcaa,dhnet,DH Les Sports+,news_media,national,Belgique,editorial_media,mixed_paywall,dhnet_rss,Flux actualités,actualités|presse|Belgique,fr,Incendies en France: le célèbre chef Philippe Etchebest organise un concert où… il chantera pour aider les sinistrés (VIDEO),https://www.dhnet.be/actu/monde/2026/08/27/incendies-en-france-le-celebre-chef-philippe-etchebest-organise-un-concert-ou-il-chantera-pour-aider-les-sinistres-video-XVO4GX52ZBD2TKI3ZIVCXHGPG4/,"L’un des cuisiniers les plus connus de l’Hexagone, Philippe Etchebest souhaite aider les nombreux sinistrés des incendies....",2026-08-27T12:44:34Z,2026-08-28T14:03:52.325895Z,2026-08-28T14:03:17.464466Z,Monde,new,1
d8ca95324e34df53cd7d95ce,de_morgen,De Morgen,news_media,national,Belgique,editorial_media,mixed_paywall,de_morgen_rss,In het nieuws,actualités|presse|Belgique,nl,‘Opnieuw bewijs dat Oekraïense defensie-industrie doorn in oog van de Russen is’: drie verdachten opgepakt na verijdelde aanslag op dronefabriek Slovakije,https://www.demorgen.be/oorlog-in-oekraine/opnieuw-bewijs-dat-oekraiense-defensie-industrie-doorn-in-oog-van-de-russen-is-drie-verdachten-opgepakt-na-verijdelde-aanslag-op-dronefabriek-slovakije~b06e7f05/,,2026-08-27T12:37:00Z,2026-08-28T14:03:52.325895Z,2026-08-28T14:03:17.489081Z,,new,1
00fbf65b82f33dc3493e3be5,de_standaard,De Standaard,news_media,national,Belgique,editorial_media,mixed_paywall,de_standaard_rss,Binnenland,actualités|presse|Belgique,nl,"Tot zeven jaar cel voor leden Chinees prostitutienetwerk, maar activiteiten gaan door",https://www.standaard.be/binnenland/tot-zeven-jaar-cel-voor-leden-chinees-prostitutienetwerk-maar-activiteiten-gaan-door/160576090.html,"33 leden van het grootste mensenhandelnetwerk ooit in ons land zijn veroordeeld tot strenge straffen. In de Brusselse woonwijk waar de bende gevestigd was, blijven tot vandaag tientallen Chinese sekswerkers actief.",2026-08-27T12:30:00Z,2026-08-28T14:03:52.325895Z,2026-08-28T14:03:17.986125Z,Binnenland,new,1
92d6926fcfbe4e4e6a1cad7a,dhnet,DH Les Sports+,news_media,national,Belgique,editorial_media,mixed_paywall,dhnet_rss,Flux actualités,actualités|presse|Belgique,fr,"Les prévenus cultivaient près de 1 500 plants de cannabis près de Namur, ils ont été condamnés par la cour d’appel de Liège",https://www.dhnet.be/regions/liege/2026/08/27/les-prevenus-cultivaient-pres-de-1-500-plants-de-cannabis-pres-de-namur-ils-ont-ete-condamnes-par-la-cour-dappel-de-liege-RZDVIXOVGRGNHDPNFEBXDRMTCI/,"Devant le tribunal correctionnel de Namur, les prévenus se disputaient le rôle de dirigeant....",2026-08-27T12:30:00Z,2026-08-28T14:03:52.325895Z,2026-08-28T14:03:17.464466Z,Liège,new,1
a1af85332ef6b07dac856427,federal_press,Presscenter fédéral,institution,fédéral,Belgique,official_public,,federal_rss,Flux de tous les communiqués,communiqués,fr,La Régie des Bâtiments achève la restauration de la façade avant du Palais de Justice de Bruxelles,https://news.belgium.be/fr/la-regie-des-batiments-acheve-la-restauration-de-la-facade-avant-du-palais-de-justice-de-bruxelles,"Le jeudi 27 août 2026, la Régie des Bâtiments a organisé une cérémonie pour l’achèvement de la restauration de la façade avant du Palais de Justice de Bruxelles sur la place Poelaert. Les travaux ont débuté en août 2023 et sont à présent en grande partie achevés. Compte tenu des différentes vagues de chaleur survenues au cours de ces derniers mois d’été, certains travaux de finition nécessitent davantage de temps. L’accès principal situé place Poelaert sera remis en service au cours du mois de septembre 2026. La date précise sera communiquée par le SPF Justice.",2026-08-27T12:22:00Z,2026-08-27T14:54:10.855320Z,2026-08-28T14:03:11.090030Z,,existing,9
6912d5c723c2e2953a9e1922,la_libre,La Libre Belgique,news_media,national,Belgique,editorial_media,mixed_paywall,la_libre_rss,Flux Belgique,actualités|presse|Belgique,fr,Le petit Tyméo et Bryan Brigou seront inhumés lors de deux cérémonies séparées avant une marche blanche à Dinant,https://www.lalibre.be/belgique/judiciaire/2026/08/27/le-petit-tymeo-et-bryan-brigou-seront-inhumes-lors-de-deux-ceremonies-separees-avant-une-marche-blanche-a-dinant-P7TMG6MD7JDS5ADLYPMS6VDWY4/,"Après la découverte des corps de Tyméo et Bryan Brigou, leurs funérailles seront organisées séparément, avant une marche blanche prévue le 3 septembre à Dinant....",2026-08-27T12:10:12Z,2026-08-28T14:03:52.325895Z,2026-08-28T14:03:16.960170Z,Judiciaire,new,1
5b1371ac929c7d9ae563e4ef,dhnet,DH Les Sports+,news_media,national,Belgique,editorial_media,mixed_paywall,dhnet_rss,Flux actualités,actualités|presse|Belgique,fr,"La vie d’Amir et de sa famille brisée après avoir été percuté par un chauffard récidiviste: “En quelques secondes, notre petit garçon a tout perdu”",https://www.dhnet.be/actu/belgique/2026/08/27/la-vie-damir-et-de-sa-famille-brisee-apres-avoir-ete-percute-par-un-chauffard-recidiviste-en-quelques-secondes-notre-petit-garcon-a-tout-perdu-GAJSLZJK4NEATICOXSIGBTBEEA/,Sa maman et son beau-papa lancent un appel à l’aide pour permettre au garçon de 8 ans de poursuivre sa rééducation coûteuse. Un événement caritatif en son honneur se tiendra à Saint-Josse ce vendredi....,2026-08-27T12:02:57Z,2026-08-28T14:03:52.325895Z,2026-08-28T14:03:17.464466Z,Bruxelles Mobilité,new,1
dffde207002fe399d7c2a8a3,dhnet,DH Les Sports+,news_media,national,Belgique,editorial_media,mixed_paywall,dhnet_rss,Flux actualités,actualités|presse|Belgique,fr,"Annelies Verlinden monte au crénau sur les violences liées à la drogue: ""La Justice ne peut pas résoudre le problème toute seule""",https://www.dhnet.be/actu/belgique/2026/08/27/annelies-verlinden-monte-au-crenau-sur-les-violences-liees-a-la-drogue-la-justice-ne-peut-pas-resoudre-le-probleme-toute-seule-YNB4LCLPVZFCVIQZW7IX3SWBLA/,"La ministre de la Justice Annelies Verlinden (CD&V) a de nouveau plaidé jeudi pour davantage de moyens pour la Justice, au lendemain du Conseil régional de sécurité (Cores) consacré à l'augmentation des violences liées à la drogue à Bruxelles. Elle souligne toutefois que ""la Justice ne peut pas résoudre seule ce problème""....",2026-08-27T12:02:13Z,2026-08-28T14:03:52.325895Z,2026-08-28T14:03:17.464466Z,Belgique,new,1
2ed2b5be5561046ec77b45f6,la_libre,La Libre Belgique,news_media,national,Belgique,editorial_media,mixed_paywall,la_libre_rss,Flux Belgique,actualités|presse|Belgique,fr,"Violences liées à la drogue: pour la ministre Annelies Verlinden, ""la Justice ne peut pas résoudre seule ce problème""",https://www.lalibre.be/belgique/judiciaire/2026/08/27/violences-liees-a-la-drogue-pour-la-ministre-annelies-verlinden-la-justice-ne-peut-pas-resoudre-seule-ce-probleme-4E2NAC5FLBDAHLPRNRMB34M4QY/,"Annelies Verlinden soutient un renforcement des moyens pour la Justice, mais estime que les violences liées à la drogue exigent aussi des réponses sociales et préventives....",2026-08-27T11:54:59Z,2026-08-28T14:03:52.325895Z,2026-08-28T14:03:16.960170Z,Judiciaire,new,1
f42364dd4aad30a0971182ea,dhnet,DH Les Sports+,news_media,national,Belgique,editorial_media,mixed_paywall,dhnet_rss,Flux actualités,actualités|presse|Belgique,fr,"Rentrée judiciaire à Mons: Le meurtre de Bruno à Nimy et l’assassinat d’Ezekia à Frameries, jugés cet automne aux assises",https://www.dhnet.be/regions/mons/borinage/2026/08/27/rentree-judiciaire-a-mons-le-meurtre-de-bruno-a-nimy-et-lassassinat-dezekia-a-frameries-juges-cet-automne-aux-assises-DDJEXWHURJFWJNGICFCWAQQCRQ/,"Cinq dossiers ont été fixés devant la cour d’assises jusqu’au mois de novembre. En Première Instance, de nombreuses audiences sont déjà complètes alors que le nouveau Code pénal entre en vigueur le 1er septembre....",2026-08-27T11:01:00Z,2026-08-28T14:03:52.325895Z,2026-08-28T14:03:17.464466Z,Borinage,new,1
0b336e33c32cd450471ffec5,la_libre,La Libre Belgique,news_media,national,Belgique,editorial_media,mixed_paywall,la_libre_rss,Flux Belgique,actualités|presse|Belgique,fr,"Condamné à 17 ans de prison, Grégory Lenoci a choisi son nouvel avocat",https://www.lalibre.be/belgique/judiciaire/2026/08/27/condamne-a-17-ans-de-prison-gregory-lenoci-a-choisi-son-nouvel-avocat-3GPENJI4IJFA3EFMDNBIL3L3YM/,"Condamné à 17 ans de prison pour tentative d’assassinat, Grégory Lenoci va faire appel de sa condamnation avec un nouveau conseil. Me Michel Degrève reprend sa défense, après le retrait de Me Etienne Gras. Un pénaliste déjà aguerri aux dossiers les plus sensibles....",2026-08-27T10:07:20Z,2026-08-28T14:03:52.325895Z,2026-08-28T14:03:16.960170Z,Judiciaire,new,1
cb08c9a5cec6f1b1e33e5f64,dhnet,DH Les Sports+,news_media,national,Belgique,editorial_media,mixed_paywall,dhnet_rss,Flux actualités,actualités|presse|Belgique,fr,Visite mystérieuse du directeur de la CIA à Moscou: le Kremlin s'agace et parle d'agressivité de la part de l'Europe,https://www.dhnet.be/actu/monde/2026/08/27/visite-mysterieuse-du-directeur-de-la-cia-a-moscou-le-kremlin-sagace-et-parle-dagressivite-de-la-part-de-leurope-VBFOQTZ5PJDMJK5BGZ2SMDG6K4/,Dmitri Peskov a donné sa version concernant la visite inattendue et express du directeur de la CIA à Moscou....,2026-08-27T09:52:01Z,2026-08-28T14:03:52.325895Z,2026-08-28T14:03:17.464466Z,Monde,new,1
26ebfe71cdc599009c6b6fe4,dhnet,DH Les Sports+,news_media,national,Belgique,editorial_media,mixed_paywall,dhnet_rss,Flux actualités,actualités|presse|Belgique,fr,"Affaire Grégory Lenoci: Me Michel Degrève sera son nouvel avocat, une plainte contre l'Etat pour dysfonctionnement est à l'étude!",https://www.dhnet.be/actu/faits/2026/08/27/affaire-gregory-lenoci-me-michel-degreve-sera-son-nouvel-avocat-une-plainte-contre-letat-pour-dysfonctionnement-est-a-letude-YSSSYK55GFEMXNXIGISDXN5NOY/,"Condamné à 17 ans de prison pour tentative d’assassinat, Grégory Lenoci va faire appel de sa condamnation avec un nouveau conseil. Me Michel Degrève reprend sa défense, après le retrait de Me Etienne Gras. Un pénaliste déjà aguerri aux dossiers les plus sensibles....",2026-08-27T09:49:28Z,2026-08-28T14:03:52.325895Z,2026-08-28T14:03:17.464466Z,Faits divers,new,1
bfbfea98b1e3b8390a0d2b6b,la_libre,La Libre Belgique,news_media,national,Belgique,editorial_media,mixed_paywall,la_libre_rss,Flux Belgique,actualités|presse|Belgique,fr,"La proposition radicale de la bourgmestre d'Anvers pour lutter contre la criminalité: ""De nombreux Anversois se demandent pourquoi""",https://www.lalibre.be/belgique/judiciaire/2026/08/27/la-proposition-radicale-de-la-bourgmestre-danvers-pour-lutter-contre-la-criminalite-de-nombreux-anversois-se-demandent-pourquoi-IBG5XCIRQZCS3MGBDL4V4HNJZI/,"La bourgmestre d'Anvers, Els van Doesburg (N-VA), veut pouvoir fermer définitivement les commerces liés à des activités criminelles, plutôt que de devoir se limiter à des fermetures temporaires....",2026-08-27T09:32:24Z,2026-08-28T14:03:52.325895Z,2026-08-28T14:03:16.960170Z,Judiciaire,new,1
6e9ff4c58489a1e632184224,federal_press,Presscenter fédéral,institution,fédéral,Belgique,official_public,,federal_rss,Flux de tous les communiqués,communiqués,fr,Bons d'État - émission du 4 septembre 2026 - Résultat intermédiaire - Jour 1,https://news.belgium.be/fr/bons-detat-emission-du-4-septembre-2026-resultat-intermediaire-jour-1,Campagne des Bons d'État du 4 septembre 2026 - Résultat intermédiaire,2026-08-27T09:17:11Z,2026-08-27T14:54:10.855320Z,2026-08-28T14:03:11.090030Z,,existing,9
a0d6a1bbb4d0e2c31a1b4a7c,vrt_nws,VRT NWS,news_media,communauté,Flandre|Bruxelles,editorial_media,open,vrt_nws_rss,Flux VRT NWS,actualités|presse|Belgique,nl,"Aantal doden stijgt tot 538, ingenieurs zoeken oplossing voor stuwmeer",https://vrtnws.be/p.RayE6wZL6,,2026-08-27T09:04:09Z,2026-08-28T14:03:52.325895Z,2026-08-28T14:03:19.149230Z,,new,1
ea1736d8e9944bfadae747eb,dhnet,DH Les Sports+,news_media,national,Belgique,editorial_media,mixed_paywall,dhnet_rss,Flux actualités,actualités|presse|Belgique,fr,"IA raciste et sexiste, apprenons-lui le vivre ensemble et l’égalité",https://www.dhnet.be/actu/edito/2026/08/27/ia-raciste-et-sexiste-apprenons-lui-le-vivre-ensemble-et-legalite-6FWXHDF7FNEVHMV35RSOV3ELKA/,La Dernière Humeur de Zhen-Zhen Zveny....,2026-08-27T08:58:14Z,2026-08-28T14:03:52.325895Z,2026-08-28T14:03:17.464466Z,Edito,new,1
48e649ac8c7dab1ec66a29f3,dhnet,DH Les Sports+,news_media,national,Belgique,editorial_media,mixed_paywall,dhnet_rss,Flux actualités,actualités|presse|Belgique,fr,Lutte contre le narcotrafic: l’idée surprenante du président colombien pour diminuer les évasions,https://www.dhnet.be/actu/monde/2026/08/27/lutte-contre-le-narcotrafic-lidee-surprenante-du-president-colombien-pour-diminuer-les-evasions-DRFGSNXOQZHLBPGFLBWZID67ZU/,"En Colombie, le narcotrafic est d’un tout autre niveau par rapport à la Belgique. Et pour lutter contre cela, le dirigeant colombien a eu une petite idée....",2026-08-27T08:42:55Z,2026-08-28T14:03:52.325895Z,2026-08-28T14:03:17.464466Z,Monde,new,1
e522d229d12e862624dbc4a5,dhnet,DH Les Sports+,news_media,national,Belgique,editorial_media,mixed_paywall,dhnet_rss,Flux actualités,actualités|presse|Belgique,fr,Parc d’attractions “Dragon Ball”: un détail pourrait faire capoter l’immense projet!,https://www.dhnet.be/actu/monde/2026/08/27/parc-dattractions-dragon-ball-un-detail-pourrait-faire-capoter-limmense-projet-HD2L2CR6C5FLRFYAMAVOOQYBXQ/,"Un détail de taille pourrait compromettre l’installation du parc “Dragon Ball” en France, qui avait excité plus d’un fan du manga écrit par Akira Toriyama....",2026-08-27T07:49:27Z,2026-08-28T14:03:52.325895Z,2026-08-28T14:03:17.464466Z,Monde,new,1
6421ddf23e9af241793ba288,la_libre,La Libre Belgique,news_media,national,Belgique,editorial_media,mixed_paywall,la_libre_rss,Flux Belgique,actualités|presse|Belgique,fr,"Alex Germys: “La musique est ma passion, j’en vis depuis 10 ans. Mais parfois, je me dis que je pourrais très bien redevenir prof”",https://www.lalibre.be/belgique/enseignement/2026/08/27/alex-germys-la-musique-est-ma-passion-jen-vis-depuis-10-ans-mais-parfois-je-me-dis-que-je-pourrais-tres-bien-redevenir-prof-74K5JBVPBNDT7E5STGOMIYNLUA/,"Le producteur, auteur-compositeur et DJ Alex Germys évoque son admiration pour le métier de professeur, qu’il a d’ailleurs lui-même exercé pendant quelques années....",2026-08-27T07:46:05Z,2026-08-28T14:03:52.325895Z,2026-08-28T14:03:16.960170Z,Enseignement,new,1
f4525bdd0fcc20a3338a145b,la_libre,La Libre Belgique,news_media,national,Belgique,editorial_media,mixed_paywall,la_libre_rss,Flux Belgique,actualités|presse|Belgique,fr,"Décès de Tyméo et Bryan Brigou: ""C’est un très gros coup dur pour mes enquêteurs""",https://www.lalibre.be/belgique/judiciaire/2026/08/27/deces-de-tymeo-et-bryan-brigou-cest-un-tres-gros-coup-dur-pour-mes-enqueteurs-NZIKZLDVNBAS7IHYDNOEE6R5FE/,"David Demaude, le patron de la PJF Namur, comprend les critiques mais insiste sur l’investissement sans faille de son équipe....",2026-08-27T07:40:10Z,2026-08-28T14:03:52.325895Z,2026-08-28T14:03:16.960170Z,Judiciaire,new,1
b299fdd14942595c59410241,dhnet,DH Les Sports+,news_media,national,Belgique,editorial_media,mixed_paywall,dhnet_rss,Flux actualités,actualités|presse|Belgique,fr,"L'état de santé du roi Harald de Norvège est ""extrêmement grave"", la famille rassemblée à l'hôpital",https://www.dhnet.be/actu/monde/2026/08/27/letat-de-sante-du-roi-harald-de-norvege-est-extremement-grave-7PAPMZCIAFF2TFT6GK33XHLMXI/,Le roi Harald de Norvège est hospitalisé depuis plusieurs jours et son état est critique....,2026-08-27T07:36:28Z,2026-08-28T14:03:52.325895Z,2026-08-28T14:03:17.464466Z,Monde,new,1
50cb314edba052b6c413715e,de_standaard,De Standaard,news_media,national,Belgique,editorial_media,mixed_paywall,de_standaard_rss,Binnenland,actualités|presse|Belgique,nl,Prins Gabriël studeert af aan Koninklijke Militaire School en kiest voor opleiding tot paracommando,https://www.standaard.be/binnenland/prins-gabriel-studeert-af-aan-koninklijke-militaire-school-en-kiest-voor-opleiding-tot-paracommando/160572185.html,"Na vier jaar studeren aan de Koninklijke Militaire School ontvangt prins Gabriël donderdag zijn masterdiploma. Daarmee rondt hij als eerste Belgische prins de volledige opleiding sociale en militaire wetenschappen af. Hij zet zijn militaire parcours voort met een officiersopleiding in Aarlen, gevolgd door een opleiding tot paracommando.",2026-08-27T07:35:00Z,2026-08-28T14:03:52.325895Z,2026-08-28T14:03:17.986125Z,Binnenland,new,1
9700696f88310ff63cfbb5e7,dhnet,DH Les Sports+,news_media,national,Belgique,editorial_media,mixed_paywall,dhnet_rss,Flux actualités,actualités|presse|Belgique,fr,Les agresseurs ont été condamnés par la cour d'appel de Liège après avoir tabassé un homme à Namur,https://www.dhnet.be/regions/liege/2026/08/27/les-agresseurs-ont-ete-condamnes-par-la-cour-dappel-de-liege-apres-avoir-tabasse-un-homme-a-namur-VKXFD33ETZHIXMZA2MIX4WMJO4/,L’homme a été agressé par plusieurs hommes qui ont prétendu chercher une direction avant de se faire voler son téléphone et son portefeuille....,2026-08-27T07:33:41Z,2026-08-28T14:03:52.325895Z,2026-08-28T14:03:17.464466Z,Liège,new,1
612671a54b1db2b0c5d10e40,la_libre,La Libre Belgique,news_media,national,Belgique,editorial_media,mixed_paywall,la_libre_rss,Flux Belgique,actualités|presse|Belgique,fr,"""Après l'enquête, ceux qui portent les responsabilités devront les prendre"": le ministre Quintin s'exprime après l'incendie dans les Hautes Fagnes",https://www.lalibre.be/belgique/politique-belge/2026/08/27/apres-lenquete-ceux-qui-portent-les-responsabilites-devront-les-prendre-le-ministre-quintin-sexprime-apres-lincendie-dans-les-hautes-fagnes-SS3V74APY5CNPL4XIIWG3LXZTQ/,"Une fois que l'enquête sur les causes de l'incendie dans les Hautes Fagnes aura déterminé quelles sont les responsabilités, ""il faudra que celles et ceux qui ont ces responsabilités-là les prennent"", a déclaré le ministre de l'Intérieur Bernard Quintin (MR) jeudi sur La Première (RTBF). Des travaux de fauchage réalisés avec un engin agricole figurent parmi les éléments examinés pour déterminer l'origine du feu....",2026-08-27T07:32:17Z,2026-08-28T14:03:52.325895Z,2026-08-28T14:03:16.960170Z,Politique belge,new,1
96879010317ee6628b198936,dhnet,DH Les Sports+,news_media,national,Belgique,editorial_media,mixed_paywall,dhnet_rss,Flux actualités,actualités|presse|Belgique,fr,"Accident à l'Alpe d'Huez: une télécabine heurte une grue, 23 blessés dont trois graves",https://www.dhnet.be/actu/monde/2026/08/27/accident-a-lalpe-dhuez-une-telecabine-heurte-une-grue-23-blesses-dont-trois-graves-GDWNAWVI4JDMZK57YYZ45ZM274/,Une cinquantaine de personnes se trouvaient dans une télécabine de l'Alpe d'Huez quand elle a heurté une grue. Plusieurs blessés sont à déplorer....,2026-08-27T07:09:55Z,2026-08-28T14:03:52.325895Z,2026-08-28T14:03:17.464466Z,Monde,new,1
5c414dd5028836cdf417b9b6,dhnet,DH Les Sports+,news_media,national,Belgique,editorial_media,mixed_paywall,dhnet_rss,Flux actualités,actualités|presse|Belgique,fr,Un jeune homme enlevé et frappé pour une histoire de GSM à Mons: “Ces justiciers sont âgés de vingt ans”,https://www.dhnet.be/regions/mons/borinage/2026/08/27/un-jeune-homme-enleve-et-frappe-pour-une-histoire-de-gsm-a-mons-ces-justiciers-sont-ages-de-vingt-ans-UOGRJHAWRFF3HGCAAVNWJSW7VI/,Le parquet a requis 18 mois de prison avec sursis contre ces quatre justiciers....,2026-08-27T07:02:00Z,2026-08-28T14:03:52.325895Z,2026-08-28T14:03:17.464466Z,Borinage,new,1
ab999589d411efe5a797d71b,dhnet,DH Les Sports+,news_media,national,Belgique,editorial_media,mixed_paywall,dhnet_rss,Flux actualités,actualités|presse|Belgique,fr,Voici la cause avancée par les scientifiques pour expliquer les inondations meurtrières au Népal et au Tibet,https://www.dhnet.be/actu/monde/2026/08/27/voici-la-cause-avancee-par-les-scientifiques-pour-expliquer-les-inondations-meurtrieres-au-nepal-et-au-tibet-N4GUNKK6UVAK5NMGSGLUJ5HXBE/,Les scientifiques ont évoqué une piste principale pour expliquer les crues soudaines et meurtrières qui ont fait des centaines de disparus et tué au moins 165 personnes au Népal et au Tibet....,2026-08-27T06:26:16Z,2026-08-28T14:03:52.325895Z,2026-08-28T14:03:17.464466Z,Monde,new,1
ada04700b670b47180a92298,la_libre,La Libre Belgique,news_media,national,Belgique,editorial_media,mixed_paywall,la_libre_rss,Flux Belgique,actualités|presse|Belgique,fr,"Grève sur le réseau TEC ce jeudi: perturbations importantes à Namur et à Liège, rien ne roule à Charleroi",https://www.lalibre.be/economie/entreprises-startup/2026/08/27/greve-sur-le-reseau-tec-ce-jeudi-un-voyage-sur-trois-supprime-sur-le-reseau-liege-verviers-CRU4DADQBJFGXINPXFV7LFGIII/,"Les perturbations étaient importantes jeudi matin sur le réseau Letec en Wallonie à la suite du préavis de grève déposé par les syndicats pour ces jeudi et vendredi, communique la société de transport public sur son site internet. Un voyage sur trois est ainsi supprimé sur le réseau Liège-Verviers, tandis que rien ne roule à Charleroi et que plus de 40% des parcours ne sont pas assurés à Namur....",2026-08-27T06:25:20Z,2026-08-28T14:03:52.325895Z,2026-08-28T14:03:16.960170Z,Entreprises & Start-up,new,1
a8a431aac18abff4d288adc0,de_standaard,De Standaard,news_media,national,Belgique,editorial_media,mixed_paywall,de_standaard_rss,Binnenland,actualités|presse|Belgique,nl,"“Zwaar onweer met hevige neerslag, hagel en felle rukwinden mogelijk”: KMI kondigt code geel in heel België af",https://www.standaard.be/binnenland/zwaar-onweer-met-hevige-neerslag-hagel-en-felle-rukwinden-mogelijk-kmi-kondigt-code-geel-in-heel-belgie-af/160569445.html,"Het KMI verwacht donderdagavond onweer in het hele land. “Er is kans op zwaar onweer met hevige neerslag, hagel en felle rukwinden”, klinkt het. Vanaf 17 uur geldt dan ook code geel onweer in het hele land.",2026-08-27T05:58:09Z,2026-08-28T14:03:52.325895Z,2026-08-28T14:03:17.986125Z,Binnenland,new,1
cfd45453e4a6a8e1c7c25127,la_libre,La Libre Belgique,news_media,national,Belgique,editorial_media,mixed_paywall,la_libre_rss,Flux Belgique,actualités|presse|Belgique,fr,La cheffe de groupe aurait mieux fait de réfléchir avant de parler,https://www.lalibre.be/belgique/politique-belge/2026/08/27/la-cheffe-de-groupe-aurait-mieux-fait-de-reflechir-avant-de-parler-JN52XP2XHJBQRKDA2VWRFM7EVM/,Un billet d’humeur de Stéphane Tassin....,2026-08-27T05:52:23Z,2026-08-28T14:03:52.325895Z,2026-08-28T14:03:16.960170Z,Politique belge,new,1
c12cf8bf7d5d92b6651c77bd,dhnet,DH Les Sports+,news_media,national,Belgique,editorial_media,mixed_paywall,dhnet_rss,Flux actualités,actualités|presse|Belgique,fr,La raison derrière le mystérieux et inhabituel voyage du patron de la CIA à Moscou,https://www.dhnet.be/actu/monde/2026/08/27/la-raison-du-mysterieux-et-inhabituel-voyage-du-patron-de-la-cia-a-moscou-RKSSO5OXOFAKZB2LF6KLBSWI2Q/,Le patron de la CIA s'est rendu à Moscou pour une raison bien précise. Il craint pour la sécurité de l'OTAN....,2026-08-27T05:50:09Z,2026-08-28T14:03:52.325895Z,2026-08-28T14:03:17.464466Z,Monde,new,1
626ec4689b2ebee4e9d5ff9e,la_libre,La Libre Belgique,news_media,national,Belgique,editorial_media,mixed_paywall,la_libre_rss,Flux Belgique,actualités|presse|Belgique,fr,"Avoirs dormants, pensions, nouveau code pénal... Tout ce qui change pour les Belges le 1er septembre 2026",https://www.lalibre.be/economie/mes-finances/2026/08/27/avoirs-dormants-pensions-nouveau-code-penal-tout-ce-qui-change-pour-les-belges-le-1er-septembre-2026-MLCPMYKFWJC4TFWUXR6J6AVP5M/,Plusieurs changements interviennent dans la vie des Belges à partir du 1er septembre 2026....,2026-08-27T05:43:36Z,2026-08-28T14:03:52.325895Z,2026-08-28T14:03:16.960170Z,Mes Finances,new,1
e5a48f81bdd5b0f236b8d43b,dhnet,DH Les Sports+,news_media,national,Belgique,editorial_media,mixed_paywall,dhnet_rss,Flux actualités,actualités|presse|Belgique,fr,"Avoirs dormants dans les caisses de l'État, augmentation des prix chez Spotify, port du voile interdit... Tout ce qui change le 1er septembre 2026",https://www.dhnet.be/actu/belgique/2026/08/27/nouveau-code-penal-augmentation-des-prix-chez-spotify-port-du-voile-tout-ce-qui-change-le-1er-septembre-2026-en-belgique-G2RT2G4IWVCBZPLT45BYW2H55A/,Plusieurs changements interviennent dans la vie des Belges à partir du 1er septembre 2026....,2026-08-27T05:35:36Z,2026-08-28T14:03:52.325895Z,2026-08-28T14:03:17.464466Z,Belgique,new,1
fa775e3abd42aa6d130e8901,la_libre,La Libre Belgique,news_media,national,Belgique,editorial_media,mixed_paywall,la_libre_rss,Flux Belgique,actualités|presse|Belgique,fr,"""Bryan était un père aimant. Il n’était pas violent vis-à-vis de sa compagne, ni de son enfant""",https://www.lalibre.be/belgique/judiciaire/2026/08/27/bryan-etait-un-pere-aimant-il-netait-pas-violent-vis-a-vis-de-sa-compagne-ni-de-son-enfant-73X6PRVBO5AZDBBZII2V3YSBA4/,"Me David Poelaert, l’avocat de Tina, la maman de Tyméo, est revenu sur les 48h qui se sont écoulées depuis la découverte du corps de l’enfant....",2026-08-27T05:28:04Z,2026-08-28T14:03:52.325895Z,2026-08-28T14:03:16.960170Z,Judiciaire,new,1
34094b2f6709c393f9c0b475,la_libre,La Libre Belgique,news_media,national,Belgique,editorial_media,mixed_paywall,la_libre_rss,Flux Belgique,actualités|presse|Belgique,fr,Le temps se gâte en Belgique: des averses matinales et des orages en fin de journée sont prévus,https://www.lalibre.be/belgique/societe/2026/08/27/le-temps-se-gate-en-belgique-des-averses-matinales-et-des-orages-en-fin-de-journee-sont-prevus-BZBNG2XR7VD5FMADBLKTSU227Y/,"Il y aura d'abord des averses, localement orageuses, depuis le sud, ensuite, un temps plus calme et temporairement plus ensoleillé jeudi, annonce l'Institut royal météorologique (IRM) en début de journée....",2026-08-27T05:19:45Z,2026-08-28T14:03:52.325895Z,2026-08-28T14:03:16.960170Z,Société,new,1
e9707b61c01be8fd488a2cd8,dhnet,DH Les Sports+,news_media,national,Belgique,editorial_media,mixed_paywall,dhnet_rss,Flux actualités,actualités|presse|Belgique,fr,"Inondations soudaines au Népal et au Tibet: au moins 359 morts, plus d'un millier de disparus dont trois Belges",https://www.dhnet.be/actu/monde/2026/08/27/inondations-soudaines-au-nepal-et-au-tibet-au-moins-162-morts-pres-dun-millier-de-disparus-dont-des-centaines-de-touristes-etrangers-MNLBXRCJF5BRHMGK7CRBLLWN4E/,"Selon un dernier bilan, au moins 359 personnes sont mortes dans les crues soudaines au Népal et au Tibet....",2026-08-27T05:17:56Z,2026-08-28T14:03:52.325895Z,2026-08-28T14:03:17.464466Z,Monde,new,1
dd27d51de6bc4453a2df3541,dhnet,DH Les Sports+,news_media,national,Belgique,editorial_media,mixed_paywall,dhnet_rss,Flux actualités,actualités|presse|Belgique,fr,"Météo: du soleil puis des orages attendus ce jeudi, le 1722 activé",https://www.dhnet.be/actu/belgique/2026/08/27/meteo-du-soleil-et-des-orages-attendus-ce-jeudi-YZ5MTBOVJJCB7DGMXW5IQ7YLLE/,Voici les prévisions de l'IRM pour ce jeudi 27 août 2026....,2026-08-27T04:58:48Z,2026-08-28T14:03:52.325895Z,2026-08-28T14:03:17.464466Z,Belgique,new,1
d870c68d99c14ef808a05dd3,dhnet,DH Les Sports+,news_media,national,Belgique,editorial_media,mixed_paywall,dhnet_rss,Flux actualités,actualités|presse|Belgique,fr,"Une voiture fonce dans la foule à Caen: le bilan s'alourdit à deux morts, voici ce que l'on sait",https://www.dhnet.be/actu/monde/2026/08/27/une-voiture-fonce-dans-la-foule-a-caen-au-moins-un-mort-et-dix-blesses-voici-ce-que-lon-sait-5MMXBRPTLBBGLF42Y6PZAN7ITU/,"Un homme a ""délibérément"" foncé mercredi soir sur un groupe près d'un bar de Caen avec son véhicule, tuant deux personnes et en blessant une dizaine d'autres, avant d'être interpellé, selon des sources concordantes....",2026-08-27T04:48:55Z,2026-08-28T14:03:52.325895Z,2026-08-28T14:03:17.464466Z,Monde,new,1
f82dc80ff1faf8ffa5825d7c,la_libre,La Libre Belgique,news_media,national,Belgique,editorial_media,mixed_paywall,la_libre_rss,Flux Belgique,actualités|presse|Belgique,fr,"Malades de longue durée: le coût des burn-out et dépressions des travailleurs a atteint 2,7 milliards d’euros en 2024, un nouveau record",https://www.lalibre.be/belgique/politique-belge/2026/08/27/malades-de-longue-duree-le-cout-des-burn-out-et-depressions-des-travailleurs-a-atteint-27-milliards-deuros-en-2024-un-nouveau-record-L6ZYZWRJ4JEPFB7SE2IO2FPLSY/,"Les troubles mentaux sont la première cause de l’incapacité de travail de longue durée, selon les chiffres que l’Inami vient d’actualiser....",2026-08-27T04:39:50Z,2026-08-28T14:03:52.325895Z,2026-08-28T14:03:16.960170Z,Politique belge,new,1
80be97536d204f7aa5272d82,la_libre,La Libre Belgique,news_media,national,Belgique,editorial_media,mixed_paywall,la_libre_rss,Flux Belgique,actualités|presse|Belgique,fr,Des experts dénoncent “la stigmatisation et la méfiance” dont font l’objet les malades de longue durée,https://www.lalibre.be/belgique/politique-belge/2026/08/27/des-experts-denoncent-la-stigmatisation-et-la-mefiance-dont-font-lobjet-les-malades-de-longue-duree-FMMD27ACVVDI5DUGRE5KR2EVIQ/,"Selon l’Observatoire des maladies chroniques, le gouvernement fédéral prend des mesures qui mettent trop l’accent sur la répression et pas assez sur la prévention ni sur les conditions de la reprise du travail....",2026-08-27T04:39:24Z,2026-08-28T14:03:52.325895Z,2026-08-28T14:03:16.960170Z,Politique belge,new,1
ec39950adf1d100492f156da,dhnet,DH Les Sports+,news_media,national,Belgique,editorial_media,mixed_paywall,dhnet_rss,Flux actualités,actualités|presse|Belgique,fr,"Où Bart De Wever va-t-il trouver 10 milliards d’euros? “Toucher aux voitures de société, ce serait très courageux”",https://www.dhnet.be/actu/belgique/2026/08/27/ou-bart-de-wever-va-t-il-trouver-10-milliards-deuros-toucher-aux-voitures-de-societe-ce-serait-tres-courageux-V4HQ7X7VBVBZRLSH3M5MBHMSLY/,"La marge de manœuvre du Premier ministre est très serrée, selon les économistes Philippe Defeyt et Bruno Colmant. Mais des pistes existent....",2026-08-27T04:38:20Z,2026-08-28T14:03:52.325895Z,2026-08-28T14:03:17.464466Z,Belgique,new,1
3eb86383d4a8d0e98a2acf54,dhnet,DH Les Sports+,news_media,national,Belgique,editorial_media,mixed_paywall,dhnet_rss,Flux actualités,actualités|presse|Belgique,fr,"L’Arizona lance la traque aux 10 milliards d’euros: “Actuellement, personne n’ose mettre ses cartes sur la table”",https://www.dhnet.be/actu/belgique/2026/08/27/larizona-lance-la-traque-aux-10-milliards-deuros-actuellement-personne-nose-mettre-ses-cartes-sur-la-table-HAV4GEQFWJAM7KOYR4UGMYFTA4/,"Avant les précédentes négociations budgétaires, chaque partenaire de majorité lâchait des ballons d’essai dans la presse. Cette fois-ci, les partis restent encore remarquablement discrets sur leurs intentions....",2026-08-27T04:38:19Z,2026-08-28T14:03:52.325895Z,2026-08-28T14:03:17.464466Z,Belgique,new,1
3f68ef19f0bcd8d30d1a2186,de_morgen,De Morgen,news_media,national,Belgique,editorial_media,mixed_paywall,de_morgen_rss,In het nieuws,actualités|presse|Belgique,nl,"Zonen sneuvelen, mannen worden van straat geplukt en 113.000 Russen steken grens met Georgië over: de groeiende mobilisatiepaniek in Rusland",https://www.demorgen.be/nieuws/zonen-sneuvelen-mannen-worden-van-straat-geplukt-en-113-000-russen-steken-grens-met-georgie-over-de-groeiende-mobilisatiepaniek-in-rusland~b7a9788f/,,2026-08-27T01:00:00Z,2026-08-28T14:03:52.325895Z,2026-08-28T14:03:17.489081Z,,new,1
0db79b9e5227d9f460550f0b,csp_dg_party,CSP Ostbelgien,political_party,communauté,Communauté germanophone,political_actor,,csp_dg_party_rss,Flux des actualités,actualités|communiqués|réformes,de,"Pascal Arimont und Jean-Paul Bastin zum Brand im Hohen Venn: „Wir brauchen eine Anerkennung für die Landwirte, die sich spontan engagiert haben“",https://www.csp-dg.be/single-post/pascal-arimont-und-jean-paul-bastin-zum-brand-im-hohen-venn-wir-brauchen-eine-anerkennung-f%C3%BCr-die,"Jean-Paul Bastin, Abgeordneter im Wallonischen Parlament und Bürgermeister von Malmedy (Les Engagés), und Pascal Arimont, CSP-Europaabgeordneter aus Büllingen, schlagen eine Anerkennung für die Landwirte vor, die sich beim Brand im Hohen Venn spontan an der Seite der Rettungskräfte engagiert haben.",2026-08-26T22:00:00Z,2026-08-28T08:54:25.212346Z,2026-08-28T14:03:12.997750Z,EUROPA,existing,6
d96e0c113e9638d012b043f0,de_standaard,De Standaard,news_media,national,Belgique,editorial_media,mixed_paywall,de_standaard_rss,Binnenland,actualités|presse|Belgique,nl,"Na de mediacampagne van de Belgische brouwers: een frisse pint op café, is dat nog wel ‘wie wij zijn’?",https://www.standaard.be/binnenland/na-de-mediacampagne-van-de-belgische-brouwers-een-frisse-pint-op-cafe-is-dat-nog-wel-wie-wij-zijn/160530801.html,"Met een mediacampagne slaakte de koepelvereniging Belgische Brouwers woensdag een noodkreet: het geplande strengere alcoholbeleid zou de Belgische biercultuur stigmatiseren. Maar nu de bierconsumptie daalt, rijst de vraag hoe het echt gesteld is met onze biercultuur.",2026-08-26T21:59:00Z,2026-08-28T14:03:52.325895Z,2026-08-28T14:03:17.986125Z,Binnenland,new,1
64c903f2a30adced58be5cb1,de_standaard,De Standaard,news_media,national,Belgique,editorial_media,mixed_paywall,de_standaard_rss,Binnenland,actualités|presse|Belgique,nl,Hitte treft kinderen wereldwijd het hardst,https://www.standaard.be/natuur-en-wetenschap/hitte-treft-kinderen-wereldwijd-het-hardst/160525372.html,Nieuw onderzoek aan de VUB wijst uit dat de klimaatverandering kinderen buitenproportioneel veel leed bezorgt. Vooral Zuid-Azië en West-Afrika ondervinden dat aan den lijve. Ook in Brussel is de hittestressdrempel meermaals overschreden.,2026-08-26T21:59:00Z,2026-08-28T14:03:52.325895Z,2026-08-28T14:03:17.986125Z,Natuur en Wetenschap,new,1
a94c39dd51d31468d544498f,de_standaard,De Standaard,news_media,national,Belgique,editorial_media,mixed_paywall,de_standaard_rss,Binnenland,actualités|presse|Belgique,nl,Test | Bent u een topper in wiskunde?,https://www.standaard.be/binnenland/test-bent-u-een-topper-in-wiskunde/160335814.html,Het aantal leerlingen dat uitblinkt in wiskunde is de voorbije twee decennia fors geslonken. Maar wat is uitblinken? Zou u tot de groep van topleerlingen horen? Doe de test.,2026-08-26T21:59:00Z,2026-08-28T14:03:52.325895Z,2026-08-28T14:03:17.986125Z,Binnenland,new,1
221c35f01ecd50d4eb3d7c67,de_standaard,De Standaard,news_media,national,Belgique,editorial_media,mixed_paywall,de_standaard_rss,Binnenland,actualités|presse|Belgique,nl,In twintig jaar tijd speelde het onderwijs 140.000 wiskundetoppers kwijt,https://www.standaard.be/binnenland/in-twintig-jaar-tijd-speelde-het-onderwijs-140.000-wiskundetoppers-kwijt/160335482.html,"De sterkste leerlingen hebben de afgelopen decennia aan cognitieve vaardigheden ingeboet. “We laten veel kinderen in de steek die enorme talenten hebben, maar niet gezien of uitgedaagd worden.”",2026-08-26T21:59:00Z,2026-08-28T14:03:52.325895Z,2026-08-28T14:03:17.986125Z,Binnenland,new,1
bf2c23e13acc549a2dd43377,dhnet,DH Les Sports+,news_media,national,Belgique,editorial_media,mixed_paywall,dhnet_rss,Flux actualités,actualités|presse|Belgique,fr,"Météo: avertissement aux orages violents jeudi en fin de journée, le numéro 1722 activé",https://www.dhnet.be/actu/belgique/2026/08/26/meteo-avertissement-aux-orages-violents-jeudi-en-fin-de-journee-FS3LRRQBZ5AXHJ4Q2UZSFBEF3Q/,L'Institut royal météorologique (IRM) a émis un avertissement jaune aux orages pour toute la Belgique dès jeudi après-midi jusqu'à vendredi à l'aube....,2026-08-26T21:57:26Z,2026-08-28T14:03:52.325895Z,2026-08-28T14:03:17.464466Z,Belgique,new,1
3198f18d11866a7f10b56a4d,la_libre,La Libre Belgique,news_media,national,Belgique,editorial_media,mixed_paywall,la_libre_rss,Flux Belgique,actualités|presse|Belgique,fr,Orages: l’IRM place toute la Belgique en alerte jaune dès jeudi après-midi,https://www.lalibre.be/belgique/societe/2026/08/26/orages-lirm-place-toute-la-belgique-en-alerte-jaune-des-jeudi-apres-midi-BF3C7NTK5RD47LKRL5ZQ7M7ADM/,"Après plusieurs journées estivales, le temps va nettement se dégrader en Belgique. La fin de semaine s’annonce agitée avec un épisode météo potentiellement intense sur l’ensemble du pays....",2026-08-26T21:57:25Z,2026-08-28T14:03:52.325895Z,2026-08-28T14:03:16.960170Z,Société,new,1
a1be6680a715cac2abf4f6d8,defence,Défense belge,institution,fédéral,Belgique|international,official_public,,defence_rss,Flux des actualités,actualités|communiqués,fr,L’Année de Service Militaire débute aujourd’hui à la Marine,https://www.mil.be/fr/news/l-annee-de-service-militaire-debute-aujourd-hui-a-la-marine/,"La Marine accueille, aujourd’hui à Sint-Kruis (Bruges), les 50 premiers volontaires de l’Année de Service Militaire: 33 jeunes néerlandophones et 17 jeunes francophones. C’est le coup d’envoi officiel de cette initiative de la Défense associant engagement citoyen et renforcement de la réserve.",2026-08-26T21:51:09Z,2026-08-27T14:54:10.855320Z,2026-08-28T14:03:09.351080Z,,existing,9
4b39350f4a185391daaf2d24,dhnet,DH Les Sports+,news_media,national,Belgique,editorial_media,mixed_paywall,dhnet_rss,Flux actualités,actualités|presse|Belgique,fr,Inondations au Népal et au Tibet: les Affaires étrangères restent sans nouvelle de trois Belges,https://www.dhnet.be/actu/monde/2026/08/26/inondations-au-nepal-et-au-tibet-les-affaires-etrangeres-restent-sans-nouvelle-de-trois-belges-BNYMEZEFNVGURFJDWZVMDHE6BI/,"Les Affaires étrangères sont sans nouvelle de trois touristes Belges dans les régions du Népal qui ont été touchées par de graves inondations et glissements de terrain, a communiqué mercredi soir le porte-parole du ministère des Affaires étrangères....",2026-08-26T21:41:55Z,2026-08-28T14:03:52.325895Z,2026-08-28T14:03:17.464466Z,Monde,new,1
fa8ddda50617815fcf7d0a60,la_libre,La Libre Belgique,news_media,national,Belgique,editorial_media,mixed_paywall,la_libre_rss,Flux Belgique,actualités|presse|Belgique,fr,Le prince Gabriel va relever un nouveau défi: ce qui l’attend après l'École royale militaire,https://www.lalibre.be/belgique/societe/2026/08/26/le-prince-gabriel-va-relever-un-nouveau-defi-militaire-ce-qui-lattend-apres-lecole-royale-militaire-FTOKTTONLFHXZOZBLKMHAUUB74/,"À 23 ans, le fils du roi Philippe s’apprête à franchir une nouvelle étape dans son parcours. Une décision qui confirme peu à peu l’orientation qu’il souhaite donner à son avenir....",2026-08-26T20:21:01Z,2026-08-28T14:03:52.325895Z,2026-08-28T14:03:16.960170Z,Société,new,1
e51c7cb9fe147db7b71fced8,dhnet,DH Les Sports+,news_media,national,Belgique,editorial_media,mixed_paywall,dhnet_rss,Flux actualités,actualités|presse|Belgique,fr,“La Russie envisage une nouvelle escalade”: Vladimir Poutine accentue la pression sur l'Ukraine,https://www.dhnet.be/actu/monde/2026/08/26/la-russie-envisage-une-nouvelle-escalade-vladimir-poutine-accentue-la-pression-sur-lukraine-FVOAXG4V4JC2JI2LCVIH6RAHUA/,Le président russe voudrait mettre un nouveau coup de pression dans le cadre de la guerre en Ukraine. Il estimerait en outre que les sanctions occidentales le freinent peu....,2026-08-26T20:04:59Z,2026-08-28T14:03:52.325895Z,2026-08-28T14:03:17.464466Z,Monde,new,1
693fed3815e48fa968f61c80,dhnet,DH Les Sports+,news_media,national,Belgique,editorial_media,mixed_paywall,dhnet_rss,Flux actualités,actualités|presse|Belgique,fr,Incendie dans les Hautes Fagnes: une hypothèse pour le départ du feu prend de l'ampleur,https://www.dhnet.be/actu/belgique/2026/08/26/incendie-dans-les-hautes-fagnes-une-hypothese-pour-le-depart-du-feu-prend-de-lampleur-LT7TGHJUPVEQZOTRALVLLZIUMY/,Nos confrères de la RTBF ont mené leurs investigations. Avec un résultat interpellant....,2026-08-26T19:34:14Z,2026-08-28T14:03:52.325895Z,2026-08-28T14:03:17.464466Z,Belgique,new,1
5346c5621c1016f7f9c357cd,la_libre,La Libre Belgique,news_media,national,Belgique,editorial_media,mixed_paywall,la_libre_rss,Flux Belgique,actualités|presse|Belgique,fr,"""C'est scandaleux"": une hypothèse prend de plus en plus d’ampleur pour expliquer le point de départ de l'incendie des Hautes Fagnes",https://www.lalibre.be/belgique/societe/2026/08/26/quest-ce-qui-a-provoque-le-depart-du-feu-dans-les-hautes-fagnes-une-hypothese-prend-de-plus-en-plus-dampleur-IHGERI2RRBE5ZMBF6R6W33FOQ4/,Nos confrères de la RTBF ont mené leurs investigations. Avec un résultat interpellant....,2026-08-26T19:11:48Z,2026-08-28T14:03:52.325895Z,2026-08-28T14:03:16.960170Z,Société,new,1
514e99a421148fd76434094a,dhnet,DH Les Sports+,news_media,national,Belgique,editorial_media,mixed_paywall,dhnet_rss,Flux actualités,actualités|presse|Belgique,fr,Un nouveau séisme frappe la Colombie deux semaines après un tremblement de terre dévastateur,https://www.dhnet.be/actu/monde/2026/08/26/un-nouveau-seisme-frappe-la-colombie-deux-semaines-apres-un-tremblement-de-terre-devastateur-MXQAXJI7OVCPLAW5QALI3DKPKU/,"Un séisme de magnitude 5,1 a frappé mercredi Bogota et d'autres villes de Colombie, sans faire de victimes selon les premiers constats mais en suscitant la peur chez les habitants, deux semaines après un tremblement de terre meurtrier dans l'ouest du pays....",2026-08-26T19:00:23Z,2026-08-28T14:03:52.325895Z,2026-08-28T14:03:17.464466Z,Monde,new,1
e4dff9c9eff72a7bb4f39a97,la_libre,La Libre Belgique,news_media,national,Belgique,editorial_media,mixed_paywall,la_libre_rss,Flux Belgique,actualités|presse|Belgique,fr,Le déploiement de drones dans les rues de Bruxelles pour poursuivre les trafiquants suscite la controverse: “Une fuite en avant sécuritaire”,https://www.lalibre.be/belgique/judiciaire/2026/08/26/le-deploiement-de-drones-dans-les-rues-de-bruxelles-pour-poursuivre-les-trafiquants-suscite-la-controverse-une-fuite-en-avant-securitaire-AZI6KLUDG5AFRL3KIE77IYYVBI/,Le gouvernement bruxellois compte renforcer la présence de drones pour lutter contre la criminalité dans la capitale. Boris Dilliès vise une mise en place fin 2027....,2026-08-26T17:31:00Z,2026-08-28T14:03:52.325895Z,2026-08-28T14:03:16.960170Z,Judiciaire,new,1
964bdbb1c5e6c4c8670941fd,la_libre,La Libre Belgique,news_media,national,Belgique,editorial_media,mixed_paywall,la_libre_rss,Flux Belgique,actualités|presse|Belgique,fr,"Renfort policier, couvre-feux, zones à accès limité: les autorités annoncent des mesures musclées contre le trafic de drogue à Bruxelles",https://www.lalibre.be/belgique/societe/2026/08/26/renfort-policier-couvre-feux-zones-a-acces-limite-les-autorites-annoncent-des-mesures-musclees-contre-le-trafic-de-drogue-a-bruxelles-7FZSWOHUURG5TAJGS4SQZYHNLQ/,Le Conseil régional de sécurité (Cores) convoqué par Boris Dilliès a annoncé une série de mesures pour s’attaquer aux violences liées à la drogue en Région Bruxelles-Capitale....,2026-08-26T17:20:56Z,2026-08-28T14:03:52.325895Z,2026-08-28T14:03:16.960170Z,Société,new,1
fc944eb19a554a3928874acb,la_libre,La Libre Belgique,news_media,national,Belgique,editorial_media,mixed_paywall,la_libre_rss,Flux Belgique,actualités|presse|Belgique,fr,Budget fédéral: Vanessa Matz veut préserver l'Institut de Météorologie d'économies supplémentaires,https://www.lalibre.be/belgique/politique-belge/2026/08/26/budget-federal-vanessa-matz-veut-preserver-linstitut-de-meteorologie-deconomies-supplementaires-DNZD2NZU35BLLGRKXTDLCZVHMY/,"La ministre de la Politique scientifique, Vanessa Matz, veut préserver d'économies additionnelles l'Institut Royal de Météorologie (IRM), l'Observatoire royal de Belgique (ORB) et l'Institut royal d'Aéronomie Spatiale de Belgique (IASB)....",2026-08-26T16:45:16Z,2026-08-28T14:03:52.325895Z,2026-08-28T14:03:16.960170Z,Politique belge,new,1
8e05e64cdd61d65d45d86173,dhnet,DH Les Sports+,news_media,national,Belgique,editorial_media,mixed_paywall,dhnet_rss,Flux actualités,actualités|presse|Belgique,fr,La plateforme professionnelle LinkedIn est-elle devenue un nouveau lieu de rencontre? De nombreuses personnes l’utiliseraient de façon détournée,https://www.dhnet.be/lifestyle/relations/2026/08/26/la-plateforme-professionnelle-linkedin-est-elle-devenue-un-nouveau-lieu-de-rencontre-de-nombreuses-personnes-lutiliseraient-de-facon-detournee-TN7F77QFCRFMLBCCORAZHQL4LE/,Personne ne l’avait vu venir mais LinkedIn prend un nouvel aspect. La plateforme professionnelle deviendrait une nouvelle forme de site de rencontre....,2026-08-26T16:44:26Z,2026-08-28T14:03:52.325895Z,2026-08-28T14:03:17.464466Z,Relations,new,1
8434e75db430a85853d3ad16,dhnet,DH Les Sports+,news_media,national,Belgique,editorial_media,mixed_paywall,dhnet_rss,Flux actualités,actualités|presse|Belgique,fr,"Apprenant qu’il est cocu, il fait 5h de route et se rend à une soirée chez une amie de la famille Le Pen pour se venger",https://www.dhnet.be/actu/monde/2026/08/26/apprenant-quil-est-cocu-il-fait-5h-de-route-et-se-rend-a-une-soiree-chez-une-amie-de-la-famille-le-pen-pour-se-venger-FBAFVL22OJEZXOJM5VTGYG73DQ/,L’homme a été condamné à de la prison ferme....,2026-08-26T16:14:59Z,2026-08-28T14:03:52.325895Z,2026-08-28T14:03:17.464466Z,Monde,new,1
af4b6fa1a5497d5ed8b508a0,la_libre,La Libre Belgique,news_media,national,Belgique,editorial_media,mixed_paywall,la_libre_rss,Flux Belgique,actualités|presse|Belgique,fr,100 places de parking vont être supprimées dans ce quartier du centre de Bruxelles,https://www.lalibre.be/regions/bruxelles/2026/08/26/100-places-de-parking-vont-etre-supprimees-dans-ce-quartier-de-bruxelles-KB52IMBFYVHH5MLGWOMS57O4HU/,"La piétonnisation de la place du Nouveau Marché aux Grains, dans le centre de Bruxelles, va impliquer la suppression de cent places de stationnement....",2026-08-26T16:10:33Z,2026-08-28T14:03:52.325895Z,2026-08-28T14:03:16.960170Z,Bruxelles,new,1
e35e345fa4218e0a4ae7c7bb,de_standaard,De Standaard,news_media,national,Belgique,editorial_media,mixed_paywall,de_standaard_rss,Binnenland,actualités|presse|Belgique,nl,Eerste vijftig jongeren trappen hun militair dienstjaar af: “Mijn vader en opa zaten ook bij defensie”,https://www.standaard.be/binnenland/eerste-vijftig-jongeren-trappen-hun-militair-dienstjaar-af-mijn-vader-en-opa-zaten-ook-bij-defensie/160530054.html,Om 5.30 uur opstaan en alleen in het weekend naar huis: vijftig jongeren zijn aan hun dienstjaar bij de marine begonnen. Ze werden meteen op scherp gezet: “De tijd van geopolitieke rust is voorbij en het wordt alleen maar erger.”,2026-08-26T15:39:51Z,2026-08-28T14:03:52.325895Z,2026-08-28T14:03:17.986125Z,Binnenland,new,1
532f9ad73a54d9d2d215f7a2,dhnet,DH Les Sports+,news_media,national,Belgique,editorial_media,mixed_paywall,dhnet_rss,Flux actualités,actualités|presse|Belgique,fr,”50 personnalités que le MR aurait préférées à Thomas Gadisseux”: la RTBF et le mur de la discorde,https://www.dhnet.be/actu/edito/2026/08/26/50-personnalites-que-le-mr-aurait-preferees-a-thomas-gadisseux-la-rtbf-et-le-mur-de-la-discorde-PLUJUM5ZWRD3LJ6TNPIFI5KFLM/,Un édito d’Alexis Carantonis...,2026-08-26T15:36:10Z,2026-08-28T14:03:52.325895Z,2026-08-28T14:03:17.464466Z,Edito,new,1
36a9d2cedde4c97fc4ec695f,la_libre,La Libre Belgique,news_media,national,Belgique,editorial_media,mixed_paywall,la_libre_rss,Flux Belgique,actualités|presse|Belgique,fr,Le dernier policier poursuivi pour la mort de Sabrina et Ouassim acquitté,https://www.lalibre.be/belgique/judiciaire/2026/08/26/le-dernier-policier-poursuivi-pour-la-mort-de-sabrina-et-ouassim-acquitte-3N7OZGODXZAJFGFYRIGNHUZHNU/,La décision est tombée: il n’a pas commis de faute en positionnant sa voiture à la sortie du tunnel....,2026-08-26T15:11:36Z,2026-08-28T14:03:52.325895Z,2026-08-28T14:03:16.960170Z,Judiciaire,new,1
f624400ecc0607c7f8886f7e,de_standaard,De Standaard,news_media,national,Belgique,editorial_media,mixed_paywall,de_standaard_rss,Binnenland,actualités|presse|Belgique,nl,Nu ook laatste politieagent vrijgesproken in zaak dodelijke achtervolging Brussel,https://www.standaard.be/binnenland/nu-ook-laatste-politieagent-vrijgesproken-in-zaak-dodelijke-achtervolging-brussel/160547703.html,De rechtbank van Nijvel heeft woensdag de derde en laatste politieagent vrijgesproken die terechtstond voor een fatale politieachtervolging in 2017 in Brussel. Daarbij kwamen de 24-jarige Ouassim Toumi en de 20-jarige Sabrina El Bakkali om het leven.,2026-08-26T15:10:00Z,2026-08-28T14:03:52.325895Z,2026-08-28T14:03:17.986125Z,Binnenland,new,1
600ad127f27747b734ba24af,la_libre,La Libre Belgique,news_media,national,Belgique,editorial_media,mixed_paywall,la_libre_rss,Flux Belgique,actualités|presse|Belgique,fr,Le prix de cette matière première a atteint son plus haut niveau depuis trois ans,https://www.lalibre.be/belgique/2026/08/26/le-prix-de-cette-matiere-premiere-a-atteint-son-plus-haut-niveau-depuis-trois-ans-QUC7RH5DZZA75EP77JFI3J4OPQ/,"Le prix du blé atteint son plus haut niveau en trois ans, porté par les tensions en mer Noire et les craintes sur les exportations mondiales....",2026-08-26T15:01:52Z,2026-08-28T14:03:52.325895Z,2026-08-28T14:03:16.960170Z,Belgique,new,1
0871391bac8c6ef61b6aef1a,dhnet,DH Les Sports+,news_media,national,Belgique,editorial_media,mixed_paywall,dhnet_rss,Flux actualités,actualités|presse|Belgique,fr,Chapelle-lez-Herlaimont: Le ministre classe déjà un recours introduit par l’opposition,https://www.dhnet.be/regions/centre/2026/08/26/chapelle-lez-herlaimont-le-ministre-classe-deja-un-recours-introduit-par-lopposition-DG6TC5XTZZGPNMWJ4TT4AXBLAA/,Le bourgmestre Mourad Sahli réagit aux attaques de l’opposition CAT...,2026-08-26T15:01:00Z,2026-08-28T14:03:52.325895Z,2026-08-28T14:03:17.464466Z,Centre,new,1
bdc5b64aa449b834a2c057b3,dhnet,DH Les Sports+,news_media,national,Belgique,editorial_media,mixed_paywall,dhnet_rss,Flux actualités,actualités|presse|Belgique,fr,Il a commis un braquage particulièrement violent à Verviers alors qu’il était déjà sous le coup de condamnations,https://www.dhnet.be/regions/liege/2026/08/26/il-a-commis-un-braquage-particulierement-violent-a-verviers-alors-quil-etait-deja-sous-le-coup-de-condamnations-235TG5UP5ZHGVOXWV6APJ3F6NI/,L’individu n’a pas hésité à utiliser des armes pour s’en prendre à la tenancière d’un commerce....,2026-08-26T14:39:00Z,2026-08-28T14:03:52.325895Z,2026-08-28T14:03:17.464466Z,Liège,new,1
4b7609a6201e864a3ff580ea,dhnet,DH Les Sports+,news_media,national,Belgique,editorial_media,mixed_paywall,dhnet_rss,Flux actualités,actualités|presse|Belgique,fr,Mort de Philippe Bouvard: on connaît la date et le lieu de ses obsèques,https://www.dhnet.be/medias/television/2026/08/26/mort-de-philippe-bouvard-on-connait-la-date-et-le-lieu-de-ses-obseques-TVCVIRMZXNASPNWKO6Y2ZCCMIU/,L’icône de la radio et de la télévision s’est éteinte à l’âge de 96 ans. Voici où et quand rendre hommage à l’animateur qui a incarné les “Grosses Têtes” sur RTL....,2026-08-26T14:21:36Z,2026-08-28T14:03:52.325895Z,2026-08-28T14:03:17.464466Z,Télévision,new,1
9521a7529f0c1772361ec97b,dhnet,DH Les Sports+,news_media,national,Belgique,editorial_media,mixed_paywall,dhnet_rss,Flux actualités,actualités|presse|Belgique,fr,Drame de Crans-Montana: on en sait plus sur l'” agression brutale” dont a été victime Jessica Moretti,https://www.dhnet.be/actu/monde/2026/08/26/drame-de-crans-montana-on-en-sait-plus-sur-l-agression-brutale-dont-a-ete-victime-jessica-moretti-7VZOMAJVUNAAJPE2P2GJX3XTZY/,Son mari avait été interpellé et placé en détention provisoire....,2026-08-26T14:10:20Z,2026-08-28T14:03:52.325895Z,2026-08-28T14:03:17.464466Z,Monde,new,1
05ad16e5fbf79873f224d8ec,la_libre,La Libre Belgique,news_media,national,Belgique,editorial_media,mixed_paywall,la_libre_rss,Flux Belgique,actualités|presse|Belgique,fr,Faut-il craindre une nouvelle tornade en Belgique? Jusqu'à 30 litres de pluie par mètre carré et dix degrés de moins,https://www.lalibre.be/belgique/societe/2026/08/26/faut-il-craindre-une-nouvelle-tornade-en-belgique-jusqua-30-litres-deau-et-dix-degres-de-moins-C3JPEW3ZABBS3AGMR4MAWH4CJE/,"Après les premières averses de ce mercredi, la Belgique va connaître une nouvelle dégradation. Le temps devrait fortement se détériorer jeudi après-midi et en soirée, avec d’importantes précipitations, des orages parfois intenses et un risque de violentes rafales de vent....",2026-08-26T14:00:37Z,2026-08-28T14:03:52.325895Z,2026-08-28T14:03:16.960170Z,Société,new,1
a649457091e9e111bb2959e0,la_libre,La Libre Belgique,news_media,national,Belgique,editorial_media,mixed_paywall,la_libre_rss,Flux Belgique,actualités|presse|Belgique,fr,Le gouvernement De Wever tergiverse à l’égard de l’accueil d’étudiants et de chercheurs de Gaza,https://www.lalibre.be/belgique/politique-belge/2026/08/26/le-gouvernement-de-wever-tergiverse-a-legard-de-laccueil-detudiants-et-de-chercheurs-de-gaza-HZ7HZYMNQBB3FP3CZYL2LHUT6M/,Une dizaine d’universitaires auraient dû être accueillis dans plusieurs universités belges cet automne. Mais le dossier coince politiquement....,2026-08-26T13:56:55Z,2026-08-28T14:03:52.325895Z,2026-08-28T14:03:16.960170Z,Politique belge,new,1
94748dcbf117e459f663f605,dhnet,DH Les Sports+,news_media,national,Belgique,editorial_media,mixed_paywall,dhnet_rss,Flux actualités,actualités|presse|Belgique,fr,"Orages violents, fortes pluies et jusqu’à 10 °C de moins: ce météorologue prévient, “il faudra surveiller l’évolution de la situation ce jeudi”",https://www.dhnet.be/actu/belgique/2026/08/26/orages-violents-fortes-pluies-et-jusqua-10-c-de-moins-ce-meteorologue-previent-il-faudra-surveiller-levolution-de-la-situation-ce-jeudi-LD2EDXQG2JCUPLKWQWYHBJJKX4/,"Après les premières averses de ce mercredi, la Belgique s’apprête à connaître une nouvelle dégradation. Le passage le plus délicat est attendu jeudi après-midi et en soirée, avec de fortes pluies, des orages et de possibles violentes rafales de vent....",2026-08-26T13:32:07Z,2026-08-28T14:03:52.325895Z,2026-08-28T14:03:17.464466Z,Belgique,new,1
6fd9fa5b922e96affcfb84a6,dhnet,DH Les Sports+,news_media,national,Belgique,editorial_media,mixed_paywall,dhnet_rss,Flux actualités,actualités|presse|Belgique,fr,"Le magasin de Jérôme Grimonpon, chocolatier Gault & Millau 2026, cambriolé à Uccle: “Je n’ai plus confiance en Bruxelles”",https://www.dhnet.be/actu/belgique/2026/08/26/le-magasin-de-jerome-grimonpon-chocolatier-gault-millau-2026-cambriole-a-uccle-je-nai-plus-confiance-en-bruxelles-R4WPKCFKGVG3NKF6HE2MLTG3CE/,"Les deux suspects, toujours en fuite, sont repartis avec un butin de même pas cent euros....",2026-08-26T13:08:13Z,2026-08-28T14:03:52.325895Z,2026-08-28T14:03:17.464466Z,Belgique,new,1
edac1170625d3581aa868342,de_standaard,De Standaard,news_media,national,Belgique,editorial_media,mixed_paywall,de_standaard_rss,Binnenland,actualités|presse|Belgique,nl,Nathan Cofnas krijgt ordemaatregel van drie maanden opgelegd door UGent,https://www.standaard.be/binnenland/nathan-cofnas-krijgt-ordemaatregel-van-drie-maanden-opgelegd-door-ugent/160540655.html,"De UGent legt onderzoeker Nathan Cofnas een ordemaatregel op waarbij hij onder meer drie maanden lang geen les mag geven en moet telewerken. Eerder op de dag heeft rector Petra De Sutter voor het eerst gereageerd op de polemiek: “Zeggen dat wij de academische vrijheid beknotten, klopt niet.”",2026-08-26T13:07:26Z,2026-08-28T14:03:52.325895Z,2026-08-28T14:03:17.986125Z,Binnenland,new,1
4ac80078569a1b84b7d3fec3,dhnet,DH Les Sports+,news_media,national,Belgique,editorial_media,mixed_paywall,dhnet_rss,Flux actualités,actualités|presse|Belgique,fr,Ce nouveau vibromasseur premium mise sur une technologie pour le moins inattendue,https://www.dhnet.be/actu/sexualite/2026/08/26/ce-nouveau-vibromasseur-premium-mise-sur-une-technologie-pour-le-moins-inattendue-4EBQWZPELZC6ZGM2HI5NLXIZJI/,La marque de plaisir LELO vient de dévoiler un nouveau vibromasseur doté d'une technologie pour le moins surprenante....,2026-08-26T13:00:13Z,2026-08-28T14:03:52.325895Z,2026-08-28T14:03:17.464466Z,Sexualité,new,1
63f5b71495e96e0b493ca81d,de_standaard,De Standaard,news_media,national,Belgique,editorial_media,mixed_paywall,de_standaard_rss,Binnenland,actualités|presse|Belgique,nl,Autopsie schept nog geen duidelijkheid over doodsoorzaak Tyméo en Bryan Brigou,https://www.standaard.be/binnenland/autopsie-schept-nog-geen-duidelijkheid-over-doodsoorzaak-tymeo-en-bryan-brigou/160537927.html,"Uit de autopsie die dinsdagavond werd uitgevoerd op de lichamen die in Onhaye (nabij Dinant) zijn gevonden, blijkt dat het vrijwel zeker om Tyméo en zijn vader Bryan Brigou gaat. Over de doodsoorzaak is nog geen duidelijkheid.",2026-08-26T12:33:36Z,2026-08-28T14:03:52.325895Z,2026-08-28T14:03:17.986125Z,Binnenland,new,1
bdc39e3ba9fc840b9d724237,de_lijn,De Lijn,public_company,région,Flandre|Bruxelles,official_public,,de_lijn_press_rss,Flux presse,communiqués|mobilité,nl,"Vernieuwing Roltrappen in Antwerpse Metro: Laatste twee nieuwe roltrappen Diamant in dienst: 2,5 maand sneller dan gepland",https://delijn.prezly.com/vernieuwing-roltrappen-in-antwerpse-metro-laatste-twee-nieuwe-roltrappen-diamant-in-dienst-25-maand-sneller-dan-gepland,,2026-08-26T12:31:00Z,2026-08-27T14:54:10.855320Z,2026-08-28T14:03:10.579775Z,,existing,10
be5cf3396531186fbf96ae60,la_libre,La Libre Belgique,news_media,national,Belgique,editorial_media,mixed_paywall,la_libre_rss,Flux Belgique,actualités|presse|Belgique,fr,Décès de Tyméo et Bryan: les autopsies n'ont pas permis de déterminer les causes des décès,https://www.lalibre.be/belgique/judiciaire/2026/08/26/deces-de-tymeo-et-bryan-les-autopsies-sont-terminees-et-les-corps-ont-ete-rendus-a-la-famille-ZHAZXBSWWVAWBIIAEDKTNGIYIQ/,"Le corps de Tyméo avait été retrouvé ce lundi, avant que celui de son papa, Bryan, ne soit découvert à son tour ce mardi.Les autopsies n'ont pas permis de déterminer les causes des décès....",2026-08-26T12:21:18Z,2026-08-28T14:03:52.325895Z,2026-08-28T14:03:16.960170Z,Judiciaire,new,1
ec28bc106064cbd7a5f26920,dhnet,DH Les Sports+,news_media,national,Belgique,editorial_media,mixed_paywall,dhnet_rss,Flux actualités,actualités|presse|Belgique,fr,"Cécile va devoir adapter sa pédagogie pour cette rentrée scolaire: “Pour la première fois en 30 ans, j’ai 32 élèves”",https://www.dhnet.be/actu/belgique/2026/08/26/cecile-va-devoir-adapter-sa-pedagogie-pour-cette-rentree-scolaire-pour-la-premiere-fois-en-30-ans-jai-32-eleves-APBQPKMOQZHA3JE5IFGLDPXV44/,La taille des classes a un impact tant sur les professeurs que sur les élèves. L’enseignante va devoir adapter sa pédagogie....,2026-08-26T11:56:21Z,2026-08-28T14:03:52.325895Z,2026-08-28T14:03:17.464466Z,Belgique,new,1
05581384cac48af62d828739,la_libre,La Libre Belgique,news_media,national,Belgique,editorial_media,mixed_paywall,la_libre_rss,Flux Belgique,actualités|presse|Belgique,fr,"Philippe Geluck: “Quand j’ai revu deux anciens professeurs 40 ans plus tard, on est tombés dans les bras l’un de l’autre avec la larme à l’œil”",https://www.lalibre.be/belgique/enseignement/2026/08/26/philippe-geluck-quand-jai-revu-deux-anciens-professeurs-40-ans-plus-tard-on-est-tombes-dans-les-bras-lun-de-lautre-avec-la-larme-a-loeil-RTR43AAVYRD3NAWQFY4BT4RGYA/,"Le dessinateur et auteur de BD Philippe Geluck, père du célèbre “Chat”, évoque avec nostalgie son parcours scolaire, dont certains professeurs le marquent toujours aujourd’hui....",2026-08-26T11:51:23Z,2026-08-28T14:03:52.325895Z,2026-08-28T14:03:16.960170Z,Enseignement,new,1
7e595ddf5e4174296790b9cf,vrt_nws,VRT NWS,news_media,communauté,Flandre|Bruxelles,editorial_media,open,vrt_nws_rss,Flux VRT NWS,actualités|presse|Belgique,nl,"Middelbare scholieren gaan het vaakst met fiets naar school, maar voelen zich niet altijd veilig door voorbijrijdende auto's",https://vrtnws.be/p.LNDEMaL57,,2026-08-26T11:22:40Z,2026-08-28T14:03:52.325895Z,2026-08-28T14:03:19.149230Z,,new,1
9df6d93f43c2b445e9fbcf91,dhnet,DH Les Sports+,news_media,national,Belgique,editorial_media,mixed_paywall,dhnet_rss,Flux actualités,actualités|presse|Belgique,fr,"Coups de feu devant une discothèque à Quévy: Dix ans de prison requis contre Mohamed Barletta, ainsi qu’une mise à disposition du TAP",https://www.dhnet.be/regions/mons/borinage/2026/08/26/coups-de-feu-devant-une-discotheque-a-quevy-dix-ans-de-prison-requis-contre-mohamed-barletta-ainsi-quune-mise-a-disposition-du-tap-JJFCC3WD2RAADBB23VKHLZPZOA/,"Deux jeunes femmes se trouvaient dans la voiture visée par les tirs, le 8 février dernier, à 6h02....",2026-08-26T11:01:00Z,2026-08-28T14:03:52.325895Z,2026-08-28T14:03:17.464466Z,Borinage,new,1
2e617e6d8d9b8aad1b773a22,stib,STIB,public_company,région,Bruxelles,official_public,,stib_press_rss,Flux presse,communiqués|mobilité,fr,Cinq lignes de tram retrouvent leur itinéraire habituel,https://stib.prezly.com/cinq-lignes-de-tram-retrouvent-leur-itineraire-habituel,,2026-08-26T10:57:00Z,2026-08-27T14:54:10.855320Z,2026-08-28T14:03:11.952574Z,,existing,10
788cd50c351bf46e4ca889e4,dhnet,DH Les Sports+,news_media,national,Belgique,editorial_media,mixed_paywall,dhnet_rss,Flux actualités,actualités|presse|Belgique,fr,L’habitant de Seraing porte un coup de couteau au cou d’un autre homme à hauteur de la carotide,https://www.dhnet.be/regions/liege/2026/08/26/lhabitant-de-seraing-porte-un-coup-de-couteau-au-cou-dun-autre-homme-a-hauteur-de-la-carotide-DS54CNUKTZGWVFGTPSTXGGXZVY/,L’agresseur est sorti dans la rue pour démolir le véhicule de la victime à l’aide d’un katana....,2026-08-26T10:51:59Z,2026-08-28T14:03:52.325895Z,2026-08-28T14:03:17.464466Z,Liège,new,1
5c8e1be096cbed4826fdeb05,dhnet,DH Les Sports+,news_media,national,Belgique,editorial_media,mixed_paywall,dhnet_rss,Flux actualités,actualités|presse|Belgique,fr,"Pyramide humaine, corde de draps... ""Le maître des évasions"", qui s'était aussi échappé d'une prison belge, finalement arrêté en Espagne",https://www.dhnet.be/actu/monde/2026/08/26/le-maitre-des-evasions-qui-setait-echappe-dune-prison-en-belgique-finalement-arrete-en-espagne-NAJ2DBGNGNGG5CDIJPV75UUVIU/,"La police espagnole a annoncé mercredi avoir arrêté un fugitif qu'elle a surnommé le ""maître des évasions"", recherché en Italie depuis qu'il s'était fait la belle d'un établissement de haute sécurité, la quatrième fois qu'il s'évadait d'une prison....",2026-08-26T10:50:16Z,2026-08-28T14:03:52.325895Z,2026-08-28T14:03:17.464466Z,Monde,new,1
4443b434a7652bb7baf11f07,dhnet,DH Les Sports+,news_media,national,Belgique,editorial_media,mixed_paywall,dhnet_rss,Flux actualités,actualités|presse|Belgique,fr,"Un cycliste poignardé après un accrochage à Paris, la victime ""transporté à l'hôpital en urgence absolue""",https://www.dhnet.be/actu/monde/2026/08/26/un-cycliste-poignarde-apres-un-accrochage-a-paris-la-victime-transporte-a-lhopital-en-urgence-absolue-XGJWOO6VDRENLGI5EEMGZLHMFM/,"Un cycliste a été blessé mardi à Paris d'un coup de couteau à la gorge porté par un automobiliste avec qui il avait eu un différend routier, a appris l'AFP mercredi auprès du parquet, qui a précisé que le conducteur avait depuis été interpellé....",2026-08-26T10:42:39Z,2026-08-28T14:03:52.325895Z,2026-08-28T14:03:17.464466Z,Monde,new,1
91ba64f9cbd62bfffb5903e6,la_libre,La Libre Belgique,news_media,national,Belgique,editorial_media,mixed_paywall,la_libre_rss,Flux Belgique,actualités|presse|Belgique,fr,"Bouchez participera ce samedi au meeting de son “chouchou” pour la présidentielle française, le libéral David Lisnard",https://www.lalibre.be/belgique/politique-belge/2026/08/26/bouchez-participera-ce-samedi-au-meeting-de-son-chouchou-pour-la-presidentielle-francaise-le-liberal-david-lisnard-PO2F5J6X4JEFLLP2H5SILZVUVM/,"À Cannes, le président du MR clôturera le congrès de rentrée du candidat de droite dans la course à l’Elysée....",2026-08-26T09:46:01Z,2026-08-28T14:03:52.325895Z,2026-08-28T14:03:16.960170Z,Politique belge,new,1
624d1538ba41140c34bc2822,la_libre,La Libre Belgique,news_media,national,Belgique,editorial_media,mixed_paywall,la_libre_rss,Flux Belgique,actualités|presse|Belgique,fr,"Incendie dans les Hautes Fagnes: ""Nous sommes encore en gestion de crise""",https://www.lalibre.be/belgique/2026/08/26/incendie-dans-les-hautes-fagnes-nous-sommes-encore-en-gestion-de-crise-WPYIIGIWBJFOPAYEOU5GLOMGP4/,"L'évaluation de l'incendie qui a ravagé plus de 3.000 hectares dans les Hautes Fagnes aura bien lieu, mais quand la situation sera rétablie, a affirmé le ministre-président wallon, Adrien Dolimont, devant la commission des Affaires générales exceptionnellement réunie ce mercredi....",2026-08-26T09:28:20Z,2026-08-28T14:03:52.325895Z,2026-08-28T14:03:16.960170Z,Belgique,new,1
71f143a6f16b7b9c9d6ecd35,la_libre,La Libre Belgique,news_media,national,Belgique,editorial_media,mixed_paywall,la_libre_rss,Flux Belgique,actualités|presse|Belgique,fr,"Près de 3,2 millions d'euros d'allocations familiales versées par erreur en Flandre",https://www.lalibre.be/belgique/2026/08/26/pres-de-32-millions-deuros-dallocations-familiales-versees-par-erreur-en-flandre-I24PPYWVO5GXDJJZ5LFD3CRHTQ/,"Ces deux dernières années, 3,19 millions d'euros d'allocations familiales, appelées en Flandre Groeipakket, ont été versés indûment à 2.037 ménages (soit un peu plus de 1.500 euros par famille en moyenne), ressort-il de chiffres demandés par la députée régionale CD&V Katrien Schryvers....",2026-08-26T09:10:08Z,2026-08-28T14:03:52.325895Z,2026-08-28T14:03:16.960170Z,Belgique,new,1
b43b35034ce759c95b819986,dhnet,DH Les Sports+,news_media,national,Belgique,editorial_media,mixed_paywall,dhnet_rss,Flux actualités,actualités|presse|Belgique,fr,Terrible catastrophe entre le Tibet et le Népal: 157 corps retrouvés,https://www.dhnet.be/actu/monde/2026/08/26/terrible-catastrophe-entre-le-tibet-et-le-nepal-une-coulee-de-boue-fait-de-nombreuses-victimes-WVFMW6NTIRGS5F74RMFQGWAL5A/,"160 personnes sont mortes au Népal et au Tibet, la police népalaise a retrouvé 157 corps....",2026-08-26T09:01:43Z,2026-08-28T14:03:52.325895Z,2026-08-28T14:03:17.464466Z,Monde,new,1
c6faec6fb086c347f93cb6d7,de_standaard,De Standaard,news_media,national,Belgique,editorial_media,mixed_paywall,de_standaard_rss,Binnenland,actualités|presse|Belgique,nl,9 manieren om van je smartphone af te kicken (ook al mag je hem sowieso niet gebruiken op school),https://www.standaard.be/binnenland/9-manieren-om-van-je-smartphone-af-te-kicken-ook-al-mag-je-hem-sowieso-niet-gebruiken-op-school/87582766.html,"De smartphone mag dan verboden zijn op school, heel wat pubers blijven verslaafd aan hun gsm. Hoe kun je op een gezondere manier omgaan met je smartphone? Negen tips, voor jongeren én volwassenen.",2026-08-26T08:00:00Z,2026-08-28T14:03:52.325895Z,2026-08-28T14:03:17.986125Z,Binnenland,new,1
d1c002623a23439e44fce626,dhnet,DH Les Sports+,news_media,national,Belgique,editorial_media,mixed_paywall,dhnet_rss,Flux actualités,actualités|presse|Belgique,fr,Le mandat d’arrêt du tueur de chats qui est soupçonné de s’en être pris à onze félins a été confirmé par la chambre des mises en accusation,https://www.dhnet.be/regions/liege/2026/08/26/le-mandat-darret-du-tueur-de-chats-qui-est-soupconne-de-sen-etre-pris-a-onze-felins-a-ete-confirme-par-la-chambre-des-mises-en-accusation-IRW54M4FTREELKUQQG7Z2GPZSA/,Le suspect va être entendu par la police concernant de nouveaux faits commis au préjudice de la SRPA de Liège en lien avec deux chats qu’il aurait adoptés....,2026-08-26T08:00:00Z,2026-08-28T14:03:52.325895Z,2026-08-28T14:03:17.464466Z,Liège,new,1
12c749b07ae8b38abf78c062,la_libre,La Libre Belgique,news_media,national,Belgique,editorial_media,mixed_paywall,la_libre_rss,Flux Belgique,actualités|presse|Belgique,fr,"""J’ai passé l’âge de m’énerver pour ce genre de conneries”: Yvan Verougstraete critique Georges-Louis Bouchez sur son ""niveau zéro de l’argumentation""",https://www.lalibre.be/belgique/politique-belge/2026/08/26/jai-passe-lage-de-menerver-pour-ce-genre-de-conneries-yvan-verougstraete-critique-georges-louis-bouchez-sur-son-niveau-zero-de-largumentation-WA4MICC4FVHVBGJZA2LGYXV5MY/,"Ce mercredi matin, Yvan Verougstraete était l’invité de Matin Première et répondait aux questions de Laurent Mathieu. Et un sujet l’a particulièrement énervé: la communication de Georges-Louis Bouchez....",2026-08-26T07:48:39Z,2026-08-28T14:03:52.325895Z,2026-08-28T14:03:16.960170Z,Politique belge,new,1
96531d1a5f59fedbb8a1964c,la_libre,La Libre Belgique,news_media,national,Belgique,editorial_media,mixed_paywall,la_libre_rss,Flux Belgique,actualités|presse|Belgique,fr,"Les Engagés plaident pour un ""vrai pacte socio-économique""",https://www.lalibre.be/belgique/politique-belge/2026/08/26/les-engages-plaident-pour-un-vrai-pacte-socio-economique-J6MDNJXJPRHQ7JUIG5UE4OOE5U/,"Le président des Engagés Yvan Verougstraete a plaidé, mercredi au micro de La Première (RTBF) pour la conclusion d'un ""vrai pacte socio-économique"" au niveau fédéral....",2026-08-26T07:20:01Z,2026-08-28T14:03:52.325895Z,2026-08-28T14:03:16.960170Z,Politique belge,new,1
7ad84ac7a6a9ae7298d599ba,la_libre,La Libre Belgique,news_media,national,Belgique,editorial_media,mixed_paywall,la_libre_rss,Flux Belgique,actualités|presse|Belgique,fr,"Les Brasseurs Belges mécontents de “la stigmatisation” du gouvernement face à l'alcool: “Un slogan qui suscite la culpabilité ne protège personne""",https://www.lalibre.be/economie/entreprises-startup/2026/08/26/les-brasseurs-belges-mecontents-de-la-stigmatisation-du-gouvernement-face-a-lalcool-un-slogan-qui-suscite-la-culpabilite-ne-protege-personne-TAVYKQ4QT5AQXL3V5ZP33G5DFU/,"Le gouvernement souhaite inscrire, entre autres, une mention contre l’alcool dans les publicités. Les Brasseurs Belges pestent contre cette idée qui stigmatiserait tout un secteur....",2026-08-26T07:16:29Z,2026-08-28T14:03:52.325895Z,2026-08-28T14:03:16.960170Z,Entreprises & Start-up,new,1
2b0f436622f02133e437e1fe,la_libre,La Libre Belgique,news_media,national,Belgique,editorial_media,mixed_paywall,la_libre_rss,Flux Belgique,actualités|presse|Belgique,fr,Philippe Close accusé de conflit d'intérêts en lien avec le casino de Bruxelles,https://www.lalibre.be/economie/entreprises-startup/2026/08/26/philippe-close-accuse-de-conflit-dinterets-EKBODOWSERFUTA5UIRFRXOQBGU/,"Le bourgmestre de Bruxelles ne souhaite pas faire de commentaire sur le sujet, tout en niant l'existence de tout conflit d'intérêts....",2026-08-26T07:04:19Z,2026-08-28T14:03:52.325895Z,2026-08-28T14:03:16.960170Z,Entreprises & Start-up,new,1
99b832379c44a63c423253b4,la_libre,La Libre Belgique,news_media,national,Belgique,editorial_media,mixed_paywall,la_libre_rss,Flux Belgique,actualités|presse|Belgique,fr,"À Wavre, les riverains se sentent “pris en otage” par la Coupe du monde de hockey: “Subir une organisation qui empêche de vivre normalement”",https://www.lalibre.be/belgique/mobilite/2026/08/26/a-wavre-les-riverains-se-sentent-pris-en-otage-par-la-coupe-du-monde-de-hockey-subir-une-organisation-qui-empeche-de-vivre-normalement-77DIGFIRWZAKHAGVQEL4MWYDJI/,"Alors que la Coupe du monde de hockey bat son plein, le plan de mobilité mis en place par la Ville de Wavre est scruté. Périmètres, macarons spéciaux, stationnement, tout a été prévu pour encadrer les déplacements autour du stade. Pourtant, des riverains sont insatisfaits et le font savoir....",2026-08-26T06:49:03Z,2026-08-28T14:03:52.325895Z,2026-08-28T14:03:16.960170Z,Mobilité,new,1
65195bc40b11534cd5e62d21,la_libre,La Libre Belgique,news_media,national,Belgique,editorial_media,mixed_paywall,la_libre_rss,Flux Belgique,actualités|presse|Belgique,fr,"La maman de Tyméo Brigou s'exprime par la voix de son avocat: ""Je suis écœurée de la manière dont l’enquête a été menée""",https://www.lalibre.be/belgique/2026/08/26/la-maman-de-tymeo-brigou-sexprime-par-la-voix-de-son-avocat-je-suis-ecoeuree-de-la-maniere-dont-lenquete-a-ete-menee-DPBW3R3VZZDI3EA5UVFQLHNKCE/,"Me David Poelaert, conseil de la maman de Tyméo et compagne de Bryan Brigou, relaie la parole courroucée de sa cliente....",2026-08-26T06:26:01Z,2026-08-28T14:03:52.325895Z,2026-08-28T14:03:16.960170Z,Belgique,new,1
7a3411eb803f1e088335ea73,la_libre,La Libre Belgique,news_media,national,Belgique,editorial_media,mixed_paywall,la_libre_rss,Flux Belgique,actualités|presse|Belgique,fr,"Le DAB, le cœur très discret du pouvoir politique fédéral",https://www.lalibre.be/belgique/2026/08/26/le-dab-le-coeur-tres-discret-du-pouvoir-politique-federal-PYTZJHL265ETNDVAUA5XY6S43Q/,"Pour déminer les décisions politiquement délicates du gouvernement, cet organe informel a un rôle stratégique. Il réunit les chefs de cabinets des principaux ministres fédéraux....",2026-08-26T05:25:25Z,2026-08-28T14:03:52.325895Z,2026-08-28T14:03:16.960170Z,Belgique,new,1
0ffa8368df1eb3ddba03b33a,la_libre,La Libre Belgique,news_media,national,Belgique,editorial_media,mixed_paywall,la_libre_rss,Flux Belgique,actualités|presse|Belgique,fr,Mort de Jason Arday: où s’arrête la liberté d’expression des académiques dans nos universités?,https://www.lalibre.be/belgique/enseignement/2026/08/26/mort-de-jason-arday-ou-sarrete-la-liberte-dexpression-des-academiques-dans-nos-universites-726D5ZLNY5DK7BNYGVE3FPIPNA/,"Le chercheur Nathan Cofnas a été suspendu de l’UGent “à titre préventif” après la mort de Jason Arday, le plus jeune professeur noir de l’histoire de l’université de Cambridge, qu’il accusait de plagiat....",2026-08-26T04:32:11Z,2026-08-28T14:03:52.325895Z,2026-08-28T14:03:16.960170Z,Enseignement,new,1
ac018b1094c4d333aed1830e,la_libre,La Libre Belgique,news_media,national,Belgique,editorial_media,mixed_paywall,la_libre_rss,Flux Belgique,actualités|presse|Belgique,fr,"À l’IPPJ de Fraipont, une année scolaire n’est jamais complète: “Certains n’ont plus mis les fesses sur un banc d’école depuis des années”",https://www.lalibre.be/belgique/societe/2026/08/26/a-lippj-de-fraipont-une-annee-scolaire-nest-jamais-complete-certains-nont-plus-mis-les-fesses-sur-un-banc-decole-depuis-des-annees-2UP4FWU5ERH55NVRPC2E72L3IQ/,"Une soixantaine d’ados de 12 à 18 ans, placés par le juge de la jeunesse après un conflit avec la loi, sont pris en charge dans l’institution pour retrouver leurs marques et se relancer dans la société....",2026-08-26T04:31:49Z,2026-08-28T14:03:52.325895Z,2026-08-28T14:03:16.960170Z,Société,new,1
0ae1811efa514573e2164ba5,la_libre,La Libre Belgique,news_media,national,Belgique,editorial_media,mixed_paywall,la_libre_rss,Flux Belgique,actualités|presse|Belgique,fr,"Le Conseil des ministres, une coquille vide? “Les grandes décisions se prennent en kern, où les ministres de Ligue 2 sont rarement conviés…”",https://www.lalibre.be/belgique/politique-belge/2026/08/26/le-conseil-des-ministres-une-coquille-vide-les-grandes-decisions-se-prennent-en-kern-ou-les-ministres-de-ligue-2-sont-rarement-convies-OHCVWGRJDNBIPFA5FIHYRJRJWQ/,"Face au kern, organe informel qui réunit les poids lourds du gouvernement fédéral, le Conseil des ministres n’est plus le centre du pouvoir exécutif. Mais, au “16”, Bart De Wever assume ce pragmatisme dans les discussions délicates de l’Arizona. Le “tunnel” des négociations budgétaires dans lequel la majorité va entrer prochainement devrait, à nouveau, le démontrer....",2026-08-26T04:31:26Z,2026-08-28T14:03:52.325895Z,2026-08-28T14:03:16.960170Z,Politique belge,new,1
e872ffa272f82a1ea5762736,la_libre,La Libre Belgique,news_media,national,Belgique,editorial_media,mixed_paywall,la_libre_rss,Flux Belgique,actualités|presse|Belgique,fr,"Padre Guilherme, le prêtre DJ qui veut enflammer Maredsous ce vendredi",https://www.lalibre.be/belgique/societe/2026/08/26/padre-guilherme-le-pretre-dj-qui-veut-enflammer-maredsous-ce-vendredi-CK767W5G5ZADHLRWYYAIPBUWVY/,"Ce prêtre portugais, bien connu de la scène techno y donnera un concert vendredi....",2026-08-26T04:31:05Z,2026-08-28T14:03:52.325895Z,2026-08-28T14:03:16.960170Z,Société,new,1
55ccb01210978498cb989e24,fps_finance,SPF Finances,public_body,fédéral,Belgique,official_public,,finance_rss,Flux des actualités,actualités|communiqués,fr,IDMS: création des déclarations dans l’interface utilisateur web,https://finances.belgium.be/fr/Actualites/idms-creation-des-declarations-dans-l-interface-utilisateur-web,"Depuis le début de ce mois, la fonctionnalité 'create/submit declaration' d’IDMS est active en production via l’interface utilisateur web. Cela signifie que les entreprises qui introduisent encore aujourd’hui leurs déclarations d’importation via l’interface utilisateur web de PLDA doivent désormais les introduire via IDMS. Pour ce faire, utilisez l’environnement de production. Afin de vous accompagner dans l’introduction d’une déclaration dans IDMS, un guide détaillé en anglais a été élaboré (PDF, 2.85 Mo). Ce guide décrit les différentes étapes du processus de déclaration et fournit des…",2026-08-26T00:00:00Z,2026-08-27T14:54:10.855320Z,2026-08-28T14:03:09.861793Z,,existing,9
7a6c3e1bea39f664ef716f1f,mutualities_free,Union nationale des Mutualités Libres,health_insurer,national,Belgique,social_security_actor,,free_mutualities_news,Actualités,actualités|santé|soins|remboursements,fr,À la une,https://www.mloz.be/fr/news/priorites-sante-bruxelles-une-courte-legislature-pour-agir,Pagination,2026-08-26T00:00:00Z,2026-08-28T13:32:06.723013Z,2026-08-28T14:03:15.393296Z,,existing,3
5432ae3e8ccd48d25457414e,de_standaard,De Standaard,news_media,national,Belgique,editorial_media,mixed_paywall,de_standaard_rss,Binnenland,actualités|presse|Belgique,nl,"Hoe de UGent eerst niet, en dan toch wel ingreep in de kwestie-Cofnas",https://www.standaard.be/binnenland/hoe-de-ugent-eerst-niet-en-dan-toch-wel-ingreep-in-de-kwestie-cofnas/160476081.html,"Met de schorsing van Nathan Cofnas heeft de UGent zich de woede van internationale academici op de hals gehaald. Waarom besliste de universiteit om nu over te gaan tot een tuchtprocedure, nadat ze zijn benoeming eerst had verdedigd? “We kunnen niet aan de regels morrelen omdat we bang zijn dat iemand in de toekomst problemen zal veroorzaken.”",2026-08-25T21:59:00Z,2026-08-28T14:03:52.325895Z,2026-08-28T14:03:17.986125Z,Binnenland,new,1
49b11e83724188073fa2a0de,de_standaard,De Standaard,news_media,national,Belgique,editorial_media,mixed_paywall,de_standaard_rss,Binnenland,actualités|presse|Belgique,nl,De slimste leerling van de klas verveelt zich: “Het was alsof ik maar 10 minuten per dag iets bijleerde”,https://www.standaard.be/binnenland/de-slimste-leerling-van-de-klas-verveelt-zich-het-was-alsof-ik-maar-10-minuten-per-dag-iets-bijleerde/160466693.html,Van de kleuterklas tot het hoger onderwijs: de sterkste leerlingen blijven in Vlaanderen op hun honger zitten. Amper één op de vijf scholen biedt hun ondersteuning. “Deze jongeren hebben evengoed recht op leren.”,2026-08-25T21:59:00Z,2026-08-28T14:03:52.325895Z,2026-08-28T14:03:17.986125Z,Binnenland,new,1
b1ef6cc5bbaaa2a10bc3bab0,de_standaard,De Standaard,news_media,national,Belgique,editorial_media,mixed_paywall,de_standaard_rss,Binnenland,actualités|presse|Belgique,nl,Waarom deze zomer meer zonnebloemen de Vlaamse akkers kleuren,https://www.standaard.be/binnenland/waarom-deze-zomer-meer-zonnebloemen-de-vlaamse-akkers-kleuren/160288724.html,"Behalve maïs en aardappelen kon u deze zomer uitzonderlijk veel zonnebloemen groeten langs Vlaamse velden. Dat heeft met geld, zekerheid en ook een tikje met schoonheid te maken.",2026-08-25T21:59:00Z,2026-08-28T14:03:52.325895Z,2026-08-28T14:03:17.986125Z,Binnenland,new,1
8b1925147b6ea044dd940b8a,de_standaard,De Standaard,news_media,national,Belgique,editorial_media,mixed_paywall,de_standaard_rss,Binnenland,actualités|presse|Belgique,nl,Saartje Corteyn ging van topschermster naar ondernemer: “Er mocht maar één schermster naar de Olympische Spelen. Het zou dus mijn zus zijn of ik”,https://www.standaard.be/binnenland/saartje-corteyn-ging-van-topschermster-naar-ondernemer-er-mocht-maar-een-schermster-naar-de-olympische-spelen.-het-zou-dus-mijn-zus-zijn-of-ik/159893958.html,Saartje Corteyn (26) was ooit een topschermster die droomde van een olympische medaille. Vandaag is ze medeoprichter van een frituurapp en werkt ze aan een ondernemerscarrière.,2026-08-25T21:59:00Z,2026-08-28T14:03:52.325895Z,2026-08-28T14:03:17.986125Z,Binnenland,new,1
cd9a4b9314db4679c73d9cbb,de_standaard,De Standaard,news_media,national,Belgique,editorial_media,mixed_paywall,de_standaard_rss,Binnenland,actualités|presse|Belgique,nl,Door chips ‘in de hoogte’ te bouwen wil Belgisch bedrijf zich mengen in AI-wedloop tussen VS en China: “Waarom kan de volgende chipinnovatie niet uit Europa komen?”,https://www.standaard.be/economie/door-chips-in-de-hoogte-te-bouwen-wil-belgisch-bedrijf-zich-mengen-in-ai-wedloop-tussen-vs-en-china-waarom-kan-de-volgende-chipinnovatie-niet-uit-europa-komen/159403572.html,"Europa is nog niet uitgeteld in de AI-race tussen de VS en China, zegt Sebastien Couet van de Belgische start-up Vertical Compute. Hij wil met een technologische doorbraak in chipontwerp de hele AI-architectuur hertekenen.",2026-08-25T21:59:00Z,2026-08-28T14:03:52.325895Z,2026-08-28T14:03:17.986125Z,Economie,new,1
2c6149e699fc8998e682ffa3,la_libre,La Libre Belgique,news_media,national,Belgique,editorial_media,mixed_paywall,la_libre_rss,Flux Belgique,actualités|presse|Belgique,fr,"Jacques Pierre, ancien bourgmestre de Sainte-Ode, est décédé à l'âge de 71 ans",https://www.lalibre.be/belgique/politique-belge/2026/08/25/jacques-pierre-ancien-bourgmestre-de-sainte-ode-est-decede-a-lage-de-71-ans-KRZUZ4CJ2FHGRHHHUOU2EQNBFM/,"Figure de la vie politique à Sainte-Ode pendant trente ans, Jacques Pierre, ancien bourgmestre et élu cdH, est décédé mardi à l’âge de 71 ans....",2026-08-25T21:45:12Z,2026-08-28T14:03:52.325895Z,2026-08-28T14:03:16.960170Z,Politique belge,new,1
f85e60e5894e24bcd368f638,de_standaard,De Standaard,news_media,national,Belgique,editorial_media,mixed_paywall,de_standaard_rss,Binnenland,actualités|presse|Belgique,nl,Tyméo en zijn vader werden gevonden niet ver van hun auto. Waarom duurde de zoektocht zo lang?,https://www.standaard.be/binnenland/tymeo-en-zijn-vader-werden-gevonden-niet-ver-van-hun-auto.-waarom-duurde-de-zoektocht-zo-lang/160466640.html,Het duurde bijna twee maanden om de 5-jarige Tyméo en zijn vader Bryan Brigou te vinden. Hun lichamen lagen allicht op slechts 2 kilometer van de plek waar eind juni hun auto is aangetroffen. Waarom verliep de zoekactie dan zo moeilijk?,2026-08-25T20:17:03Z,2026-08-28T14:03:52.325895Z,2026-08-28T14:03:17.986125Z,Binnenland,new,1
3e283452cef5818d1bb0ab91,la_libre,La Libre Belgique,news_media,national,Belgique,editorial_media,mixed_paywall,la_libre_rss,Flux Belgique,actualités|presse|Belgique,fr,"Boris Dilliès convoque un Conseil Régional de Sécurité pour faire face aux fusillades: ""Nous voulons éteindre le système dans son ensemble""",https://www.lalibre.be/belgique/societe/2026/08/25/boris-dillies-convoque-un-conseil-regional-de-securite-pour-faire-face-aux-fusillades-nous-voulons-eteindre-le-systeme-dans-son-ensemble-GISGJI6UAFAOTMRRVFQ4YHGDBY/,"Après deux fusillades en trois jours à Saint-Gilles, Boris Dilliès convoque mercredi le CORES pour renforcer les moyens et la coordination contre le trafic de drogue....",2026-08-25T18:49:15Z,2026-08-28T14:03:52.325895Z,2026-08-28T14:03:16.960170Z,Société,new,1
b10d5ac92d2ddeb7e6a503f1,la_libre,La Libre Belgique,news_media,national,Belgique,editorial_media,mixed_paywall,la_libre_rss,Flux Belgique,actualités|presse|Belgique,fr,Colruyt rappelle des courgettes en vrac en raison de la présence possible d'un pesticide,https://www.lalibre.be/belgique/2026/08/25/colruyt-rappelle-des-courgettes-en-vrac-en-raison-de-la-presence-possible-dun-pesticide-BXXLIYP2WZDENGDYNZCNBY5RBM/,Colruyt procède au rappel de courgettes vendues en vrac dans ses supermarchés entre le 10 et le 24 août....,2026-08-25T18:00:36Z,2026-08-28T14:03:52.325895Z,2026-08-28T14:03:16.960170Z,Belgique,new,1
ce19105316b66b050f01bfc1,la_libre,La Libre Belgique,news_media,national,Belgique,editorial_media,mixed_paywall,la_libre_rss,Flux Belgique,actualités|presse|Belgique,fr,"Après la découverte des corps de Tyméo et de son papa, le mystère reste entier",https://www.lalibre.be/belgique/societe/2026/08/25/apres-la-decouverte-des-corps-de-tymeo-et-de-son-papa-le-mystere-reste-entier-JAKTHOHZ3NEFPNUGHQXRSMORBY/,"Selon le parquet, on ne sait rien du déroulement, des causes et des circonstances....",2026-08-25T17:40:09Z,2026-08-28T14:03:52.325895Z,2026-08-28T14:03:16.960170Z,Société,new,1
2f43735db578cad31a8c84f9,la_libre,La Libre Belgique,news_media,national,Belgique,editorial_media,mixed_paywall,la_libre_rss,Flux Belgique,actualités|presse|Belgique,fr,Fusillades à Bruxelles: l’éphémère “union sacrée” entre MR et PS vole déjà en éclats,https://www.lalibre.be/belgique/societe/2026/08/25/fusillades-a-bruxelles-lephemere-union-sacree-entre-mr-et-ps-vole-deja-en-eclats-UGBYL4FOGNHDRFVEIMT6Q22RNM/,"À peine esquissée face à la recrudescence des fusillades, l’union sacrée entre libéraux et socialistes bruxellois a implosé ce mardi. Une sortie musclée de Georges-Louis Bouchez a scellé la rupture, transformant la gestion sécuritaire de la capitale en champ de bataille politique....",2026-08-25T17:28:04Z,2026-08-28T14:03:52.325895Z,2026-08-28T14:03:16.960170Z,Société,new,1
e2c5896b66ad12320e1edaf7,la_libre,La Libre Belgique,news_media,national,Belgique,editorial_media,mixed_paywall,la_libre_rss,Flux Belgique,actualités|presse|Belgique,fr,Deux écoles évacuées dans le Brabant wallon ce mardi,https://www.lalibre.be/belgique/enseignement/2026/08/25/deux-ecoles-evacuees-dans-le-brabant-wallon-ce-mardi-F7XQCFI2GFAQNK5L6HFA7SNUVE/,"Deux écoles ont été évacuées, mardi matin à Braine-l'Alleud et à Jodoigne, en raison d'incidents, a indiqué en début de soirée la zone de secours du Brabant wallon....",2026-08-25T16:33:08Z,2026-08-28T14:03:52.325895Z,2026-08-28T14:03:16.960170Z,Enseignement,new,1
0300ba8f2a345ef3de2354c1,la_libre,La Libre Belgique,news_media,national,Belgique,editorial_media,mixed_paywall,la_libre_rss,Flux Belgique,actualités|presse|Belgique,fr,Préavis de grève maintenu sur le réseau Letec après l'échec des négociations,https://www.lalibre.be/belgique/mobilite/2026/08/25/preavis-de-greve-maintenu-sur-le-reseau-letec-apres-lechec-des-negociations-A3KWPAGZZZFJLNYTJQZCZXXNTQ/,"Le préavis de grève déposé en front commun pour les 27 et 28 août sur l'ensemble du réseau Letec est maintenu après l'échec des négociations organisées mardi, a confirmé à Belga Serge Delchambre, secrétaire interrégional de la centrale syndicale CGSP Tram-Bus-Métro (TBM)....",2026-08-25T16:25:38Z,2026-08-28T14:03:52.325895Z,2026-08-28T14:03:16.960170Z,Mobilité,new,1
f629f32a29ea50acb1f82a9c,la_libre,La Libre Belgique,news_media,national,Belgique,editorial_media,mixed_paywall,la_libre_rss,Flux Belgique,actualités|presse|Belgique,fr,Découverte et explosion d'un obus de la Seconde Guerre à Seraing,https://www.lalibre.be/belgique/2026/08/25/decouverte-et-explosion-dun-obus-de-la-seconde-guerre-a-seraing-CQK472WCYFCCFNUFZXL2F7A7GU/,"Un obus datant de la Seconde Guerre mondiale a explosé mardi aux alentours de 15h50, sans faire de dégâts ni de blessés, à Ougrée (province de Liège)....",2026-08-25T16:09:49Z,2026-08-28T14:03:52.325895Z,2026-08-28T14:03:16.960170Z,Belgique,new,1
19089db070fb32a87b85f37b,de_standaard,De Standaard,news_media,national,Belgique,editorial_media,mixed_paywall,de_standaard_rss,Binnenland,actualités|presse|Belgique,nl,Sint-Gillis na de zoveelste schietpartij: “Ik heb in een paar dagen twee schietpartijen zien gebeuren. Hoe is dat mogelijk?”,https://www.standaard.be/binnenland/sint-gillis-na-de-zoveelste-schietpartij-ik-heb-in-een-paar-dagen-twee-schietpartijen-zien-gebeuren.-hoe-is-dat-mogelijk/160469826.html,Het blijft kogels regenen in Brussel. Maandagavond werd er liefst achttien keer geschoten. Tussen de kogelputten in het tarmac zoeken buurtbewoners naar antwoorden op het geweld. “Moeten wij buurtbewoners dan een klacht indienen tegen de staat?”,2026-08-25T15:48:25Z,2026-08-28T14:03:52.325895Z,2026-08-28T14:03:17.986125Z,Binnenland,new,1
489e65d37721794587fb5dd5,dhnet,DH Les Sports+,news_media,national,Belgique,editorial_media,mixed_paywall,dhnet_rss,Flux actualités,actualités|presse|Belgique,fr,La nouvelle lubie de Donald Trump: il entend renommer ce grand lac du... Canada!,https://www.dhnet.be/actu/monde/2026/08/25/la-nouvelle-lubie-de-donald-trump-il-entend-renomme-cet-important-lac-du-canada-CHUXK3XWHZHF7J7EGMWOM2FNMU/,"Donald Trump, cible d'attaques virulentes du dirigeant de la province canadienne de l'Ontario, a dit mardi vouloir changer le nom du lac Ontario, frontalier des Etats-Unis et du Canada, en ""lac d'Amérique""....",2026-08-25T15:42:52Z,2026-08-28T14:03:52.325895Z,2026-08-28T14:03:17.464466Z,Monde,new,1
7dbd53ae2a69e1906a63e380,de_standaard,De Standaard,news_media,national,Belgique,editorial_media,mixed_paywall,de_standaard_rss,Binnenland,actualités|presse|Belgique,nl,Vliegtuigbom onschadelijk gemaakt vlak bij Ring rond Gent en E34,https://www.standaard.be/binnenland/vliegtuigbom-onschadelijk-gemaakt-vlak-bij-ring-rond-gent-en-e34/160487169.html,"In het Kloosterbos in Wachtebeke, ten noorden van Gent, is dinsdagmiddag een oude vliegtuigbom onschadelijk gemaakt. De vlakbij gelegen snelweg Knokke-Antwerpen, de Zelzatetunnel en de Ring rond Gent werden enige tijd volledig afgesloten, wat stevige verkeershinder opleverde.",2026-08-25T14:30:00Z,2026-08-28T14:03:52.325895Z,2026-08-28T14:03:17.986125Z,Binnenland,new,1
b597a6021862d18b49224765,la_libre,La Libre Belgique,news_media,national,Belgique,editorial_media,mixed_paywall,la_libre_rss,Flux Belgique,actualités|presse|Belgique,fr,"Incendie dans les Hautes Fagnes: l’origine du feu pourrait avoir été découverte mais il faudra ""plusieurs mois"" avant le ""rapport définitif""",https://www.lalibre.be/belgique/societe/2026/08/25/incendie-dans-les-hautes-fagnes-lorigine-du-feu-pourrait-avoir-ete-decouverte-MCROZAD5BVDPNERX5VTUYJNQDY/,"Le parquet du procureur du Roi de Liège a ouvert une information judiciaire du chef d'incendie involontaire afin de déterminer l'origine des flammes qui ont ravagé la réserve naturelle des Hautes Fagnes, a-t-il rapporté mardi dans un communiqué....",2026-08-25T13:43:07Z,2026-08-28T14:03:52.325895Z,2026-08-28T14:03:16.960170Z,Société,new,1
696183528233db423f73120b,la_libre,La Libre Belgique,news_media,national,Belgique,editorial_media,mixed_paywall,la_libre_rss,Flux Belgique,actualités|presse|Belgique,fr,"Hadja Lahbib et Adrien Dolimont en visite dans les Hautes Fagnes: ""C'est difficile de prendre la parole en voyant ce désastre""",https://www.lalibre.be/belgique/2026/08/25/hadja-lahbib-et-adrien-dolimont-en-visite-dans-les-hautes-fagnes-cest-difficile-de-prendre-la-parole-en-voyant-ce-desastre-6B3DERW4CNHJTOQRF2GR46BWVA/,"Hadja Lahbib s'est rendue mardi dans les Fagnes, accompagnée du ministre-président wallon Adrien Dolimont. La commissaire européenne en charge de la gestion des crises y a notamment rencontré des pompiers, des secouristes, des membres de la protection civile, ainsi que des personnes évacuées....",2026-08-25T13:38:23Z,2026-08-28T14:03:52.325895Z,2026-08-28T14:03:16.960170Z,Belgique,new,1
cef818ef6fc53d570e3de1b1,de_standaard,De Standaard,news_media,national,Belgique,editorial_media,mixed_paywall,de_standaard_rss,Binnenland,actualités|presse|Belgique,nl,Amerikaanse ambassadeur Bill White beroept zich op diplomatieke immuniteit na dagvaarding Friedman,https://www.standaard.be/binnenland/amerikaanse-ambassadeur-bill-white-beroept-zich-op-diplomatieke-immuniteit-na-dagvaarding-friedman/160488576.html,"In het proces dat de Antwerpse rabbijn Moshe Friedman tegen hem heeft aangespannen, zal de Amerikaanse ambassadeur Bill White zich beroepen op zijn diplomatieke onschendbaarheid.",2026-08-25T13:33:28Z,2026-08-28T14:03:52.325895Z,2026-08-28T14:03:17.986125Z,Binnenland,new,1
ddd1955bc8ec789a3a3bde81,la_libre,La Libre Belgique,news_media,national,Belgique,editorial_media,mixed_paywall,la_libre_rss,Flux Belgique,actualités|presse|Belgique,fr,Découverte d'un engin explosif dans un rond point en Flandre: le Sedee le neutralise,https://www.lalibre.be/belgique/2026/08/25/decouverte-dun-engin-explosif-dans-un-rond-point-en-flandre-le-sedee-appele-en-urgence-PQ4IQIWWSREUVCYSPPALXASQNE/,"Le Service d'enlèvement et de destruction d'engins explosifs (Sedee) de l'armée a été appelé en urgence mardi à Zelzate (province de Flandre orientale) après la découverte d'une bombe au rond point Cosmos, selon une information de Het Laatste Nieuws confirmée par la police locale....",2026-08-25T13:05:41Z,2026-08-28T14:03:52.325895Z,2026-08-28T14:03:16.960170Z,Belgique,new,1
887d20545bcf8b9fd8a15c51,de_standaard,De Standaard,news_media,national,Belgique,editorial_media,mixed_paywall,de_standaard_rss,Binnenland,actualités|presse|Belgique,nl,"Tweede lichaam gevonden in Onhaye, hoogstwaarschijnlijk gaat het om vader van Tyméo",https://www.standaard.be/binnenland/tweede-lichaam-gevonden-in-onhaye-hoogstwaarschijnlijk-gaat-het-om-vader-van-tymeo/160453735.html,"In Onhaye (Namen) is een tweede lichaam gevonden in de buurt van waar maandag het lichaam van een kind is gevonden. Volgens het parket van Namen gaat het hoogstwaarschijnlijk om Bryan Brigou (29), de vader van de vermiste Tyméo (5).",2026-08-25T13:00:01Z,2026-08-28T14:03:52.325895Z,2026-08-28T14:03:17.986125Z,Binnenland,new,1
92fc587f65c6133431475b3a,la_libre,La Libre Belgique,news_media,national,Belgique,editorial_media,mixed_paywall,la_libre_rss,Flux Belgique,actualités|presse|Belgique,fr,"Lara Fabian: “Une professeure m’a appris une leçon qui m’accompagne encore aujourd’hui, sur scène comme dans la vie”",https://www.lalibre.be/belgique/enseignement/2026/08/25/lara-fabian-une-professeure-ma-appris-une-lecon-qui-maccompagne-encore-aujourdhui-sur-scene-comme-dans-la-vie-S4L2Z2BTNFBPHJGGDMNDHIEVNU/,"L’auteure-compositrice-interprète, qui sera de retour à Forest national le 12 novembre, garde le souvenir ému d’une professeure dont les mots résonnent toujours en elle aujourd’hui....",2026-08-25T12:34:44Z,2026-08-28T14:03:52.325895Z,2026-08-28T14:03:16.960170Z,Enseignement,new,1
d3e75122b5bd5b968c8590bb,la_libre,La Libre Belgique,news_media,national,Belgique,editorial_media,mixed_paywall,la_libre_rss,Flux Belgique,actualités|presse|Belgique,fr,"Bill White invoquera l'immunité diplomatique dans le procès intenté par Moshe Friedman: ""Personne ne devrait se préoccuper de ce qu'il pense""",https://www.lalibre.be/belgique/judiciaire/2026/08/25/bill-white-invoquera-limmunite-diplomatique-dans-le-proces-intente-par-moshe-friedman-personne-ne-devrait-se-preoccuper-de-ce-quil-pense-M7MS5X37NVDQDG75TPMRI4CNLU/,"L'ambassadeur états-unien en Belgique, Bill White, fera valoir son immunité diplomatique dans le procès qu'a intenté le rabbin anversois Moshe Friedman contre lui, a-t-il indiqué mardi dans une communication officielle. Le rabbin reproche à l'ambassadeur des faits de menaces, extorsion, diffamation et harcèlement....",2026-08-25T11:57:15Z,2026-08-28T14:03:52.325895Z,2026-08-28T14:03:16.960170Z,Judiciaire,new,1
cecf1a12f97534721cfbb8ec,la_libre,La Libre Belgique,news_media,national,Belgique,editorial_media,mixed_paywall,la_libre_rss,Flux Belgique,actualités|presse|Belgique,fr,"Affaire Tyméo et Bryan Brigou à Onhaye: le deuxième corps serait ""vraisemblablement"" celui du père, le procureur dévoile des ""éléments nouveaux""",https://www.lalibre.be/belgique/judiciaire/2026/08/25/affaire-tymeo-et-bryan-brigou-a-onhaye-un-deuxieme-corps-aurait-ete-retrouve-lors-des-battues-DE5TCHTAJJGZBOM2SIBYXM742M/,Le procureur du Roi de Namur a tenu une conférence de presse mardi après-midi pour faire le point sur l'enquête....,2026-08-25T11:24:50Z,2026-08-28T14:03:52.325895Z,2026-08-28T14:03:16.960170Z,Judiciaire,new,1
c808f55092aefaa98a83eb7e,de_lijn,De Lijn,public_company,région,Flandre|Bruxelles,official_public,,de_lijn_press_rss,Flux presse,communiqués|mobilité,nl,Terug naar school? Check vóór 1 september opnieuw je reis,https://delijn.prezly.com/terug-naar-school-check-voor-1-september-opnieuw-je-reis,,2026-08-25T10:30:00Z,2026-08-27T14:54:10.855320Z,2026-08-28T14:03:10.579775Z,,existing,10
4230e45c36988fe23128860b,dhnet,DH Les Sports+,news_media,national,Belgique,editorial_media,mixed_paywall,dhnet_rss,Flux actualités,actualités|presse|Belgique,fr,"""Exceptionnel, traumatisant"": la stupéfaction dans ce village français dévasté par une tornade (VIDÉO)",https://www.dhnet.be/actu/monde/2026/08/25/exceptionnel-traumatisant-la-stupefaction-dans-ce-village-francais-devaste-par-une-tornade-video-TUR4DANCMNFPTEXFIUDDXJHT54/,"Le village de Pomas, dans l'Aude, a été traversé par une tornade qui a fait des dégâts considérables....",2026-08-25T09:42:25Z,2026-08-28T14:03:52.325895Z,2026-08-28T14:03:17.464466Z,Monde,new,1
e61fe2836da4664a942a54fa,la_libre,La Libre Belgique,news_media,national,Belgique,editorial_media,mixed_paywall,la_libre_rss,Flux Belgique,actualités|presse|Belgique,fr,Belgique: plusieurs centaines de personnes malades après avoir consommé des œufs contaminés par la salmonelle,https://www.lalibre.be/planete/sante/2026/08/25/belgique-plusieurs-centaines-de-personnes-malades-apres-avoir-consomme-des-oeufs-contamines-par-la-salmonelle-3EBBTZO3XVCRDBYKTCDF5FIRXE/,"Au moins 306 personnes en Belgique sont tombées malades après avoir consommé des œufs contaminés par la salmonelle, a confirmé l'Agence fédérale pour la sécurité de la chaîne alimentaire (Afsca) mardi. Le producteur Laerco a déjà suspendu sa production, tandis que les œufs font l'objet d'un rappel dans plusieurs pays européens....",2026-08-25T09:30:59Z,2026-08-28T14:03:52.325895Z,2026-08-28T14:03:16.960170Z,Santé,new,1
b67b5effd19552d6c3155638,la_libre,La Libre Belgique,news_media,national,Belgique,editorial_media,mixed_paywall,la_libre_rss,Flux Belgique,actualités|presse|Belgique,fr,"""Ces images sont sidérantes"": Une séquence montrant le bourgmestre de Saint-Gilles face à des dealers crée l'émoi, le monde politique réagit",https://www.lalibre.be/belgique/politique-belge/2026/08/25/ces-images-sont-siderantes-une-sequence-montrant-le-bourgmestre-de-saint-gilles-face-a-des-dealers-cree-lemoi-le-monde-politique-reagit-YUTD75D6JRDG5B44I6SWYGULGE/,"Un tournage de nos confrères de la RTBF n’est pas passé inaperçu. Depuis, les critiques s’enchaînent....",2026-08-25T09:23:40Z,2026-08-28T14:03:52.325895Z,2026-08-28T14:03:16.960170Z,Politique belge,new,1
28de2a0b656567522f9305c1,la_libre,La Libre Belgique,news_media,national,Belgique,editorial_media,mixed_paywall,la_libre_rss,Flux Belgique,actualités|presse|Belgique,fr,"Dominique Alderweireld, alias Dodo la Saumure, est décédé",https://www.lalibre.be/international/europe/2026/08/25/dominique-alderweireld-alias-dodo-la-saumure-est-decede-E4MRZMEVP5HVHMJL32KIUBXGMI/,L'ancien proxénète avait 77 ans....,2026-08-25T09:07:07Z,2026-08-28T14:03:52.325895Z,2026-08-28T14:03:16.960170Z,Europe,new,1
9fe06abcf844e5fd116be508,la_libre,La Libre Belgique,news_media,national,Belgique,editorial_media,mixed_paywall,la_libre_rss,Flux Belgique,actualités|presse|Belgique,fr,Disparition du petit Tyméo: une battue en cours pour retrouver Bryan Brigou à Onhaye,https://www.lalibre.be/belgique/judiciaire/2026/08/25/disparition-du-petit-tymeo-une-battue-en-cours-pour-retrouver-bryan-brigou-a-onhaye-L4BWVLPE7JCMRF4RGV7GMUK7XE/,"Les recherches pour retrouver Bryan Brigou, disparu depuis le 27 juin avec son fils Tyméo de cinq ans, ont repris mardi matin à Onhaye. Une battue est en cours, confirme le bourgmestre Christophe Bastin....",2026-08-25T08:16:41Z,2026-08-28T14:03:52.325895Z,2026-08-28T14:03:16.960170Z,Judiciaire,new,1
710516b4aaf35b40f78a0e28,la_libre,La Libre Belgique,news_media,national,Belgique,editorial_media,mixed_paywall,la_libre_rss,Flux Belgique,actualités|presse|Belgique,fr,"Violences liées à la drogue: ""Les tirs sont le signe que nous devons poursuivre notre lutte"", estime Bernard Quintin",https://www.lalibre.be/belgique/politique-belge/2026/08/25/violences-liees-a-la-drogue-les-tirs-sont-le-signe-que-nous-devons-poursuivre-notre-lutte-estime-bernard-quintin-NYMQHIZ63NBYPKJTPEM4PF7XLU/,"Les nombreux coups de feu enregistrés ces derniers jours à Bruxelles sont ""le signe que nous devons poursuivre avec détermination notre lutte contre la criminalité liée à la drogue"", a déclaré le ministre de l'Intérieur, Bernard Quintin, mardi, dans l'émission 'De Ochtend' sur Radio 1....",2026-08-25T07:35:38Z,2026-08-28T14:03:52.325895Z,2026-08-28T14:03:16.960170Z,Politique belge,new,1
3861c354bb4dcec38a97999c,la_libre,La Libre Belgique,news_media,national,Belgique,editorial_media,mixed_paywall,la_libre_rss,Flux Belgique,actualités|presse|Belgique,fr,"LinkedIn utilisé à des fins détournées: ""Notre priorité est de garantir la sécurité de nos utilisateurs""",https://www.lalibre.be/lifestyle/2026/08/25/nous-savions-que-nous-voulions-devenir-un-couple-de-chefs-linkedin-utilise-a-des-fins-detournees-UULMLZ4F7VFZVIIAM3GH33TYYI/,Personne ne l’avait vu venir mais LinkedIn prend un nouvel aspect. La plateforme professionnelle deviendrait une nouvelle forme de site de rencontre....,2026-08-25T07:34:53Z,2026-08-28T14:03:52.325895Z,2026-08-28T14:03:16.960170Z,Magazine,new,1
9dc26d5ad3a25d2dd29cd1ea,groen_party,Groen,political_party,national,Belgique,political_actor,,groen_party_rss,Flux des actualités,actualités|communiqués|réformes,nl,"Groen wil maximumfactuur in het secundair onderwijs: ""Je portemonnee mag nooit je studierichting bepalen""",http://www.groen.be/maximumfactuur_secundaironderwijs,"Leerkrachten proberen nu elke dag creatieve oplossingen te zoeken zodat geld geen drempel vormt. Maar die verantwoordelijkheid ligt niet bij hen, die ligt bij de Vlaamse regering. Onderwijs is de belangrijkste hefboom om kinderen alle kansen te geven en uit armoede te tillen, maar dan moeten we wel de drempels die er zijn wegwerken.",2026-08-25T07:17:00Z,2026-08-28T08:54:25.212346Z,2026-08-28T14:03:12.642343Z,,existing,6
65903f60029927dc6e4fe48c,la_libre,La Libre Belgique,news_media,national,Belgique,editorial_media,mixed_paywall,la_libre_rss,Flux Belgique,actualités|presse|Belgique,fr,Les Belges n'ont jamais autant joué aux jeux vidéo: voici le temps moyen qu'ils passent à jouer chaque semaine,https://www.lalibre.be/economie/digital/2026/08/25/les-belges-nont-jamais-autant-joue-aux-jeux-video-voici-le-temps-moyen-quils-passent-a-jouer-chaque-semaine-CIUFKSLCKFCWHJEW34MX2IN6MA/,"Selon une étude, le Belge joue en moyenne 8h55 par semaine aux jeux vidéo....",2026-08-25T05:41:56Z,2026-08-28T14:03:52.325895Z,2026-08-28T14:03:16.960170Z,Digital,new,1
590d3bf190a7eb8c7fa053c0,la_libre,La Libre Belgique,news_media,national,Belgique,editorial_media,mixed_paywall,la_libre_rss,Flux Belgique,actualités|presse|Belgique,fr,Météo: ciel changeant à très nuageux,https://www.lalibre.be/belgique/societe/2026/08/25/meteo-ciel-changeant-a-tres-nuageux-DNTXN5IH4FDY7IEICVMQELQHEE/,"Mardi, le ciel sera changeant à très nuageux avec, au cours de la journée, des averses (orageuses) sur le sud-est principalement, selon les prévisions de l'Institut royal météorologique. Le temps sera sec dans l'ouest et plus ensoleillé. Les maxima seront compris entre 17 et 25 degrés....",2026-08-25T05:18:00Z,2026-08-28T14:03:52.325895Z,2026-08-28T14:03:16.960170Z,Société,new,1
36dd451fa803b0def9f15426,la_libre,La Libre Belgique,news_media,national,Belgique,editorial_media,mixed_paywall,la_libre_rss,Flux Belgique,actualités|presse|Belgique,fr,Les enseignants mieux protégés par le nouveau Code pénal? “C’est donner beaucoup de crédit à l’aspect dissuasif de la peine”,https://www.lalibre.be/belgique/2026/08/25/les-enseignants-mieux-proteges-par-le-nouveau-code-penal-cest-donner-beaucoup-de-credit-a-laspect-dissuasif-de-la-peine-HKCBTZZ4LBDEJDODG3H5LCGS4E/,"Le nouveau Code pénal entre en vigueur ce 1er septembre. Il intègre le personnel de l’enseignement parmi les “fonctions sociétales”. En cas d’agression sur un enseignant, le niveau de peine sera donc plus lourd. “C’est du droit symbolique”, estime cependant Marie-Aude Beernaert, professeure de droit pénal....",2026-08-25T04:33:53Z,2026-08-28T14:03:52.325895Z,2026-08-28T14:03:16.960170Z,Belgique,new,1
b820267eb9384385ced75c02,la_libre,La Libre Belgique,news_media,national,Belgique,editorial_media,mixed_paywall,la_libre_rss,Flux Belgique,actualités|presse|Belgique,fr,"”Aujourd’hui, à Bruxelles, on n’est pas à l’abri de se prendre une balle”",https://www.lalibre.be/belgique/judiciaire/2026/08/25/aujourdhui-a-bruxelles-on-nest-pas-a-labri-de-se-prendre-une-balle-PQVP3TWYQVGVVF5YK5ZYUQH4AM/,"Les violences liées au trafic de drogues se multiplient dans la capitale. Le ministre-Président, Boris Dilliès (MR), et le bourgmestre de Saint-Gilles, Jean-Spinette (PS) plaident pour une union des différents niveaux de pouvoirs, tous partis politiques confondus....",2026-08-25T04:32:23Z,2026-08-28T14:03:52.325895Z,2026-08-28T14:03:16.960170Z,Judiciaire,new,1
b359cb68bf776dd85fc9fdb8,la_libre,La Libre Belgique,news_media,national,Belgique,editorial_media,mixed_paywall,la_libre_rss,Flux Belgique,actualités|presse|Belgique,fr,"Jean Spinette: “Certains traitent les bourgmestres de 'klettes', mais c’est la N-VA qui a fermé des milliers de places d’accueil de migrants”",https://www.lalibre.be/belgique/societe/2026/08/25/jean-spinette-certains-traitent-les-bourgmestres-de-klettes-mais-cest-la-n-va-qui-a-ferme-des-milliers-de-places-daccueil-de-migrants-OKHD35UPONALJFV5SUGSMZJNDY/,"Jean Spinette (PS), bourgmestre de Saint-Gilles, incrimine la politique fédérale d’accueil des migrants, qui deviennent ensuite “des victimes potentielles du recrutement dans les filières” de trafic de drogue....",2026-08-25T04:31:46Z,2026-08-28T14:03:52.325895Z,2026-08-28T14:03:16.960170Z,Société,new,1
09c80e96459a2b5f00fa5eb3,de_standaard,De Standaard,news_media,national,Belgique,editorial_media,mixed_paywall,de_standaard_rss,Binnenland,actualités|presse|Belgique,nl,Kempens kippenbedrijf aan basis van grote salmonella-uitbraak,https://www.standaard.be/binnenland/kempens-kippenbedrijf-aan-basis-van-grote-salmonella-uitbraak/160457977.html,Door een salmonella-uitbraak in een Belgisch pluimveebedrijf zijn de voorbije maanden minstens 300 mensen ziek geworden en zijn terugroepacties van eieren opgestart in een tiental landen.,2026-08-24T21:59:00Z,2026-08-28T14:03:52.325895Z,2026-08-28T14:03:17.986125Z,Binnenland,new,1
e6869c6d267d7b0197b74737,de_standaard,De Standaard,news_media,national,Belgique,editorial_media,mixed_paywall,de_standaard_rss,Binnenland,actualités|presse|Belgique,nl,Scholen perken zelf gunsten voor vastbenoemde leerkrachten in,https://www.standaard.be/binnenland/scholen-perken-zelf-gunsten-voor-vastbenoemde-leerkrachten-in/160427525.html,"In afwachting van een onderwijspact halen scholen zelf de teugels aan. Zo maken ze het moeilijker voor leerkrachten om enkele jaren elders te gaan lesgeven, of zelfs een andere job uit te oefenen, zonder hun benoeming te verliezen.",2026-08-24T21:59:00Z,2026-08-28T14:03:52.325895Z,2026-08-28T14:03:17.986125Z,Binnenland,new,1
78ccbffa80a8bfac903b85ad,de_standaard,De Standaard,news_media,national,Belgique,editorial_media,mixed_paywall,de_standaard_rss,Binnenland,actualités|presse|Belgique,nl,Tine Joris rouwde twee jaar om haar vermiste vader: “Ik had niet verwacht dat het nieuws zoveel rust zou brengen”,https://www.standaard.be/binnenland/tine-joris-rouwde-twee-jaar-om-haar-vermiste-vader-ik-had-niet-verwacht-dat-het-nieuws-zoveel-rust-zou-brengen/160108566.html,In september 2024 verdween Mark Joris tijdens een trektocht door Albanië en Noord-Macedonië. Na twee jaar onzekerheid werden eind juli zijn stoffelijke resten gevonden. Dochter Tine Joris vertelt over haar rouwproces: “Ik had niet verwacht dat het nieuws zoveel rust zou brengen.”,2026-08-24T21:59:00Z,2026-08-28T14:03:52.325895Z,2026-08-28T14:03:17.986125Z,Binnenland,new,1
b10ea219aafec1d04cb05f91,la_libre,La Libre Belgique,news_media,national,Belgique,editorial_media,mixed_paywall,la_libre_rss,Flux Belgique,actualités|presse|Belgique,fr,"""L’ambassadeur intervient dans un domaine où il n’a rien à dire"": L’UGent au centre d’une guerre culturelle animée par les proches de Trump",https://www.lalibre.be/belgique/enseignement/2026/08/24/lambassadeur-intervient-dans-un-domaine-ou-il-na-rien-a-dire-lugent-au-centre-dune-guerre-culturelle-animee-par-les-proches-de-trump-UYE6OJWBFRHSBCUYPZFYV7O4NU/,"L’historien Serge Jaumain (ULB) décrypte le message incendiaire de l’ambassadeur américain en Belgique dans l’affaire Cofnas à l’encontre de l’UGent, et le contexte dans lequel il intervient....",2026-08-24T17:00:06Z,2026-08-28T14:03:52.325895Z,2026-08-28T14:03:16.960170Z,Enseignement,new,1
390cdd9cb489b19d526ca3c3,la_libre,La Libre Belgique,news_media,national,Belgique,editorial_media,mixed_paywall,la_libre_rss,Flux Belgique,actualités|presse|Belgique,fr,"Après l’incendie dans les Hautes Fagnes, plusieurs routes rouvrent ce mardi: voici ce qui change",https://www.lalibre.be/belgique/societe/2026/08/24/apres-lincendie-dans-les-hautes-fagnes-plusieurs-routes-rouvrent-ce-mardi-voici-ce-qui-change-HHBIFHYNONBEFF4XV7MYAD5BI4/,"Après plusieurs jours de fortes restrictions, un premier retour à la normale se profile dans la région....",2026-08-24T16:30:36Z,2026-08-28T14:03:52.325895Z,2026-08-28T14:03:16.960170Z,Société,new,1
6ab15aced4e52a3b1d1f7f1d,la_libre,La Libre Belgique,news_media,national,Belgique,editorial_media,mixed_paywall,la_libre_rss,Flux Belgique,actualités|presse|Belgique,fr,"""Le corps retrouvé n'est pas formellement identifié, mais les éléments laissent penser qu'il s'agit de Tyméo"", annonce le parquet",https://www.lalibre.be/belgique/judiciaire/2026/08/24/vaste-operation-policiere-a-onhaye-le-corps-dun-enfant-retrouve-G66L4YIL3FFHRCDMYXL5WROZH4/,"Le corps sans vie découvert lundi à Onhaye serait bien celui du petit Tyméo, un enfant de 5 ans porté disparu depuis le 27 juin, a indiqué dans la soirée le parquet de Namur. Le père de l'enfant, Bryan Brigou, avec qui il était au moment de sa disparition, reste recherché....",2026-08-24T14:45:12Z,2026-08-28T14:03:52.325895Z,2026-08-28T14:03:16.960170Z,Judiciaire,new,1
98396e19ad218ac859169570,de_standaard,De Standaard,news_media,national,Belgique,editorial_media,mixed_paywall,de_standaard_rss,Binnenland,actualités|presse|Belgique,nl,"Taartengooier Noël Godin (80), die onder meer Bill Gates en Michael O’Leary te grazen nam, overleden",https://www.standaard.be/binnenland/taartengooier-noel-godin-80-die-onder-meer-bill-gates-en-michael-oleary-te-grazen-nam-overleden/160439822.html,De Brusselse taartengooier Noël Godin is zondag op tachtigjarige leeftijd overleden. Dat heeft zijn echtgenote Sylvie Broodthaers bevestigd aan persagentschap Belga.,2026-08-24T13:32:00Z,2026-08-28T14:03:52.325895Z,2026-08-28T14:03:17.986125Z,Binnenland,new,1
7648ae2491b656b1eacbb98d,groen_party,Groen,political_party,national,Belgique,political_actor,,groen_party_rss,Flux des actualités,actualités|communiqués|réformes,nl,"Groen steunt oproep Natuurpunt: ""Besparen op natuur is gewoon oerdom""",http://www.groen.be/groen-steunt-oproep-natuurpunt,"""Iedereen wil graag natuur op wandelafstand, en het is bittere noodzaak in tijden van klimaatcrisis""",2026-08-24T10:50:00Z,2026-08-28T08:54:25.212346Z,2026-08-28T14:03:12.642343Z,,existing,6
bbd914c670c63c3801126c1e,federal_press,Presscenter fédéral,institution,fédéral,Belgique,official_public,,federal_rss,Flux de tous les communiqués,communiqués,fr,Résultats de l'adjudication OLO du 24 août 2026,https://news.belgium.be/fr/resultats-de-ladjudication-olo-du-24-aout-2026,L'Agence fédérale de la Dette communique qu'elle a accepté les offres à l'adjudication de ce jour pour un montant total de EUR 3.011 milliards. Ce montant est réparti sur les lignes de la façon suivante:,2026-08-24T10:15:49Z,2026-08-27T14:54:10.855320Z,2026-08-28T14:03:11.090030Z,,existing,9
a1abee86a3601d938cf90e4d,federal_press,Presscenter fédéral,institution,fédéral,Belgique,official_public,,federal_rss,Flux de tous les communiqués,communiqués,fr,Bons d'État 4 septembre 2026 - Coupons,https://news.belgium.be/fr/bons-detat-4-septembre-2026-coupons,Communiqué de presse de l'Agence Fédérale de la Dette,2026-08-24T10:03:54Z,2026-08-27T14:54:10.855320Z,2026-08-28T14:03:11.090030Z,,existing,9
1820fea4fa1c1071a056a3d4,federal_press,Presscenter fédéral,institution,fédéral,Belgique,official_public,,federal_rss,Flux de tous les communiqués,communiqués,fr,Le SPF Finances gère 680.000 cessions et saisies actives: un remboursement d’impôt n’est pas toujours versé directement au contribuable.,https://news.belgium.be/fr/le-spf-finances-gere-680000-cessions-et-saisies-actives-un-remboursement-dimpot-nest-pas-toujours,"De nombreux citoyens et entreprises partent du principe qu’un remboursement d’impôt est automatiquement versé sur leur propre compte bancaire. Ce n’est toutefois pas toujours le cas. Lorsqu’un contribuable a cédé une créance à un créancier, ou lorsqu’une saisie a été pratiquée, un remboursement d’impôt peut être versé, en tout ou en partie, à ce créancier.Le SPF Finances souhaite mieux informer les citoyens et les entreprises sur ce mécanisme. Les chiffres montrent également qu’il s’agit d’une mission importante et souvent peu visible assumée par l’administration.",2026-08-24T09:49:58Z,2026-08-27T14:54:10.855320Z,2026-08-28T14:03:11.090030Z,,existing,9
b38a2d9384b5356bfe9517a8,groen_party,Groen,political_party,national,Belgique,political_actor,,groen_party_rss,Flux des actualités,actualités|communiqués|réformes,nl,2026 dreigt traagste jaar ooit te worden voor windenergie op land,http://www.groen.be/windenergie-land-2026,"""Amper 2 nieuwe windturbines in de eerste helft van het jaar, en dat terwijl we de gevolgen van de klimaatcrisis aan de levende lijve ondervinden""",2026-08-24T09:40:07Z,2026-08-28T08:54:25.212346Z,2026-08-28T14:03:12.642343Z,,existing,6
c325d910fb881e7ea420d0e1,groen_party,Groen,political_party,national,Belgique,political_actor,,groen_party_rss,Flux des actualités,actualités|communiqués|réformes,nl,Toenemende leegstand ondermijnt uitbreiding sociaal woonaanbod,http://www.groen.be/toenemende-leegstand,"Hoewel er in 2025 op papier 1.282 sociale woningen werden toegevoegd aan het aanbod in Vlaanderen, bleef de netto toename steken op 112 woningen.",2026-08-24T09:36:50Z,2026-08-28T08:54:25.212346Z,2026-08-28T14:03:12.642343Z,,existing,6
788ab7c79bbf9be666811cfe,de_standaard,De Standaard,news_media,national,Belgique,editorial_media,mixed_paywall,de_standaard_rss,Binnenland,actualités|presse|Belgique,nl,Opnieuw twee schietpartijen in Brussel afgelopen nacht,https://www.standaard.be/binnenland/opnieuw-twee-schietpartijen-in-brussel-afgelopen-nacht/160420533.html,De hoofdstad is in de nacht van zondag op maandag opnieuw opgeschrikt door twee schietpartijen. Daarbij viel telkens een gewonde. De politie kon twee verdachten oppakken.,2026-08-24T09:31:32Z,2026-08-28T14:03:52.325895Z,2026-08-28T14:03:17.986125Z,Binnenland,new,1
00f786ddc3ef243493208675,de_standaard,De Standaard,news_media,national,Belgique,editorial_media,mixed_paywall,de_standaard_rss,Binnenland,actualités|presse|Belgique,nl,Schoollaptops veel duurder dan Demirs richtprijs: “Referentieprijzen zijn onhaalbaar”,https://www.standaard.be/binnenland/schoollaptops-veel-duurder-dan-demirs-richtprijs-referentieprijzen-zijn-onhaalbaar/160415061.html,"Twee op de drie middelbare scholen geven in een bevraging van het Nieuwsblad aan dat ouders meer moeten betalen dan de prijzen die de overheid vastlegde voor schoollaptops. Veel scholen zeggen dat ze niet anders kunnen. “Het idee van referentieprijzen was gedoemd om te mislukken”, zegt de vereniging van ICT-coördinatoren.",2026-08-24T09:30:00Z,2026-08-28T14:03:52.325895Z,2026-08-28T14:03:17.986125Z,Binnenland,new,1
8d5b7ad6866cd8f57ea978dd,dhnet,DH Les Sports+,news_media,national,Belgique,editorial_media,mixed_paywall,dhnet_rss,Flux actualités,actualités|presse|Belgique,fr,La cagnotte de soutien à Grégory Lenoci est-elle légale? Près de 85 000 euros ont déjà été récoltés,https://www.dhnet.be/actu/faits/2026/08/24/pres-de-65000-euros-recoltes-via-une-cagnotte-en-soutien-a-gregory-lenoci-condamne-pour-avoir-quasi-tue-son-voisin-accuse-de-pedophilie-D5MWUY64FFAGVFZDMA3JCKPT4Y/,"Quatre jours à peine après la condamnation de Grégory Lenoci à 17 ans de prison, une cagnotte de soutien a déjà récolté près de 85 000 euros. Il a été reconnu coupable de tentative d’assassinat....",2026-08-24T09:00:32Z,2026-08-28T14:03:52.325895Z,2026-08-28T14:03:17.464466Z,Faits divers,new,1
02fbfadb7883421ea30c0450,de_standaard,De Standaard,news_media,national,Belgique,editorial_media,mixed_paywall,de_standaard_rss,Binnenland,actualités|presse|Belgique,nl,Laatste elf bomen in Deurne-Zuid geveld ondanks buurtprotest,https://www.standaard.be/binnenland/laatste-elf-bomen-in-deurne-zuid-geveld-ondanks-buurtprotest/160413043.html,In het Antwerpse Deurne-Zuid zijn alle elf overblijvende bomen maandagochtend tegen de vlakte gegaan. De politie was massaal aanwezig. “De wereld staat in brand en in onze straat kappen ze bomen. Onbegrijpelijk.”,2026-08-24T08:06:08Z,2026-08-28T14:03:52.325895Z,2026-08-28T14:03:17.986125Z,Binnenland,new,1
464f988a28cf7f9a6aef2607,rwlp,Réseau wallon de lutte contre la pauvreté,civil_society,région,Wallonie,civil_society,,rwlp_rss,Flux des actualités,actualités|pauvreté|réformes,fr,"« C’est un obstacle pour l’accès au travail et à la formation, mais aussi pour tous les autres besoins! »",https://rwlp.be/cest-un-obstacle-pour-lacces-au-travail-et-a-la-formation-mais-aussi-pour-tous-les-autres-besoins/,"Le leasing social, soutenu par l’Europe, pourrait permettre à certains ménages aux revenus modestes d’accéder à une voiture électrique pour un coût réduit. Expérimenté en France depuis 2024, le dispositif connaît un succès important, mais soulève aussi de nombreuses questions quant à son financement, son accessibilité et sa capacité à répondre réellement aux besoins des ménages les plus précarisés. En Belgique, le dispositif commence également à s’imposer dans le débat politique. En Flandre, 14 organisations demandent notamment son intégration au Plan social climat régional. Du côté…",2026-08-24T07:32:10Z,2026-08-28T08:54:25.212346Z,2026-08-28T14:03:15.231724Z,Presse,existing,6
04e9ea3561c21e8147af1beb,la_libre,La Libre Belgique,news_media,national,Belgique,editorial_media,mixed_paywall,la_libre_rss,Flux Belgique,actualités|presse|Belgique,fr,"Adrien Devyver: “J’étais un élève de primaire très calme et timide. Mais dès l’adolescence, j’ai commencé à perturber la classe et à être impertinent”",https://www.lalibre.be/belgique/enseignement/2026/08/24/adrien-devyver-jetais-un-eleve-de-primaire-tres-calme-et-timide-mais-des-ladolescence-jai-commence-a-perturber-la-classe-et-a-etre-impertinent-TEDCUCPQSZEJLP5S6S4CAJ5TWU/,Le journaliste et animateur à la RTBF Adrien Devyver se confie sur son parcours scolaire marqué par un TDAH qui mettra longtemps à être diagnostiqué....,2026-08-24T04:33:31Z,2026-08-28T14:03:52.325895Z,2026-08-28T14:03:16.960170Z,Enseignement,new,1
aa9c8dcc1545c1fff0890db6,de_standaard,De Standaard,news_media,national,Belgique,editorial_media,mixed_paywall,de_standaard_rss,Binnenland,actualités|presse|Belgique,nl,Eerste vijf maanden dit jaar kwamen er slechts twee windmolens bij in Vlaanderen,https://www.standaard.be/binnenland/eerste-vijf-maanden-dit-jaar-kwamen-er-slechts-twee-windmolens-bij-in-vlaanderen/160404178.html,"Tussen 1 januari en 1 juni zijn er in Vlaanderen amper twee windmolens bijgekomen. Een nieuw dieptepunt in de daling die al enkele jaren bezig is. “De beste plaatsen zijn stilaan allemaal ingenomen”, zegt energie-expert Joannes Laveyne.",2026-08-23T21:59:00Z,2026-08-28T14:03:52.325895Z,2026-08-28T14:03:17.986125Z,Binnenland,new,1
e248f068ca4a8ebd8248de1d,de_standaard,De Standaard,news_media,national,Belgique,editorial_media,mixed_paywall,de_standaard_rss,Binnenland,actualités|presse|Belgique,nl,Onderwijs door de ogen van Bockie De Repper: “De werkdruk op kinderen is crazy”,https://www.standaard.be/binnenland/onderwijs-door-de-ogen-van-bockie-de-repper-de-werkdruk-op-kinderen-is-crazy/160223827.html,"Jonas Van Boxstael, alias Bockie De Repper, volgt voor een nieuw tv-programma voor de derde keer het vijfde middelbaar. Als 42-jarige man met een baard kijkt hij op de schoolbanken naar de jeugd en zijn verleden. “Een dag op school is één grote prikkel.”",2026-08-23T21:59:00Z,2026-08-28T14:03:52.325895Z,2026-08-28T14:03:17.986125Z,Binnenland,new,1
9027666b428b43ab6507db10,de_standaard,De Standaard,news_media,national,Belgique,editorial_media,mixed_paywall,de_standaard_rss,Binnenland,actualités|presse|Belgique,nl,Exoot moet dood? Kwaadheid in Kalmthout over oude Amerikaanse eik die weg moet: “In droge tijden moeten we keuzes maken”,https://www.standaard.be/binnenland/exoot-moet-dood-kwaadheid-in-kalmthout-over-oude-amerikaanse-eik-die-weg-moet-in-droge-tijden-moeten-we-keuzes-maken/160212250.html,Een Amerikaanse eik op de Kalmthoutse heide moet eraan. De kostbare heidenatuur kan beter floreren zonder dat de exoot haar voedingsstoffen wegslurpt. Maar de inwoners van Kalmthout en de burgemeester zijn er niet blij mee. “Waarom moet die boom ineens dood?”,2026-08-23T21:59:00Z,2026-08-28T14:03:52.325895Z,2026-08-28T14:03:17.986125Z,Binnenland,new,1
c60dc2d88be1cfb4cab7247e,de_standaard,De Standaard,news_media,national,Belgique,editorial_media,mixed_paywall,de_standaard_rss,Binnenland,actualités|presse|Belgique,nl,"Almaar meer schietpartijen in Brussel, almaar driester geweld",https://www.standaard.be/binnenland/almaar-meer-schietpartijen-in-brussel-almaar-driester-geweld/160394195.html,"Een schutter opende het vuur op het Anderlechtse politiecommissariaat, een man werd in het been geschoten op een terras en een kogel belandde in een slaapkamer. Brussel beleefde een weekend vol driest geweld. Maar op meer middelen in de strijd tegen drugsgeweld blijft het wachten.",2026-08-23T18:40:00Z,2026-08-28T14:03:52.325895Z,2026-08-28T14:03:17.986125Z,Binnenland,new,1
89f3ddd84b5b1bc5b851333c,de_standaard,De Standaard,news_media,national,Belgique,editorial_media,mixed_paywall,de_standaard_rss,Binnenland,actualités|presse|Belgique,nl,Westnijlvirus duikt nu ook in Vlaanderen op: “Probeer muggenbeten te voorkomen”,https://www.standaard.be/binnenland/westnijlvirus-duikt-nu-ook-in-vlaanderen-op-probeer-muggenbeten-te-voorkomen/160405304.html,Testen bij vogels en een paard tonen dat het westnijlvirus opduikt in de regio rond Mechelen. Momenteel is er “geen reden tot grote bezorgdheid”. In Noord-Macedonië kostte het virus aan vijf mensen het leven.,2026-08-23T18:32:08Z,2026-08-28T14:03:52.325895Z,2026-08-28T14:03:17.986125Z,Binnenland,new,1
1ff80289cfdc67b6e286b4de,la_libre,La Libre Belgique,news_media,national,Belgique,editorial_media,mixed_paywall,la_libre_rss,Flux Belgique,actualités|presse|Belgique,fr,"Charge de cours de 22 heures, tronc commun en 1re secondaire, “gratuité” étendue…: ce qui change pour les élèves et les enseignants à la rentrée",https://www.lalibre.be/belgique/enseignement/2026/08/23/charge-de-cours-de-22-heures-tronc-commun-en-1re-secondaire-gratuite-scolaire-etendue-ce-qui-change-dans-les-ecoles-a-la-rentree-GNG5TKCIF5FWLEAX7R6MVEXDQ4/,"Plus que d’autres, cette rentrée scolaire s’accompagne de nombreux changements, parmi lesquels certains ont suscité de vives protestations de la part du monde enseignant....",2026-08-23T15:36:31Z,2026-08-28T14:03:52.325895Z,2026-08-28T14:03:16.960170Z,Enseignement,new,1
2c85fbf7823a4ba8187be5a1,de_standaard,De Standaard,news_media,national,Belgique,editorial_media,mixed_paywall,de_standaard_rss,Binnenland,actualités|presse|Belgique,nl,Opnieuw gevuurd in Sint-Gillis: kogel belandt in raam van woning,https://www.standaard.be/binnenland/opnieuw-gevuurd-in-sint-gillis-kogel-belandt-in-raam-van-woning/160386001.html,In Sint-Gillis is zondagochtend een schot gelost ter hoogte van de Hallepoort. De kogel kwam terecht in een raam van een woning in de Fontainasstraat. Het is het tweede schietincident in de Brusselse gemeente in minder dan 24 uur tijd. Zaterdagavond raakte een man gewond door een kogel.,2026-08-23T12:25:00Z,2026-08-28T14:03:52.325895Z,2026-08-28T14:03:17.986125Z,Binnenland,new,1
3179e7ff5a6a2518550aef10,la_libre,La Libre Belgique,news_media,national,Belgique,editorial_media,mixed_paywall,la_libre_rss,Flux Belgique,actualités|presse|Belgique,fr,Pourquoi le lapin à la gueuze est l’un des plats les plus bruxellois qui soient,https://www.lalibre.be/belgique/2026/08/23/pourquoi-le-lapin-a-la-gueuze-est-lun-des-plats-les-plus-bruxellois-qui-soient-SUGSZ577HVG7XHG6FPFOJAFR3M/,C’est l’un des plats vedette de la carte du 't Kelderke qui fait le bonheur des touristes en visite à la Grand-Place....,2026-08-23T06:09:14Z,2026-08-28T14:03:52.325895Z,2026-08-28T14:03:16.960170Z,Belgique,new,1
1f0b094b999b4baefa66d88b,de_standaard,De Standaard,news_media,national,Belgique,editorial_media,mixed_paywall,de_standaard_rss,Binnenland,actualités|presse|Belgique,nl,Korpschef Brussel-Zuid na aanslag op politiecommissariaat in Anderlecht: “We laten ons niet intimideren”,https://www.standaard.be/binnenland/korpschef-brussel-zuid-na-aanslag-op-politiecommissariaat-in-anderlecht-we-laten-ons-niet-intimideren/160376768.html,"De Brusselse politiezone Zuid neemt extra veiligheidsmaatregelen nadat twee mannen het vuur hebben geopend op een politiekantoor in Anderlecht. Binnen de politiediensten wordt gewezen naar de drugsbendes die cocaïne verkopen in de straten van de gemeente, maar die deze zomer hard aangepakt zijn. “Dit zou erop kunnen wijzen dat we erin slagen om hun werking te verstoren.”",2026-08-22T15:33:37Z,2026-08-28T14:03:52.325895Z,2026-08-28T14:03:17.986125Z,Binnenland,new,1
ac287bdf7a15466ac89d640b,de_standaard,De Standaard,news_media,national,Belgique,editorial_media,mixed_paywall,de_standaard_rss,Binnenland,actualités|presse|Belgique,nl,Man met oorlogswapen opent het vuur op commissariaat van Anderlecht,https://www.standaard.be/binnenland/man-met-oorlogswapen-opent-het-vuur-op-commissariaat-van-anderlecht/160370868.html,Een gangster heeft vrijdagavond met een oorlogswapen op de gevel van het politiecommissariaat in de Brusselse gemeente Anderlecht geschoten. Zijn kompaan filmde van op een afstand hoe hij een regen aan kogels op het politiekantoor afvuurde.,2026-08-22T11:12:00Z,2026-08-28T14:03:52.325895Z,2026-08-28T14:03:17.986125Z,Binnenland,new,1
b18e6bda911e7755f612c05d,mr_party,Mouvement Réformateur,political_party,national,Belgique,political_actor,,mr_party_rss,Flux des actualités,actualités|communiqués|réformes,fr,Rentrée scolaire 2026: remettre l’exigence au cœur de l’école,https://www.mr.be/rentree-scolaire-2026-remettre-lexigence-au-coeur-de-lecole/,"Cette rentrée scolaire marque une nouvelle étape pour notre enseignement. Une rentrée placée sous le signe d’une ambition claire: remettre l’exigence, l’excellence et la réussite de chaque élève au...",2026-08-22T11:10:07Z,2026-08-28T08:54:25.212346Z,2026-08-28T13:40:43.945154Z,A la Une | Enseignement,cached,5
107ca0ada6beb07fe4305a34,defence,Défense belge,institution,fédéral,Belgique|international,official_public,,defence_rss,Flux des actualités,actualités|communiqués,fr,"Le Service Médical: prêt pour nos militaires, nos alliés et pour vous!",https://www.mil.be/fr/news/le-service-medical-pret-pour-nos-militaires-nos-allies-et-pour-vous/,"Déjà variées en temps de paix, les missions du Service Médical s’enrichissent encore en cas de crise en Belgique, ou lors d’un déploiement auprès d’un allié ou à l'échelle internationale. Comment se préparer à des scénarios aussi divers? Aperçu de quelques collaborations militaires et civiles.",2026-08-22T03:11:40Z,2026-08-27T14:54:10.855320Z,2026-08-28T14:03:09.351080Z,,existing,9
cbec0b324d7170803937fbb0,de_standaard,De Standaard,news_media,national,Belgique,editorial_media,mixed_paywall,de_standaard_rss,Binnenland,actualités|presse|Belgique,nl,"Eerst nat, dan droog",https://www.standaard.be/binnenland/eerst-nat-dan-droog/160346033.html,,2026-08-21T21:59:00Z,2026-08-28T14:03:52.325895Z,2026-08-28T14:03:17.986125Z,Binnenland,new,1
361d793fb225c69a0f148461,de_standaard,De Standaard,news_media,national,Belgique,editorial_media,mixed_paywall,de_standaard_rss,Binnenland,actualités|presse|Belgique,nl,Hoe zou het nog zijn met de vrouw die in 2024 elke dag een marathon liep?,https://www.standaard.be/binnenland/hoe-zou-het-nog-zijn-met-de-vrouw-die-in-2024-elke-dag-een-marathon-liep/160334503.html,"Hoe beklijvend ze soms ook zijn, de ‘kleine’ verhalen worden snel weer vergeten. Fotograaf Gert Jochems keert terug naar enkele plekken waar De Standaard om een bijzondere reden eerder op bezoek was.",2026-08-21T21:59:00Z,2026-08-28T14:03:52.325895Z,2026-08-28T14:03:17.986125Z,Binnenland,new,1
51cccdf42bba979599c433f7,de_standaard,De Standaard,news_media,national,Belgique,editorial_media,mixed_paywall,de_standaard_rss,Binnenland,actualités|presse|Belgique,nl,"Reconstructie van de grootste brand ooit in de Hoge Venen: “Eerst leek het een kleine veldbrand, zoals wanneer iemand zijn tuinafval in brand steekt”",https://www.standaard.be/binnenland/reconstructie-van-de-grootste-brand-ooit-in-de-hoge-venen-eerst-leek-het-een-kleine-veldbrand-zoals-wanneer-iemand-zijn-tuinafval-in-brand-steekt/160326816.html,Een week na de uitbraak is de brand in de Hoge Venen onder controle. De bewoners van de geëvacueerde dorpen zijn weer thuis. Maar 3.000 hectare waardevolle veengrond is afgebrand. De gevolgen zullen jaren merkbaar zijn. ‘De Standaard’ sprak met de getuigen van de eerste uren.,2026-08-21T21:59:00Z,2026-08-28T14:03:52.325895Z,2026-08-28T14:03:17.986125Z,Binnenland,new,1
bcc6f8d0b84e4e1dd436630d,mr_party,Mouvement Réformateur,political_party,national,Belgique,political_actor,,mr_party_rss,Flux des actualités,actualités|communiqués|réformes,fr,"Incendie des Fagnes: en commission de l’Intérieur, Victoria Vandeberg dénonce « l’indécence » de la récupération politique autour de cette catastrophe",https://www.mr.be/incendie-des-fagnes-en-commission-de-linterieur-victoria-vandeberg-denonce-lindecence-de-la-recuperation-politique-autour-de-cette-catastrophe/,"Réunie exceptionnellement ce jeudi pour un échange de vues avec le Ministre de l’Intérieur, Bernard Quintin, la commission de l’Intérieur de la Chambre s’est penchée sur les incendies dans les...",2026-08-21T19:00:06Z,2026-08-28T08:54:25.212346Z,2026-08-28T13:31:27.898294Z,Communiqués,cached,4
ed7e3696a3412c0196826305,mr_party,Mouvement Réformateur,political_party,national,Belgique,political_actor,,mr_party_rss,Flux des actualités,actualités|communiqués|réformes,fr,Feux dans les Hautes Fagnes: une mobilisation exceptionnelle,https://www.mr.be/feux-dans-les-hautes-fagnes-une-mobilisation-exceptionnelle/,"Le ministre de la Sécurité et de l’Intérieur, Bernard Quintin, s’est rendu à plusieurs reprises dans la zone touchée par l’incendie dévastateur dans les Hautes Fagnes. Sur le terrain comme...",2026-08-21T18:54:37Z,2026-08-28T08:54:25.212346Z,2026-08-28T09:45:21.242211Z,A la Une | Dans les medias | Sécurité,cached,3
